collision_seed,t_over_tff,n_live,max_m_over_mtotal,e_int_over_e0
20190225,0.004760310058035321,1000,0.001,0.0
20190225,0.009520620116070641,1000,0.001,0.0
20190225,0.014280930174105961,1000,0.001,0.0
20190225,0.019041240232141283,1000,0.001,0.0
20190225,0.023801550290176603,1000,0.001,0.0
20190225,0.028561860348211923,1000,0.001,0.0
20190225,0.03332217040624725,1000,0.001,0.0
20190225,0.038082480464282566,999,0.002,0.00013662206476007337
20190225,0.04284279052231788,999,0.002,0.00013662206476007337
20190225,0.047603100580353205,999,0.002,0.00013662206476007337
20190225,0.05236341063838852,999,0.002,0.00013662206476007337
20190225,0.057123720696423845,999,0.002,0.00013662206476007337
20190225,0.06188403075445917,999,0.002,0.00013662206476007337
20190225,0.0666443408124945,999,0.002,0.00016237880435176325
20190225,0.0714046508705298,999,0.002,0.00016237880435176325
20190225,0.07616496092856513,999,0.002,0.00016237880435176325
20190225,0.08092527098660045,999,0.002,0.00016237880435176325
20190225,0.08568558104463576,999,0.002,0.00016237880435176325
20190225,0.0904458911026711,999,0.002,0.00016237880435176325
20190225,0.09520620116070641,997,0.002,0.00029902731620686933
20190225,0.09996651121874173,997,0.002,0.00029902731620686933
20190225,0.10472682127677704,997,0.002,0.00029902731620686933
20190225,0.10948713133481237,997,0.002,0.00029902731620686933
20190225,0.11424744139284769,996,0.002,0.0003584162393675204
20190225,0.119007751450883,996,0.002,0.0003584162393675204
20190225,0.12376806150891834,996,0.002,0.0003584162393675204
20190225,0.12852837156695365,996,0.002,0.0003584162393675204
20190225,0.133288681624989,995,0.002,0.0005266718564719586
20190225,0.13804899168302429,993,0.002,0.0006299933921684071
20190225,0.1428093017410596,993,0.002,0.0006299933921684071
20190225,0.14756961179909495,993,0.002,0.0006299933921684071
20190225,0.15232992185713026,992,0.002,0.0006801032183977043
20190225,0.15709023191516558,992,0.002,0.0006801032183977043
20190225,0.1618505419732009,992,0.002,0.0006801032183977043
20190225,0.16661085203123624,990,0.002,0.0007749600989687823
20190225,0.17137116208927153,989,0.002,0.0008845810002715058
20190225,0.17613147214730684,989,0.002,0.0008845810002715058
20190225,0.1808917822053422,987,0.002,0.0009693948131161811
20190225,0.1856520922633775,986,0.002,0.001015684049386193
20190225,0.19041240232141282,986,0.002,0.0010248773615315738
20190225,0.19517271237944817,986,0.002,0.0010248773615315738
20190225,0.19993302243748345,986,0.002,0.0010248773615315738
20190225,0.20469333249551877,985,0.002,0.0010599839374893934
20190225,0.2094536425535541,985,0.002,0.0010599839374893934
20190225,0.21421395261158943,985,0.002,0.0010599839374893934
20190225,0.21897426266962475,984,0.002,0.0010964959258202532
20190225,0.22373457272766006,984,0.002,0.0010964959258202532
20190225,0.22849488278569538,984,0.002,0.0010964959258202532
20190225,0.2332551928437307,984,0.002,0.0010964959258202532
20190225,0.238015502901766,982,0.0023557060999587856,0.001070332888946519
20190225,0.24277581295980136,982,0.0023557060999587856,0.001070332888946519
20190225,0.24753612301783667,982,0.0023557060999587856,0.001070332888946519
20190225,0.252296433075872,982,0.0023557060999587856,0.001070332888946519
20190225,0.2570567431339073,982,0.0023557060999587856,0.001070332888946519
20190225,0.26181705319194265,979,0.0023557060999587856,0.001170889401115825
20190225,0.266577363249978,979,0.0023557060999587856,0.001170889401115825
20190225,0.2713376733080133,979,0.0023557060999587856,0.001170889401115825
20190225,0.27609798336604857,978,0.0023557060999587856,0.0012390432693273443
20190225,0.2808582934240839,977,0.0023557060999587856,0.0013116636281673031
20190225,0.2856186034821192,976,0.0023557060999587856,0.0013479083124035836
20190225,0.29037891354015455,975,0.0023557060999587856,0.0014162244298667097
20190225,0.2951392235981899,975,0.0023557060999587856,0.0014162244298667097
20190225,0.2998995336562252,973,0.0023557060999587856,0.0014759031912810862
20190225,0.3046598437142605,973,0.0023557060999587856,0.0014759031912810862
20190225,0.3094201537722958,972,0.0023557060999587856,0.0015067968334349297
20190225,0.31418046383033116,972,0.0023557060999587856,0.0015067968334349297
20190225,0.3189407738883665,972,0.0023557060999587856,0.0015067968334349297
20190225,0.3237010839464018,972,0.0023557060999587856,0.0015067968334349297
20190225,0.32846139400443713,971,0.0023557060999587856,0.001527714571376885
20190225,0.3332217040624725,971,0.0023557060999587856,0.001527714571376885
20190225,0.3379820141205077,969,0.0023557060999587856,0.0016178102876123058
20190225,0.34274232417854306,969,0.0023557060999587856,0.0016178102876123058
20190225,0.3475026342365784,968,0.0023557060999587856,0.0016440516136501894
20190225,0.3522629442946137,967,0.0023557060999587856,0.001672549917727979
20190225,0.35702325435264903,967,0.0023557060999587856,0.001672549917727979
20190225,0.3617835644106844,966,0.0023557060999587856,0.0016955972297252326
20190225,0.36654387446871967,964,0.0023557060999587856,0.0017479098814034567
20190225,0.371304184526755,964,0.0023557060999587856,0.0017479098814034567
20190225,0.37606449458479035,964,0.0023557060999587856,0.0017479098814034567
20190225,0.38082480464282564,964,0.0023557060999587856,0.0017479098814034567
20190225,0.385585114700861,964,0.0023557060999587856,0.0017479098814034567
20190225,0.39034542475889633,964,0.0026788947540321334,0.0019785700383936127
20190225,0.3951057348169316,964,0.0026788947540321334,0.0019785700383936127
20190225,0.3998660448749669,963,0.0026788947540321334,0.002033253294281924
20190225,0.40462635493300225,963,0.0026788947540321334,0.002033253294281924
20190225,0.40938666499103754,963,0.0026788947540321334,0.002033253294281924
20190225,0.4141469750490729,963,0.0026788947540321334,0.0020353410948447267
20190225,0.4189072851071082,963,0.0026788947540321334,0.0020353410948447267
20190225,0.4236675951651435,962,0.0026788947540321334,0.0020575450189555112
20190225,0.42842790522317886,962,0.0026788947540321334,0.0020575450189555112
20190225,0.43318821528121415,962,0.0026788947540321334,0.0020575450189555112
20190225,0.4379485253392495,962,0.0026788947540321334,0.0020575450189555112
20190225,0.44270883539728484,962,0.0026788947540321334,0.0020575450189555112
20190225,0.4474691454553201,962,0.0026788947540321334,0.0020575450189555112
20190225,0.45222945551335547,962,0.0026788947540321334,0.0020575450189555112
20190225,0.45698976557139076,961,0.0026788947540321334,0.0020752633413704817
20190225,0.46175007562942605,960,0.0026788947540321334,0.0020705340643002754
20190225,0.4665103856874614,960,0.0026788947540321334,0.0020705340643002754
20190225,0.47127069574549674,960,0.0026788947540321334,0.0020705340643002754
20190225,0.476031005803532,960,0.0026788947540321334,0.0020705340643002754
20190225,0.48079131586156737,960,0.0026788947540321334,0.0020705340643002754
20190225,0.4855516259196027,960,0.0026788947540321334,0.0020705340643002754
20190225,0.490311935977638,960,0.0026788947540321334,0.0020705340643002754
20190225,0.49507224603567335,960,0.0026788947540321334,0.0020705340643002754
20190225,0.4998325560937087,959,0.0026788947540321334,0.002077572215987036
20190225,0.504592866151744,959,0.0026788947540321334,0.002077572215987036
20190225,0.5093531762097793,958,0.0026788947540321334,0.002091394667140992
20190225,0.5141134862678146,957,0.0026788947540321334,0.002090531920997553
20190225,0.51887379632585,956,0.0026788947540321334,0.0018373755066210828
20190225,0.5236341063838853,956,0.0026788947540321334,0.0018373755066210828
20190225,0.5283944164419206,956,0.0026788947540321334,0.0018373755066210828
20190225,0.533154726499956,956,0.0026788947540321334,0.0018373755066210828
20190225,0.5379150365579912,956,0.0026788947540321334,0.0018373755066210828
20190225,0.5426753466160266,956,0.0026788947540321334,0.0018373755066210828
20190225,0.5474356566740619,956,0.0026788947540321334,0.0018373755066210828
20190225,0.5521959667320971,956,0.0026788947540321334,0.0018373755066210828
20190225,0.5569562767901325,956,0.0026788947540321334,0.0018373755066210828
20190225,0.5617165868481678,956,0.0026788947540321334,0.0018373755066210828
20190225,0.5664768969062031,955,0.0026788947540321334,0.0018546356493512044
20190225,0.5712372069642384,953,0.0026788947540321334,0.0018707969352507758
20190225,0.5759975170222738,953,0.0026788947540321334,0.0018707969352507758
20190225,0.5807578270803091,951,0.0026788947540321334,0.0019444524518567716
20190225,0.5855181371383444,951,0.0026788947540321334,0.0019444524518567716
20190225,0.5902784471963798,951,0.0026788947540321334,0.0019444524518567716
20190225,0.595038757254415,951,0.0026788947540321334,0.0019444524518567716
20190225,0.5997990673124504,951,0.0026788947540321334,0.0019444524518567716
20190225,0.6045593773704857,951,0.0026788947540321334,0.0019444524518567716
20190225,0.609319687428521,951,0.0026788947540321334,0.0019444524518567716
20190225,0.6140799974865564,951,0.0026788947540321334,0.0019444524518567716
20190225,0.6188403075445916,951,0.0026788947540321334,0.0019444524518567716
20190225,0.623600617602627,951,0.0026788947540321334,0.0019444524518567716
20190225,0.6283609276606623,951,0.0026788947540321334,0.0019444524518567716
20190225,0.6331212377186977,951,0.0026788947540321334,0.0019444524518567716
20190225,0.637881547776733,951,0.0026788947540321334,0.0019444524518567716
20190225,0.6426418578347683,951,0.0026788947540321334,0.0019444524518567716
20190225,0.6474021678928036,951,0.0026788947540321334,0.0019444524518567716
20190225,0.6521624779508389,951,0.0026788947540321334,0.0019444524518567716
20190225,0.6569227880088743,951,0.0026788947540321334,0.0019444524518567716
20190225,0.6616830980669096,951,0.0026788947540321334,0.0019444524518567716
20190225,0.666443408124945,951,0.0026788947540321334,0.0019444524518567716
20190225,0.6712037181829802,951,0.0026788947540321334,0.0019444524518567716
20190225,0.6759640282410154,951,0.0026788947540321334,0.0019444524518567716
20190225,0.6807243382990508,951,0.0026788947540321334,0.0019444524518567716
20190225,0.6854846483570861,950,0.0026788947540321334,0.0019474057059586237
20190225,0.6902449584151215,950,0.0026788947540321334,0.0019474057059586237
20190225,0.6950052684731568,950,0.0026788947540321334,0.0019474057059586237
20190225,0.6997655785311921,950,0.0026788947540321334,0.0019474057059586237
20190225,0.7045258885892274,950,0.0026788947540321334,0.0019474057059586237
20190225,0.7092861986472627,950,0.0026788947540321334,0.0019474057059586237
20190225,0.7140465087052981,950,0.0026788947540321334,0.0019474057059586237
20190225,0.7188068187633334,950,0.0026788947540321334,0.0019474057059586237
20190225,0.7235671288213688,950,0.0026788947540321334,0.0019474057059586237
20190225,0.728327438879404,950,0.0026788947540321334,0.0019524388936384013
20190225,0.7330877489374393,950,0.0026788947540321334,0.0019524388936384013
20190225,0.7378480589954747,950,0.0026788947540321334,0.001953630131380255
20190225,0.74260836905351,950,0.0026788947540321334,0.001953630131380255
20190225,0.7473686791115454,950,0.0026788947540321334,0.001953630131380255
20190225,0.7521289891695807,950,0.0026788947540321334,0.001953630131380255
20190225,0.7568892992276159,950,0.0026788947540321334,0.001953630131380255
20190225,0.7616496092856513,949,0.003,0.0018497512883316036
20190225,0.7664099193436866,949,0.003,0.0018497512883316036
20190225,0.771170229401722,949,0.003,0.0018497512883316036
20190225,0.7759305394597573,949,0.003,0.0018497512883316036
20190225,0.7806908495177927,949,0.003,0.0018497512883316036
20190225,0.7854511595758279,949,0.003,0.0018497512883316036
20190225,0.7902114696338632,949,0.003,0.0018497512883316036
20190225,0.7949717796918985,949,0.003,0.0018497512883316036
20190225,0.7997320897499338,949,0.003,0.0018497512883316036
20190225,0.8044923998079692,949,0.003,0.0018497512883316036
20190225,0.8092527098660045,949,0.003,0.0018497512883316036
20190225,0.8140130199240397,949,0.0029999999999999996,0.001962888847852816
20190225,0.8187733299820751,949,0.0029999999999999996,0.001962888847852816
20190225,0.8235336400401104,948,0.003,0.0019272688068180425
20190225,0.8282939500981458,948,0.003,0.0019272688068180425
20190225,0.8330542601561811,948,0.003,0.0019272688068180425
20190225,0.8378145702142163,948,0.003,0.0019272688068180425
20190225,0.8425748802722517,948,0.003,0.0019272688068180425
20190225,0.847335190330287,948,0.003,0.0019272688068180425
20190225,0.8520955003883224,948,0.003,0.0019272688068180425
20190225,0.8568558104463577,948,0.003,0.0019272688068180425
20190225,0.8616161205043931,948,0.003,0.0019907358001939176
20190225,0.8663764305624283,948,0.003,0.0019907358001939176
20190225,0.8711367406204636,948,0.003,0.0019970419967060018
20190225,0.875897050678499,948,0.003,0.0019743024083382693
20190225,0.8806573607365343,948,0.003,0.0019743024083382693
20190225,0.8854176707945697,948,0.003,0.001974468015669927
20190225,0.890177980852605,948,0.003,0.001974468015669927
20190225,0.8949382909106403,948,0.003,0.001974468015669927
20190225,0.8996986009686756,948,0.003,0.001974468015669927
20190225,0.9044589110267109,947,0.003,0.0008279102088154658
20190225,0.9092192210847463,947,0.003,0.0008279102088154658
20190225,0.9139795311427815,947,0.003,0.0008279102088154658
20190225,0.9187398412008169,947,0.003,0.0008279102088154658
20190225,0.9235001512588521,947,0.003,0.0008279102088154658
20190225,0.9282604613168874,946,0.003,0.0007000696790145734
20190225,0.9330207713749228,946,0.003,0.0007000696790145734
20190225,0.9377810814329581,946,0.003,0.000640109225744038
20190225,0.9425413914909935,946,0.003,0.0006954394904008688
20190225,0.9473017015490288,946,0.003,0.0007110786042551994
20190225,0.952062011607064,946,0.003,0.0008959262715447626
20190225,0.9568223216650995,946,0.003,0.0008993226701676908
20190225,0.9615826317231347,946,0.003,0.0011473800873086021
20190225,0.9663429417811702,945,0.003,0.0011801121467718983
20190225,0.9711032518392054,945,0.003,0.0012058980269859453
20190225,0.9758635618972407,943,0.003,0.0013112964030943409
20190225,0.980623871955276,943,0.0029999999999999996,0.0013843962900426698
20190225,0.9853841820133112,942,0.003,0.00146350040295815
20190225,0.9901444920713467,942,0.003,0.0016533317940194696
20190225,0.9949048021293819,942,0.0029999999999999996,0.0017454443205751017
20190225,0.9996651121874174,942,0.003,0.0018129151183003112
20190225,1.0044254222454525,942,0.003,0.00197299441972953
20190225,1.009185732303488,941,0.0029999999999999996,0.001966417221909082
20190225,1.0139460423615232,940,0.003,0.0017600157242504395
20190225,1.0187063524195585,939,0.003,0.002087034673784237
20190225,1.0234666624775939,939,0.0030000000000000005,0.001303825590237673
20190225,1.0282269725356292,939,0.003,9.059631403650149e-05
20190225,1.0329872825936646,939,0.003,0.0015684606142918507
20190225,1.0377475926517,938,0.003260350449939005,0.0008315374572923065
20190225,1.0425079027097353,937,0.0034143999886995058,0.003320943151746017
20190225,1.0472682127677706,937,0.0034143999886995058,0.001922941831933687
20190225,1.0520285228258057,937,0.0034143999886995058,0.0007277016411548522
20190225,1.0567888328838413,937,0.00367389993199547,0.0006487147143990082
20190225,1.0615491429418764,937,0.00367389993199547,0.0013725285206792092
20190225,1.066309452999912,937,0.0038115334627178256,0.001717209861309044
20190225,1.071069763057947,937,0.0038115334627178256,0.0025340886879374244
20190225,1.0758300731159824,937,0.003811533462717826,0.0026397159502739805
20190225,1.0805903831740178,937,0.0038115334627178256,0.0029060729911900385
20190225,1.0853506932320531,937,0.0038115334627178256,0.0030248769155140575
20190225,1.0901110032900885,937,0.0038115334627178256,0.003067453839279999
20190225,1.0948713133481238,937,0.0038115334627178256,0.0033484688316115585
20190225,1.099631623406159,937,0.0038115334627178256,0.003361046799562353
20190225,1.1043919334641943,937,0.0038115334627178256,0.0035793452776450236
20190225,1.1091522435222296,937,0.0038115334627178256,0.0037816178535530804
20190225,1.113912553580265,937,0.0038115334627178256,0.0038267552732983547
20190225,1.1186728636383003,936,0.003916083119758246,0.004269624727024919
20190225,1.1234331736963357,936,0.003916083119758246,0.004269624727024919
20190225,1.128193483754371,936,0.003916083119758246,0.004316336634550777
20190225,1.1329537938124061,935,0.003916083119758246,0.0041763466482478955
20190225,1.1377141038704417,935,0.003916083119758246,0.004184598736199831
20190225,1.1424744139284768,935,0.003916083119758246,0.004184598736199831
20190225,1.1472347239865124,935,0.003916083119758246,0.004194312920194868
20190225,1.1519950340445475,935,0.003916083119758246,0.00444469649460077
20190225,1.1567553441025828,935,0.003916083119758246,0.00444469649460077
20190225,1.1615156541606182,935,0.003916083119758246,0.004450558566251466
20190225,1.1662759642186535,935,0.003916083119758246,0.004830951892463857
20190225,1.1710362742766889,935,0.003916083119758246,0.005190621971531802
20190225,1.1757965843347242,935,0.003916083119758246,0.004991902378056958
20190225,1.1805568943927596,935,0.004487730687275419,0.005446929911712117
20190225,1.185317204450795,935,0.004487730687275419,0.005701632602116655
20190225,1.19007751450883,935,0.004487730687275419,0.005763403341927659
20190225,1.1948378245668656,934,0.004487730687275419,0.0035989759839492427
20190225,1.1995981346249007,934,0.004487730687275419,0.0037099092751857027
20190225,1.2043584446829363,934,0.004487730687275419,0.0037099092751857027
20190225,1.2091187547409714,934,0.004487730687275419,0.0038084914786019348
20190225,1.2138790647990068,934,0.0044877306872754185,0.003643602883532553
20190225,1.218639374857042,934,0.004487730687275419,0.004475607029139203
20190225,1.2233996849150772,933,0.004487730687275419,0.0008458002011723187
20190225,1.2281599949731128,933,0.004950024831509733,0.0012801916466941537
20190225,1.232920305031148,932,0.004950024831509733,0.0010739427538592466
20190225,1.2376806150891833,932,0.004950024831509733,0.0016253054566359492
20190225,1.2424409251472186,931,0.005905432366798337,0.000556420845208647
20190225,1.247201235205254,930,0.005905432366798337,0.0004714661458013722
20190225,1.2519615452632893,930,0.005905432366798337,0.0004061539866884921
20190225,1.2567218553213246,930,0.005905432366798337,0.0002552455385920397
20190225,1.26148216537936,930,0.005905432366798337,6.086182979603614e-05
20190225,1.2662424754373953,930,0.006787529516199537,0.001285093592860825
20190225,1.2710027854954304,930,0.006787529516199537,0.0016939913305363944
20190225,1.275763095553466,928,0.006787529516199537,0.001386225115970593
20190225,1.2805234056115011,928,0.006787529516199537,0.0003464513643939411
20190225,1.2852837156695367,927,0.006787529516199537,0.0016739840255668736
20190225,1.2900440257275718,927,0.0069423662133110305,0.0007922749818255785
20190225,1.2948043357856072,927,0.0069423662133110305,0.0018217026502181284
20190225,1.2995646458436425,927,0.0069423662133110305,0.0028627595148437036
20190225,1.3043249559016779,927,0.0069423662133110305,0.003290413449078161
20190225,1.3090852659597132,927,0.006293691891625896,0.002337571539402845
20190225,1.3138455760177485,927,0.006293691891625896,0.0017167169321217403
20190225,1.3186058860757837,927,0.004705045795219502,0.0009014565072000659
20190225,1.3233661961338192,927,0.004705045795219502,0.0007643348166305569
20190225,1.3281265061918544,927,0.0064616393846097875,0.0022802703681775983
20190225,1.33288681624989,926,0.008424959427625335,0.005167248428231794
20190225,1.337647126307925,926,0.008424959427625334,0.00528525856308742
20190225,1.3424074363659604,926,0.008424959427625335,0.004836636638322113
20190225,1.3471677464239957,926,0.008424959427625335,0.004457348228051078
20190225,1.3519280564820308,926,0.008285406986122894,0.005177542584068077
20190225,1.3566883665400664,926,0.008285406986122894,0.0026086550680263667
20190225,1.3614486765981015,926,0.008285406986122894,0.0001580586365386506
20190225,1.366208986656137,926,0.008143669346109376,0.001337390256397559
20190225,1.3709692967141722,926,0.008143669346109376,0.0006726297032794772
20190225,1.3757296067722076,926,0.005997864891681837,0.0016564569896692473
20190225,1.380489916830243,926,0.005997864891681836,0.0018278571084181102
20190225,1.3852502268882783,925,0.011856610653297295,0.0011814365693187758
20190225,1.3900105369463136,924,0.013216379496842364,0.0027370430365785173
20190225,1.394770847004349,924,0.007646768168563612,0.004783860352803854
20190225,1.3995311570623843,924,0.008543188962341953,0.003159161474297801
20190225,1.4042914671204196,924,0.008543188962341953,0.0008926546967735785
20190225,1.4090517771784548,924,0.009002177334959638,0.002056404408220919
20190225,1.4138120872364903,923,0.012016079526961312,0.0075356929745313906
20190225,1.4185723972945254,923,0.012016079526961312,0.007978614159766577
20190225,1.423332707352561,923,0.011678875962368001,0.004973610683808422
20190225,1.4280930174105961,923,0.011678875962368001,0.004999991666622349
20190225,1.4328533274686315,923,0.011678875962368001,0.0014543014762472114
20190225,1.4376136375266668,923,0.011678875962368001,0.0019850982427771615
20190225,1.4423739475847022,923,0.011678875962368001,0.0045477733901896494
20190225,1.4471342576427375,923,0.011678875962368001,0.004608051402924165
20190225,1.4518945677007729,923,0.011678875962368001,0.005177932358337623
20190225,1.456654877758808,923,0.009032230624691983,0.003996581460571428
20190225,1.4614151878168435,923,0.009032230624691983,0.0038572346956973827
20190225,1.4661754978748787,923,0.009517251655863052,0.004792337740982498
20190225,1.470935807932914,922,0.013991277704782805,0.00439105025830615
20190225,1.4756961179909494,921,0.012488065003134922,0.0030814588386515003
20190225,1.4804564280489847,920,0.010852712233716259,0.0005329804547321459
20190225,1.48521673810702,919,0.009418771892599397,0.000601328526955768
20190225,1.4899770481650552,919,0.014586066657692867,0.009046287435838345
20190225,1.4947373582230907,919,0.011646596161721838,0.014319844553241716
20190225,1.4994976682811259,919,0.011646596161721838,0.01021948159066868
20190225,1.5042579783391614,919,0.010261909105485795,0.009400406349402975
20190225,1.5090182883971965,917,0.01897045940576638,0.005676251382956828
20190225,1.5137785984552319,917,0.020835613154594618,0.011567977485450283
20190225,1.5185389085132672,917,0.020835613154594614,0.011201108361621708
20190225,1.5232992185713026,915,0.01546008466242885,0.004091058582491366
20190225,1.528059528629338,915,0.015460084662428852,0.00033234598158987487
20190225,1.5328198386873733,915,0.012483224286725108,0.008084272110535601
20190225,1.5375801487454086,915,0.014445540802381338,0.00043020175532157797
20190225,1.542340458803444,915,0.016630141883456916,0.008867812049987076
20190225,1.547100768861479,915,0.016630141883456916,0.010953539007944437
20190225,1.5518610789195146,915,0.017011779812071772,0.012359495646222988
20190225,1.5566213889775498,915,0.015248129495680413,0.007988180862772499
20190225,1.5613816990355853,915,0.012529192986180515,0.003956916050964159
20190225,1.5661420090936204,915,0.01749151375882753,0.006073790779256582
20190225,1.5709023191516558,915,0.011552558050985685,0.0065268014639091945
20190225,1.5756626292096911,915,0.013445540481084088,0.0037389189951922874
20190225,1.5804229392677265,915,0.013552113138702542,0.0009900761321573377
20190225,1.5851832493257618,915,0.018902851097489445,0.013446234796687198
20190225,1.589943559383797,914,0.015000137268302943,0.0003843835322723899
20190225,1.5947038694418323,913,0.022264177797529296,0.02771762638753706
20190225,1.5994641794998676,913,0.013448508994440287,0.004079698261957207
20190225,1.604224489557903,912,0.01389974586942783,0.0053424254536330795
20190225,1.6089847996159383,911,0.019617786774737214,0.02019430427962692
20190225,1.6137451096739737,911,0.013887236196091605,0.02821215693191946
20190225,1.618505419732009,911,0.013887236196091605,0.03135487356736296
20190225,1.6232657297900444,909,0.016913314679374295,0.03126563539598835
20190225,1.6280260398480795,908,0.021469301282821356,0.02502875557493576
20190225,1.632786349906115,908,0.016376623817838186,0.03272162039542138
20190225,1.6375466599641502,908,0.01637662381783819,0.03345079518720289
20190225,1.6423069700221857,907,0.03438338513687676,0.022514280392646264
20190225,1.6470672800802209,905,0.026385667983222772,0.029260804207646197
20190225,1.6518275901382562,904,0.0266548444089972,0.013050216815960594
20190225,1.6565879001962915,904,0.016995083589296932,0.018041417801961952
20190225,1.6613482102543269,903,0.01834125132746542,0.009703349201882573
20190225,1.6661085203123622,903,0.01611693646004227,0.017625367307057657
20190225,1.6708688303703976,903,0.02774042925089353,0.019732972356163146
20190225,1.6756291404284327,903,0.02774042925089353,0.008328579727039844
20190225,1.6803894504864683,903,0.02280608845648915,0.012263668493924839
20190225,1.6851497605445034,902,0.024991329861434413,0.005399696786026532
20190225,1.689910070602539,902,0.024991329861434413,0.006121147517255359
20190225,1.694670380660574,902,0.02149771777137249,0.01642210385386534
20190225,1.6994306907186096,902,0.02149771777137249,0.014610946862491994
20190225,1.7041910007766448,901,0.01756984374209627,0.014271056405419398
20190225,1.7089513108346799,901,0.02069977605593162,0.007422861627020503
20190225,1.7137116208927154,901,0.030568410492749627,0.019179160553538695
20190225,1.7184719309507506,901,0.01910398322646314,0.0016693253117698915
20190225,1.7232322410087861,901,0.01910398322646314,0.0009714980458124669
20190225,1.7279925510668213,899,0.030047971777178824,0.0029470724852514985
20190225,1.7327528611248566,895,0.06240167255142612,0.1944081511739766
20190225,1.737513171182892,895,0.04336535547937901,0.0763328547654869
20190225,1.7422734812409273,893,0.03276166563721005,0.03466613830854312
20190225,1.7470337912989626,893,0.034390132752724976,0.024690501820358833
20190225,1.751794101356998,892,0.02712152598173129,0.011927064165528056
20190225,1.7565544114150333,891,0.03649112477943483,0.005490579240907327
20190225,1.7613147214730687,888,0.03009125039728875,0.011966446381527258
20190225,1.7660750315311038,888,0.03009125039728875,0.026760000635418203
20190225,1.7708353415891394,888,0.02191645172001386,0.059598033101871326
20190225,1.7755956516471745,887,0.03448773504516464,0.048426575564169905
20190225,1.78035596170521,886,0.027158019117220565,0.08320984173159267
20190225,1.7851162717632452,886,0.019694487553907278,0.0857127280045525
20190225,1.7898765818212805,885,0.03136000406394423,0.04068522188893952
20190225,1.7946368918793159,882,0.05027541442158189,0.1277794747233661
20190225,1.7993972019373512,881,0.059287650366333426,0.23104479524251129
20190225,1.8041575119953865,881,0.037770617683773954,0.09925423964940579
20190225,1.8089178220534219,881,0.03775477987240178,0.09798020685122083
20190225,1.813678132111457,881,0.028359795214373,0.052167264337170054
20190225,1.8184384421694926,879,0.044524036444787675,0.16852862983586944
20190225,1.8231987522275277,878,0.05808866741782857,0.28281306598948547
20190225,1.827959062285563,877,0.08292698887817035,0.46312213624068216
20190225,1.8327193723435984,874,0.0845974231538286,0.5759582610160949
20190225,1.8374796824016337,874,0.047280316245772995,0.29201411362279833
20190225,1.842239992459669,874,0.040799599648291364,0.12699544932796142
20190225,1.8470003025177042,872,0.05136319328759931,0.2378272138717317
20190225,1.8517606125757398,871,0.04922991276739547,0.17168801834182654
20190225,1.8565209226337749,870,0.054081242570532345,0.23351021225133362
20190225,1.8612812326918104,869,0.08440330057642124,0.5045059013546201
20190225,1.8660415427498456,867,0.09236455555529602,0.7082872237089636
20190225,1.870801852807881,866,0.09908866804986627,0.9334459175643168
20190225,1.8755621628659163,865,0.09650307590711928,0.8231405617711065
20190225,1.8803224729239516,864,0.10140785359014133,0.8699911649756462
20190225,1.885082782981987,864,0.07364901314950235,0.5210720634604635
20190225,1.8898430930400223,863,0.09127946493611762,0.7869505916941955
20190225,1.8946034030980576,863,0.045559950267827345,0.3647823176302785
20190225,1.899363713156093,861,0.07107028081704361,0.6239644872964871
20190225,1.904124023214128,861,0.06488524563024464,0.700609639206085
20190225,1.9088843332721634,860,0.09401234428537254,1.0505126046169213
20190225,1.913644643330199,860,0.09233774378439105,0.9991798475320577
20190225,1.9184049533882344,859,0.10471844871850908,1.0783482691657513
20190225,1.9231652634462695,859,0.07688526382769983,0.764043455643311
20190225,1.9279255735043046,856,0.13940637656714866,1.7506881706364976
20190225,1.9326858835623404,856,0.09092175429420442,1.250381465657956
20190225,1.9374461936203755,855,0.10439353533383028,1.4735895231147271
20190225,1.9422065036784109,854,0.11095917450119137,1.5969421818073182
20190225,1.946966813736446,853,0.11474253530391855,1.6976535497653518
20190225,1.9517271237944813,853,0.09902273923658572,1.5078767866316802
20190225,1.9564874338525169,853,0.09413969877568511,1.4290849201680271
20190225,1.961247743910552,853,0.05035126649479568,0.9464762447449471
20190225,1.9660080539685874,852,0.10206339077991454,1.6925507295989128
20190225,1.9707683640266225,852,0.0899419201219478,1.559447808738916
20190225,1.9755286740846583,851,0.09302142320075922,1.6227063931408041
20190225,1.9802889841426934,849,0.10085362495459761,1.8791331295259701
20190225,1.9850492942007285,849,0.0784897284781885,1.6279481845580668
20190225,1.9898096042587639,847,0.09552822016548063,1.951782997830457
20190225,1.9945699143167994,847,0.09552822016548063,1.8707302353215653
20190225,1.9993302243748348,847,0.05733875382416206,1.3700292457590646
20190225,2.00409053443287,845,0.11519615471033702,2.0983720735361318
20190225,2.008850844490905,844,0.11652757880507275,2.1916254630122824
20190225,2.013611154548941,843,0.08057091269661644,1.9760391935266721
20190225,2.018371464606976,842,0.16639270924677624,3.2128698058047216
20190225,2.023131774665011,840,0.18021472529398783,3.556328251748051
20190225,2.0278920847230464,840,0.11707734951749472,2.4468583489642337
20190225,2.032652394781082,838,0.20807893939854294,4.325320363163088
20190225,2.037412704839117,838,0.1418233281117515,2.8734691670316037
20190225,2.0421730148971524,837,0.17134248359574908,3.625112483676367
20190225,2.0469333249551878,837,0.17134248359574908,3.6253338877182464
20190225,2.0516936350132235,835,0.23061622408000532,5.185316023791869
20190225,2.0564539450712584,835,0.23061622408000532,5.18549515782111
20190225,2.061214255129294,835,0.2022947041575611,4.285929195365515
20190225,2.065974565187329,835,0.07795650656178983,2.3504273449463193
20190225,2.0707348752453645,833,0.18307799437162084,4.058854924592241
20190225,2.0754951853034,832,0.23607540509183705,5.4856580649011875
20190225,2.080255495361435,832,0.23607540509183705,5.4856580649011875
20190225,2.0850158054194705,832,0.23607540509183705,5.4856580649011875
20190225,2.0897761154775054,832,0.23607540509183705,5.4856580649011875
20190225,2.094536425535541,832,0.23607540509183705,5.4856580649011875
20190225,2.0992967355935765,832,0.21077771828360609,4.66642743079497
20190225,2.1040570456516114,831,0.23680087941296615,5.5117913199535815
20190225,2.108817355709647,831,0.23680087941296615,5.511731407753228
20190225,2.1135776657676826,831,0.17254619146712374,3.869516018200133
20190225,2.1183379758257175,829,0.2383520650739015,5.5731581145819575
20190225,2.123098285883753,829,0.23835206507390153,5.573233350020912
20190225,2.127858595941788,829,0.23835206507390153,5.573565046689502
20190225,2.132618905999824,829,0.23835206507390153,5.573565046689502
20190225,2.137379216057859,829,0.23835206507390153,5.573565046689502
20190225,2.142139526115894,829,0.23835206507390147,5.573563250650966
20190225,2.1468998361739295,829,0.23835206507390147,5.573556109427098
20190225,2.151660146231965,829,0.23835206507390153,5.57352299005438
20190225,2.1564204562900002,829,0.23835206507390153,5.573510976939832
20190225,2.1611807663480356,829,0.23835206507390147,5.573609669666171
20190225,2.165941076406071,829,0.23835206507390147,5.573755280321513
20190225,2.1707013864641063,829,0.23835206507390147,5.573755280321513
20190225,2.1754616965221416,829,0.2383520650739015,5.573836159898976
20190225,2.180222006580177,829,0.2383520650739015,5.574287675480688
20190225,2.184982316638212,829,0.09540956263320514,2.8947886685027413
20190225,2.1897426266962476,828,0.18428048535507638,4.280279148323345
20190225,2.194502936754283,828,0.18872291922024245,4.367691078265358
20190225,2.199263246812318,826,0.24437880361216022,5.966601023049213
20190225,2.2040235568703532,826,0.24437880361216022,5.9666015482744506
20190225,2.2087838669283886,826,0.24437880361216022,5.9666015482744506
20190225,2.2135441769864244,825,0.2449949369806051,6.0208016295772895
20190225,2.2183044870444593,825,0.24499493698060512,6.021092769874427
20190225,2.2230647971024946,825,0.24499493698060512,6.021092769874427
20190225,2.22782510716053,824,0.24687201305158676,6.111189928677811
20190225,2.2325854172185653,824,0.24687201305158676,6.111207333504677
20190225,2.2373457272766006,823,0.24915174208757238,6.1956779295682205
20190225,2.242106037334636,823,0.24915174208757238,6.195609247841785
20190225,2.2468663473926713,823,0.24915174208757238,6.195609247841785
20190225,2.2516266574507067,823,0.24915174208757238,6.195609247841785
20190225,2.256386967508742,823,0.24915174208757238,6.195609247841785
20190225,2.2611472775667774,823,0.24915174208757238,6.195605874344564
20190225,2.2659075876248123,823,0.24915174208757238,6.195605874344564
20190225,2.270667897682848,823,0.24915174208757238,6.195605874344564
20190225,2.2754282077408834,822,0.2507126204121538,6.260378990015657
20190225,2.2801885177989183,822,0.2507126204121538,6.260378990015657
20190225,2.2849488278569536,822,0.2507126204121538,6.260378990015657
20190225,2.2897091379149894,820,0.2538036924696172,6.401259804069681
20190225,2.2944694479730248,820,0.2538036924696172,6.401259804069681
20190225,2.2992297580310597,819,0.25456183922429726,6.449855803962813
20190225,2.303990068089095,819,0.153251355827631,4.21712394446689
20190225,2.308750378147131,818,0.2565325904182344,6.545203892016718
20190225,2.3135106882051657,818,0.2565325904182344,6.545203892016718
20190225,2.318270998263201,818,0.2565325904182344,6.545203892016718
20190225,2.3230313083212364,818,0.2565325904182344,6.545194469637184
20190225,2.3277916183792717,818,0.2565325904182344,6.545194469637184
20190225,2.332551928437307,818,0.2565325904182344,6.545194469637184
20190225,2.3373122384953424,818,0.2565325904182344,6.545367854865705
20190225,2.3420725485533778,818,0.2565325904182344,6.545367854865705
20190225,2.3468328586114127,818,0.22042955167737288,5.366749135763433
20190225,2.3515931686694485,816,0.2601368829991293,6.669965484493937
20190225,2.356353478727484,816,0.21014427215308715,5.132697896321133
20190225,2.361113788785519,815,0.262541295453852,6.789395941963211
20190225,2.365874098843554,814,0.26281781877947563,6.80304395947815
20190225,2.37063440890159,814,0.26281781877947563,6.803186615711253
20190225,2.375394718959625,814,0.26281781877947563,6.80326142098353
20190225,2.38015502901766,814,0.26281781877947563,6.803189880719762
20190225,2.3849153390756954,814,0.26281781877947563,6.803247263233726
20190225,2.389675649133731,813,0.26423261866922754,6.876445698373165
20190225,2.394435959191766,813,0.2642326186692275,6.876469564843956
20190225,2.3991962692498014,811,0.26641097376741085,6.96407533724463
20190225,2.403956579307837,811,0.26641097376741085,6.964189074860232
20190225,2.4087168893658726,811,0.26641097376741085,6.964166880708297
20190225,2.4134771994239075,811,0.26641097376741085,6.96441378324047
20190225,2.418237509481943,811,0.26641097376741085,6.964104731089512
20190225,2.422997819539978,811,0.26641097376741085,6.964134301377249
20190225,2.4277581295980135,811,0.26641097376741085,6.964155213535882
20190225,2.432518439656049,811,0.10420352019040514,3.6093936918136196
20190225,2.437278749714084,811,0.11443297714660677,3.7516753849510014
20190225,2.4420390597721195,809,0.26975789478360174,7.283577466916731
20190225,2.4467993698301544,809,0.26975789478360174,7.2837612631613124
20190225,2.4515596798881902,809,0.26975789478360174,7.2837612631613124
20190225,2.4563199899462256,809,0.26975789478360174,7.283977662292284
20190225,2.4610803000042605,809,0.26975789478360174,7.2845850886756764
20190225,2.465840610062296,809,0.26975789478360174,7.2845850886756764
20190225,2.4706009201203316,808,0.2707750322276966,7.328325625526071
20190225,2.4753612301783665,808,0.2707750322276966,7.32831176152868
20190225,2.480121540236402,808,0.2707750322276966,7.328439958301373
20190225,2.484881850294437,808,0.27077503222769667,7.328374875529673
20190225,2.489642160352473,808,0.20429593987296069,5.354982467153823
20190225,2.494402470410508,807,0.18338806997117302,5.10962103356437
20190225,2.4991627804685432,806,0.27481274373211123,7.575611176214519
20190225,2.5039230905265786,805,0.2765031127405716,7.655612817471929
20190225,2.508683400584614,805,0.2765031127405716,7.655612817471929
20190225,2.5134437106426493,805,0.2765031127405716,7.655612817471929
20190225,2.5182040207006846,805,0.2765031127405716,7.655612817471929
20190225,2.52296433075872,805,0.2765031127405716,7.655612817471929
20190225,2.5277246408167553,805,0.2765031127405716,7.655612817471929
20190225,2.5324849508747906,805,0.2765031127405716,7.655661296169752
20190225,2.537245260932826,805,0.2765031127405716,7.655770896746701
20190225,2.542005570990861,805,0.2765031127405716,7.655787472515993
20190225,2.5467658810488967,805,0.2765031127405716,7.655787472515993
20190225,2.551526191106932,804,0.2769049026443656,7.678042951155037
20190225,2.556286501164967,804,0.2769049026443656,7.678042951155037
20190225,2.5610468112230023,804,0.15212839461224706,4.981631414825024
20190225,2.5658071212810376,803,0.27858921650004925,7.774964081548029
20190225,2.5705674313390734,803,0.27858921650004925,7.775045408846296
20190225,2.5753277413971083,803,0.27858921650004925,7.775045408846296
20190225,2.5800880514551436,803,0.27858921650004925,7.775018636445343
20190225,2.584848361513179,803,0.27858921650004925,7.774979111628783
20190225,2.5896086715712143,803,0.27858921650004925,7.774979111628783
20190225,2.5943689816292497,803,0.27858921650004925,7.774979111628783
20190225,2.599129291687285,803,0.27858921650004925,7.774979111628783
20190225,2.6038896017453204,803,0.27858921650004925,7.774979111628783
20190225,2.6086499118033557,803,0.27858921650004925,7.774991892088663
20190225,2.613410221861391,802,0.27946130686285,7.815153909542861
20190225,2.6181705319194264,802,0.23371368023852726,6.300346680580469
20190225,2.6229308419774613,801,0.28216312317524994,7.9904555717154215
20190225,2.627691152035497,801,0.28216312317524994,7.990497971981428
20190225,2.6324514620935324,801,0.18369684409140813,5.4490415986176775
20190225,2.6372117721515673,800,0.11882065947548756,4.540082144084139
20190225,2.6419720822096027,799,0.21469416922773002,6.19146539758708
20190225,2.6467323922676385,798,0.24194841748531123,6.864953992263005
20190225,2.651492702325674,797,0.28757305045491127,8.513113741009628
20190225,2.6562530123837087,797,0.28757305045491127,8.513618789763287
20190225,2.661013322441744,797,0.28757305045491127,8.513618789763287
20190225,2.66577363249978,797,0.28757305045491127,8.513644379514112
20190225,2.6705339425578147,797,0.17976354350735024,5.78738072005248
20190225,2.67529425261585,796,0.2902109304049043,8.635901736374443
20190225,2.6800545626738854,796,0.26075898017618854,7.522151007276101
20190225,2.6848148727319208,795,0.2943405995678993,8.86027549201344
20190225,2.689575182789956,795,0.2943405995678993,8.86027549201344
20190225,2.6943354928479915,795,0.2943405995678993,8.86027549201344
20190225,2.699095802906027,795,0.1766173713932728,5.92244444542756
20190225,2.7038561129640617,793,0.2965248819987664,8.985745447360943
20190225,2.7086164230220975,793,0.2965248819987664,8.985745447360943
20190225,2.713376733080133,793,0.2965248819987664,8.985745447360943
20190225,2.718137043138168,793,0.2965248819987664,8.985745447360943
20190225,2.722897353196203,793,0.2965248819987664,8.985747265545267
20190225,2.727657663254239,793,0.2965248819987664,8.98577612456711
20190225,2.732417973312274,793,0.17469923828576067,6.0637543801687706
20190225,2.737178283370309,792,0.30120651620016053,9.214787444694071
20190225,2.7419385934283445,792,0.30120651620016053,9.214787444694071
20190225,2.7466989034863802,792,0.30120651620016053,9.214787444694071
20190225,2.751459213544415,791,0.30213428189468766,9.283862854453663
20190225,2.7562195236024505,791,0.30213428189468766,9.283862854453663
20190225,2.760979833660486,791,0.30213428189468766,9.283862854453663
20190225,2.7657401437185216,791,0.26664572359281485,7.899606060930362
20190225,2.7705004537765565,790,0.18954945799014788,6.328713747396919
20190225,2.775260763834592,789,0.30543116297746414,9.477235543588998
20190225,2.780021073892627,788,0.30635248295437606,9.540291895828231
20190225,2.7847813839506625,788,0.30635248295437606,9.540291895828231
20190225,2.789541694008698,788,0.19686880014764338,6.531447385166304
20190225,2.7943020040667332,787,0.2797864813308536,8.483745188451623
20190225,2.7990623141247686,786,0.3114439973411285,9.789462545130895
20190225,2.8038226241828035,786,0.3114439973411285,9.789514548669693
20190225,2.8085829342408393,786,0.3114439973411285,9.78945021195582
20190225,2.8133432442988746,786,0.3114439973411285,9.78945021195582
20190225,2.8181035543569095,786,0.3114439973411285,9.78945021195582
20190225,2.822863864414945,786,0.3114439973411285,9.78945021195582
20190225,2.8276241744729806,786,0.3114439973411285,9.789477518369976
20190225,2.8323844845310155,786,0.3114439973411285,9.789477518369976
20190225,2.837144794589051,786,0.3114439973411285,9.789477518369976
20190225,2.8419051046470862,786,0.3114439973411285,9.789477518369976
20190225,2.846665414705122,785,0.31294841247347627,9.927274846869011
20190225,2.851425724763157,785,0.31294841247347627,9.927274846869011
20190225,2.8561860348211923,785,0.31294841247347627,9.927357188411534
20190225,2.8609463448792276,785,0.31294841247347627,9.927384984556943
20190225,2.865706654937263,784,0.3136764174609495,9.967788990303484
20190225,2.8704669649952983,784,0.3136764174609495,9.967788990303484
20190225,2.8752272750533336,784,0.3136764174609495,9.967788990303484
20190225,2.879987585111369,784,0.3136764174609495,9.967788990303484
20190225,2.8847478951694043,784,0.3136764174609495,9.967788990303484
20190225,2.8895082052274397,784,0.3136764174609495,9.967788990303484
20190225,2.894268515285475,784,0.3136764174609495,9.967788990303484
20190225,2.89902882534351,783,0.3143833211262565,10.00340896575122
20190225,2.9037891354015457,783,0.3143833211262565,10.00340896575122
20190225,2.908549445459581,783,0.3143833211262565,10.00340896575122
20190225,2.913309755517616,783,0.3143833211262565,10.00340896575122
20190225,2.9180700655756513,783,0.3143833211262565,10.00340896575122
20190225,2.922830375633687,782,0.3143833211262565,10.002882254079474
20190225,2.9275906856917224,782,0.3143833211262565,10.002882254079474
20190225,2.9323509957497573,782,0.3143833211262565,10.002882254079474
20190225,2.9371113058077927,782,0.3143833211262565,10.002916632484077
20190225,2.941871615865828,782,0.3143833211262565,10.002916632484077
20190225,2.9466319259238634,782,0.3143833211262565,10.002916632484077
20190225,2.9513922359818987,782,0.3143833211262565,10.002916632484077
20190225,2.956152546039934,782,0.3143833211262565,10.002916632484077
20190225,2.9609128560979694,782,0.3143833211262565,10.002916632484077
20190225,2.9656731661560047,782,0.3143833211262565,10.002919711472563
20190225,2.97043347621404,782,0.3143833211262565,10.002919711472563
20190225,2.9751937862720754,782,0.3143833211262565,10.002919711472563
20190225,2.9799540963301103,782,0.3143833211262565,10.002919711472563
20190225,2.984714406388146,782,0.3143833211262565,10.002919711472563
20190225,2.9894747164461815,781,0.3154196989873895,10.077344141616102
20190225,2.9942350265042164,781,0.3154196989873895,10.077344141616102
20190225,2.9989953365622517,781,0.3154196989873895,10.077344141616102
20190226,0.004760310058035321,1000,0.001,0.0
20190226,0.009520620116070641,1000,0.001,0.0
20190226,0.014280930174105961,1000,0.001,0.0
20190226,0.019041240232141283,1000,0.001,0.0
20190226,0.023801550290176603,1000,0.001,0.0
20190226,0.028561860348211923,1000,0.001,0.0
20190226,0.03332217040624725,1000,0.001,0.0
20190226,0.038082480464282566,1000,0.001,0.0
20190226,0.04284279052231788,1000,0.001,0.0
20190226,0.047603100580353205,1000,0.001,0.0
20190226,0.05236341063838852,1000,0.001,0.0
20190226,0.057123720696423845,999,0.002,9.66602221720752e-05
20190226,0.06188403075445917,999,0.002,9.66602221720752e-05
20190226,0.0666443408124945,999,0.002,9.66602221720752e-05
20190226,0.0714046508705298,998,0.002,0.0001784808853002691
20190226,0.07616496092856513,998,0.002,0.0001784808853002691
20190226,0.08092527098660045,998,0.002,0.0001784808853002691
20190226,0.08568558104463576,998,0.002,0.0001784808853002691
20190226,0.0904458911026711,998,0.002,0.0001784808853002691
20190226,0.09520620116070641,997,0.002,0.00024574516768245794
20190226,0.09996651121874173,997,0.002,0.0002869362262849679
20190226,0.10472682127677704,996,0.002,0.0004240605543697537
20190226,0.10948713133481237,996,0.002,0.0004240605543697537
20190226,0.11424744139284769,994,0.002,0.0005440099313359571
20190226,0.119007751450883,994,0.002,0.0005440099313359571
20190226,0.12376806150891834,994,0.002,0.0005440099313359571
20190226,0.12852837156695365,994,0.002,0.0005440099313359571
20190226,0.133288681624989,993,0.002,0.000596867537107414
20190226,0.13804899168302429,992,0.002,0.0006481401749409496
20190226,0.1428093017410596,992,0.002,0.0006481401749409496
20190226,0.14756961179909495,991,0.002,0.0007002580859407952
20190226,0.15232992185713026,990,0.002,0.0007503679121488206
20190226,0.15709023191516558,990,0.002,0.0007503679121488206
20190226,0.1618505419732009,990,0.002,0.0007503679121488206
20190226,0.16661085203123624,988,0.002,0.0008452248563516905
20190226,0.17137116208927153,988,0.002,0.0008452248563516905
20190226,0.17613147214730684,987,0.002,0.0008881862912332364
20190226,0.1808917822053422,986,0.002,0.0009311459348510901
20190226,0.1856520922633775,986,0.002,0.0009311459348510901
20190226,0.19041240232141282,986,0.002,0.0009311459348510901
20190226,0.19517271237944817,986,0.002,0.0009311459348510901
20190226,0.19993302243748345,986,0.002,0.0009311459348510901
20190226,0.20469333249551877,985,0.002,0.0009662525858536932
20190226,0.2094536425535541,984,0.002,0.0009980233474885176
20190226,0.21421395261158943,984,0.002,0.0009980233474885176
20190226,0.21897426266962475,982,0.002,0.0010721635236576417
20190226,0.22373457272766006,981,0.002,0.001107132203135965
20190226,0.22849488278569538,980,0.002,0.0011437125639241342
20190226,0.2332551928437307,980,0.002,0.0011437125639241342
20190226,0.238015502901766,979,0.002,0.0011814462563005583
20190226,0.24277581295980136,979,0.002,0.0011814462563005583
20190226,0.24753612301783667,978,0.002,0.0012175296466503736
20190226,0.252296433075872,977,0.002,0.0012523150294773643
20190226,0.2570567431339073,976,0.002,0.0012862740592683726
20190226,0.26181705319194265,974,0.002,0.0013538327172042644
20190226,0.266577363249978,973,0.002,0.0013856209393927183
20190226,0.2713376733080133,971,0.002,0.0014887457524732446
20190226,0.27609798336604857,969,0.002,0.001547314387698612
20190226,0.2808582934240839,969,0.002,0.001547314387698612
20190226,0.2856186034821192,969,0.002,0.001547314387698612
20190226,0.29037891354015455,968,0.002,0.001577998420853671
20190226,0.2951392235981899,968,0.002,0.001577998420853671
20190226,0.2998995336562252,968,0.002,0.001577998420853671
20190226,0.3046598437142605,967,0.002,0.0016110222778179628
20190226,0.3094201537722958,966,0.002,0.0016456248274494144
20190226,0.31418046383033116,966,0.002,0.0016456248274494144
20190226,0.3189407738883665,965,0.002,0.0016756239889045945
20190226,0.3237010839464018,965,0.002,0.0016756239889045945
20190226,0.32846139400443713,964,0.002,0.0016965415271301188
20190226,0.3332217040624725,964,0.002,0.0016965415271301188
20190226,0.3379820141205077,964,0.002,0.0016965415271301188
20190226,0.34274232417854306,963,0.002,0.0016703728221363142
20190226,0.3475026342365784,963,0.002,0.0016703728221363142
20190226,0.3522629442946137,963,0.002,0.0016703728221363142
20190226,0.35702325435264903,963,0.002,0.0016703728221363142
20190226,0.3617835644106844,963,0.002,0.0016703728221363142
20190226,0.36654387446871967,961,0.002,0.0017226859293946958
20190226,0.371304184526755,960,0.002,0.0017465323269159135
20190226,0.37606449458479035,960,0.002,0.0017465323269159135
20190226,0.38082480464282564,960,0.002,0.0017465323269159135
20190226,0.385585114700861,960,0.002,0.0017465323269159135
20190226,0.39034542475889633,959,0.002,0.0018550541343841584
20190226,0.3951057348169316,959,0.002,0.0018550541343841584
20190226,0.3998660448749669,958,0.002,0.0019097375857901441
20190226,0.40462635493300225,958,0.002,0.0019097375857901441
20190226,0.40938666499103754,958,0.002,0.0019097375857901441
20190226,0.4141469750490729,958,0.002,0.0019097375857901441
20190226,0.4189072851071082,958,0.002,0.0019097375857901441
20190226,0.4236675951651435,957,0.002,0.001960799747694738
20190226,0.42842790522317886,957,0.002,0.001960799747694738
20190226,0.43318821528121415,957,0.002,0.001960799747694738
20190226,0.4379485253392495,957,0.002,0.001960799747694738
20190226,0.44270883539728484,957,0.002,0.001960799747694738
20190226,0.4474691454553201,956,0.002,0.001985373620170474
20190226,0.45222945551335547,956,0.002,0.001985373620170474
20190226,0.45698976557139076,955,0.002,0.002052563659235442
20190226,0.46175007562942605,954,0.002,0.0020477994693993804
20190226,0.4665103856874614,953,0.002,0.0021170406463677715
20190226,0.47127069574549674,953,0.002,0.0021170406463677715
20190226,0.476031005803532,953,0.002,0.0021170406463677715
20190226,0.48079131586156737,953,0.002,0.0021269456263358516
20190226,0.4855516259196027,953,0.002,0.0021269456263358516
20190226,0.490311935977638,953,0.002,0.0021269456263358516
20190226,0.49507224603567335,952,0.002,0.002073973754336558
20190226,0.4998325560937087,952,0.002,0.0021048975649058345
20190226,0.504592866151744,952,0.002,0.0021048975649058345
20190226,0.5093531762097793,951,0.002,0.002118735728006847
20190226,0.5141134862678146,951,0.002,0.002118735728006847
20190226,0.51887379632585,951,0.002,0.002118735728006847
20190226,0.5236341063838853,951,0.002,0.002118735728006847
20190226,0.5283944164419206,949,0.002,0.002158486613817541
20190226,0.533154726499956,949,0.002,0.002158486613817541
20190226,0.5379150365579912,949,0.002,0.002158486613817541
20190226,0.5426753466160266,949,0.002,0.002158486613817541
20190226,0.5474356566740619,948,0.002,0.0021342079927052374
20190226,0.5521959667320971,948,0.002,0.0021342079927052374
20190226,0.5569562767901325,948,0.002,0.0021342079927052374
20190226,0.5617165868481678,948,0.002,0.0021342079927052374
20190226,0.5664768969062031,947,0.002,0.002151690695364697
20190226,0.5712372069642384,946,0.002,0.002174138557707963
20190226,0.5759975170222738,946,0.002,0.002174138557707963
20190226,0.5807578270803091,946,0.002,0.002174138557707963
20190226,0.5855181371383444,945,0.002,0.0021300352222266778
20190226,0.5902784471963798,945,0.002,0.0021300352222266778
20190226,0.595038757254415,945,0.002,0.0021300352222266778
20190226,0.5997990673124504,945,0.002,0.0021300352222266778
20190226,0.6045593773704857,944,0.002,0.002145984090803337
20190226,0.609319687428521,944,0.002,0.002145984090803337
20190226,0.6140799974865564,943,0.002,0.002002304702377865
20190226,0.6188403075445916,943,0.002,0.002002304702377865
20190226,0.623600617602627,943,0.002,0.002002304702377865
20190226,0.6283609276606623,943,0.002,0.002002304702377865
20190226,0.6331212377186977,943,0.002,0.002002304702377865
20190226,0.637881547776733,942,0.002,0.0019291585373307758
20190226,0.6426418578347683,942,0.002,0.0019291585373307758
20190226,0.6474021678928036,942,0.002,0.0019291585373307758
20190226,0.6521624779508389,942,0.002,0.0019917577722371686
20190226,0.6569227880088743,942,0.002,0.0019917577722371686
20190226,0.6616830980669096,942,0.002,0.0019917577722371686
20190226,0.666443408124945,942,0.002,0.0019917577722371686
20190226,0.6712037181829802,941,0.002,0.0020460789424102477
20190226,0.6759640282410154,941,0.002,0.0020460789424102477
20190226,0.6807243382990508,941,0.002,0.0020460789424102477
20190226,0.6854846483570861,941,0.002,0.0020460789424102477
20190226,0.6902449584151215,941,0.002,0.0020460789424102477
20190226,0.6950052684731568,941,0.002,0.0020460789424102477
20190226,0.6997655785311921,941,0.002,0.0020460789424102477
20190226,0.7045258885892274,941,0.002,0.0020460789424102477
20190226,0.7092861986472627,941,0.002,0.0020460789424102477
20190226,0.7140465087052981,941,0.002,0.0020460789424102477
20190226,0.7188068187633334,941,0.002,0.0020460789424102477
20190226,0.7235671288213688,941,0.002,0.0020460789424102477
20190226,0.728327438879404,940,0.003,0.002040962285767008
20190226,0.7330877489374393,940,0.003,0.002040962285767008
20190226,0.7378480589954747,940,0.003,0.002040962285767008
20190226,0.74260836905351,940,0.003,0.002040962285767008
20190226,0.7473686791115454,940,0.003,0.002040962285767008
20190226,0.7521289891695807,939,0.003,0.0015189613531898878
20190226,0.7568892992276159,939,0.003,0.0015189613531898878
20190226,0.7616496092856513,939,0.003,0.0015189613531898878
20190226,0.7664099193436866,939,0.003,0.001519558544672777
20190226,0.771170229401722,939,0.003,0.001519558544672777
20190226,0.7759305394597573,939,0.003,0.001519558544672777
20190226,0.7806908495177927,939,0.003,0.001519558544672777
20190226,0.7854511595758279,939,0.003,0.001519558544672777
20190226,0.7902114696338632,939,0.003,0.001519558544672777
20190226,0.7949717796918985,939,0.003,0.001519558544672777
20190226,0.7997320897499338,939,0.003,0.001519558544672777
20190226,0.8044923998079692,939,0.003,0.001519558544672777
20190226,0.8092527098660045,939,0.003,0.001519558544672777
20190226,0.8140130199240397,939,0.003,0.001519558544672777
20190226,0.8187733299820751,938,0.003,0.0015505576990244524
20190226,0.8235336400401104,937,0.003,0.0015596642209744723
20190226,0.8282939500981458,936,0.003,0.0015940260064165347
20190226,0.8330542601561811,936,0.003,0.0015940260064165347
20190226,0.8378145702142163,936,0.003,0.0015940260064165347
20190226,0.8425748802722517,935,0.003,0.0015708202382703883
20190226,0.847335190330287,935,0.003,0.0015708202382703883
20190226,0.8520955003883224,935,0.003,0.001667376351211839
20190226,0.8568558104463577,934,0.003,0.0018848514364641037
20190226,0.8616161205043931,934,0.003,0.0018848514364641037
20190226,0.8663764305624283,933,0.003,7.5760077146917e-05
20190226,0.8711367406204636,933,0.003,7.5760077146917e-05
20190226,0.875897050678499,933,0.003,7.5760077146917e-05
20190226,0.8806573607365343,933,0.003,1.898143358346577e-05
20190226,0.8854176707945697,933,0.003,1.898143358346577e-05
20190226,0.890177980852605,933,0.003,1.898143358346577e-05
20190226,0.8949382909106403,933,0.003,0.00010732093640768995
20190226,0.8996986009686756,933,0.003,0.00010732093640768995
20190226,0.9044589110267109,932,0.003,0.0001670547057990859
20190226,0.9092192210847463,932,0.003,0.0001670547057990859
20190226,0.9139795311427815,932,0.003,0.0001670547057990859
20190226,0.9187398412008169,932,0.003,0.0001670547057990859
20190226,0.9235001512588521,931,0.003,0.0005631917347631225
20190226,0.9282604613168874,931,0.003,0.0005631917347631225
20190226,0.9330207713749228,931,0.003,0.0005631917347631225
20190226,0.9377810814329581,931,0.003,0.00048258622192992107
20190226,0.9425413914909935,931,0.003,0.00045099495806792
20190226,0.9473017015490288,931,0.003,0.00034229843882252535
20190226,0.952062011607064,931,0.003,0.00034229843882252535
20190226,0.9568223216650995,931,0.003,0.00012284036054175477
20190226,0.9615826317231347,931,0.003,8.931368877352875e-05
20190226,0.9663429417811702,931,0.003,0.00011930912315549494
20190226,0.9711032518392054,931,0.003,0.00017889868027563423
20190226,0.9758635618972407,931,0.003,0.0003085073003014851
20190226,0.980623871955276,931,0.003,0.0004608842468915504
20190226,0.9853841820133112,931,0.003,0.00044229363520493825
20190226,0.9901444920713467,931,0.0029999999999999996,0.0007969877665902921
20190226,0.9949048021293819,931,0.003,0.000810660576869083
20190226,0.9996651121874174,931,0.003,0.0008412770734227638
20190226,1.0044254222454525,931,0.003,0.0012414261781885313
20190226,1.009185732303488,931,0.003,0.0019531776966476965
20190226,1.0139460423615232,931,0.003,0.002264965866706337
20190226,1.0187063524195585,931,0.003,0.002613798731953401
20190226,1.0234666624775939,929,0.003,0.0015835074779889753
20190226,1.0282269725356292,929,0.003,0.0027952784178984433
20190226,1.0329872825936646,929,0.002854670105884924,0.0045909438671998745
20190226,1.0377475926517,929,0.003080109227557939,0.006036183721134046
20190226,1.0425079027097353,929,0.003452055063716066,0.00940377131048129
20190226,1.0472682127677706,929,0.003923149034627347,0.011286961914981177
20190226,1.0520285228258057,929,0.003923149034627347,0.011869937798876937
20190226,1.0567888328838413,929,0.003923149034627347,0.012885690499869921
20190226,1.0615491429418764,928,0.003923149034627346,0.013745455321235054
20190226,1.066309452999912,928,0.003923149034627347,0.013862837833728122
20190226,1.071069763057947,928,0.003923149034627346,0.014407970001005832
20190226,1.0758300731159824,928,0.003923149034627347,0.015000343927441696
20190226,1.0805903831740178,927,0.003923149034627347,0.014476061414887088
20190226,1.0853506932320531,927,0.003923149034627347,0.01421734665169916
20190226,1.0901110032900885,927,0.003923149034627347,0.014442541823455985
20190226,1.0948713133481238,927,0.003923149034627347,0.014442541823455985
20190226,1.099631623406159,927,0.003923149034627346,0.01479199524192723
20190226,1.1043919334641943,927,0.003923149034627347,0.014813025412354386
20190226,1.1091522435222296,926,0.003923149034627347,0.014979906439485246
20190226,1.113912553580265,926,0.003923149034627347,0.01497874226914736
20190226,1.1186728636383003,926,0.003923149034627347,0.01497874226914736
20190226,1.1234331736963357,925,0.003923149034627346,0.015007318842445497
20190226,1.128193483754371,925,0.003923149034627347,0.01499033319394385
20190226,1.1329537938124061,925,0.003923149034627346,0.015181429410295877
20190226,1.1377141038704417,925,0.003923149034627347,0.015426309949455213
20190226,1.1424744139284768,925,0.003923149034627347,0.015560523070913377
20190226,1.1472347239865124,925,0.003923149034627347,0.01555597895797531
20190226,1.1519950340445475,925,0.003923149034627347,0.015430924145135605
20190226,1.1567553441025828,925,0.003923149034627347,0.015667847089857464
20190226,1.1615156541606182,925,0.003923149034627347,0.01575002046948449
20190226,1.1662759642186535,925,0.003923149034627347,0.016322434300539528
20190226,1.1710362742766889,925,0.003923149034627347,0.016650576565829016
20190226,1.1757965843347242,925,0.003923149034627346,0.016772754338730236
20190226,1.1805568943927596,925,0.003923149034627346,0.016757823884863767
20190226,1.185317204450795,925,0.003923149034627347,0.01660760800341122
20190226,1.19007751450883,924,0.004793427940407607,0.015350102393828472
20190226,1.1948378245668656,924,0.004793427940407606,0.01573707319791964
20190226,1.1995981346249007,924,0.004793427940407608,0.016159328894958757
20190226,1.2043584446829363,924,0.004793427940407608,0.01617162335472374
20190226,1.2091187547409714,924,0.004793427940407607,0.016558161643387883
20190226,1.2138790647990068,924,0.004793427940407607,0.016634770259774407
20190226,1.218639374857042,923,0.004793427940407608,0.016417981704904213
20190226,1.2233996849150772,923,0.005326672298100157,0.017401138560301704
20190226,1.2281599949731128,923,0.005326672298100157,0.01755599035179067
20190226,1.232920305031148,923,0.005326672298100157,0.017807261890700057
20190226,1.2376806150891833,923,0.005326672298100157,0.018336401844604507
20190226,1.2424409251472186,923,0.005326672298100157,0.018355311224966402
20190226,1.247201235205254,923,0.005326672298100157,0.019007259098710212
20190226,1.2519615452632893,923,0.005326672298100157,0.018759411772426446
20190226,1.2567218553213246,922,0.005326672298100157,0.013561900789049652
20190226,1.26148216537936,922,0.005326672298100157,0.013477570837588103
20190226,1.2662424754373953,922,0.005326672298100158,0.013376534327171893
20190226,1.2710027854954304,921,0.005326672298100157,0.00015652734467850042
20190226,1.275763095553466,921,0.005326672298100157,0.0005048735460706611
20190226,1.2805234056115011,921,0.007272256524911202,0.0021504605173132702
20190226,1.2852837156695367,921,0.007272256524911202,0.0023137635179886922
20190226,1.2900440257275718,921,0.007272256524911202,0.002418935196836011
20190226,1.2948043357856072,921,0.007272256524911202,0.0021478005966632323
20190226,1.2995646458436425,921,0.007272256524911202,0.0018697313044319396
20190226,1.3043249559016779,921,0.007272256524911202,0.002009020183852387
20190226,1.3090852659597132,921,0.007272256524911202,0.0025208516091190757
20190226,1.3138455760177485,921,0.007272256524911202,0.002523798393542318
20190226,1.3186058860757837,921,0.007272256524911202,0.002264403971320482
20190226,1.3233661961338192,921,0.007272256524911202,0.0023570997103772207
20190226,1.3281265061918544,921,0.0072722565249112026,0.0023626146855757297
20190226,1.33288681624989,921,0.007272256524911202,0.0032978572702240597
20190226,1.337647126307925,921,0.007272256524911202,0.003534473876561304
20190226,1.3424074363659604,921,0.007272256524911202,0.003819933337045435
20190226,1.3471677464239957,921,0.007272256524911202,0.003877707355054735
20190226,1.3519280564820308,921,0.006646616778808115,0.003130445385837038
20190226,1.3566883665400664,921,0.006646616778808115,0.0034644061832636796
20190226,1.3614486765981015,921,0.006646616778808115,0.0037980437218159795
20190226,1.366208986656137,921,0.006646616778808115,0.0037980437218159795
20190226,1.3709692967141722,921,0.006646616778808115,0.003215938278269464
20190226,1.3757296067722076,921,0.006646616778808115,0.003790703675831698
20190226,1.380489916830243,921,0.0066466167788081145,0.004195865891919825
20190226,1.3852502268882783,921,0.0066466167788081145,0.004327996184236353
20190226,1.3900105369463136,921,0.0066466167788081145,0.004812885905523002
20190226,1.394770847004349,921,0.0066466167788081145,0.00446064772300326
20190226,1.3995311570623843,921,0.006646616778808115,0.004521273085026596
20190226,1.4042914671204196,921,0.006646616778808115,0.004566998827111355
20190226,1.4090517771784548,921,0.006646616778808115,0.005141892842045308
20190226,1.4138120872364903,921,0.006646616778808115,0.006045757549528739
20190226,1.4185723972945254,920,0.006646616778808115,0.002284698803036215
20190226,1.423332707352561,920,0.006646616778808115,0.002108070264086387
20190226,1.4280930174105961,920,0.006646616778808115,0.0028655702148414164
20190226,1.4328533274686315,920,0.006646616778808115,0.0026419194529273653
20190226,1.4376136375266668,920,0.006646616778808116,0.0026520166835338117
20190226,1.4423739475847022,920,0.006646616778808115,0.0024483965536335086
20190226,1.4471342576427375,920,0.009098092243317034,0.004122109770256722
20190226,1.4518945677007729,920,0.009098092243317034,0.004032803072186513
20190226,1.456654877758808,920,0.009098092243317034,0.003585480648527354
20190226,1.4614151878168435,920,0.009098092243317034,0.0024770067489023103
20190226,1.4661754978748787,917,0.009098092243317034,0.004839170752309325
20190226,1.470935807932914,917,0.0072768540444024254,0.0068943540968485414
20190226,1.4756961179909494,917,0.007276854044402425,0.005612976033087484
20190226,1.4804564280489847,917,0.007276854044402425,0.0053885787596431485
20190226,1.48521673810702,917,0.0072768540444024254,0.005387978491177819
20190226,1.4899770481650552,917,0.0072768540444024254,0.004653132796417683
20190226,1.4947373582230907,917,0.0072768540444024254,0.004768174723139755
20190226,1.4994976682811259,916,0.0072768540444024254,0.0052676930180760835
20190226,1.5042579783391614,916,0.0072768540444024254,0.0047090825269403384
20190226,1.5090182883971965,916,0.0072768540444024254,0.004395612828656699
20190226,1.5137785984552319,916,0.005492387778059122,0.004814703297583618
20190226,1.5185389085132672,916,0.005492387778059122,0.004814703297583618
20190226,1.5232992185713026,916,0.005492387778059122,0.0036851077200134395
20190226,1.528059528629338,916,0.005524815905030751,0.0029465926950814282
20190226,1.5328198386873733,916,0.005492387778059122,0.0031266615198356036
20190226,1.5375801487454086,915,0.005221355412692079,0.007169654230646658
20190226,1.542340458803444,915,0.005221355412692079,0.0072229565277434835
20190226,1.547100768861479,915,0.005221355412692079,0.006501393916523197
20190226,1.5518610789195146,915,0.005221355412692079,0.006859440451596558
20190226,1.5566213889775498,913,0.005221355412692079,0.011655164746591803
20190226,1.5613816990355853,913,0.0068365856008900695,0.011050910357873192
20190226,1.5661420090936204,913,0.0057837236962622225,0.010213637662194639
20190226,1.5709023191516558,913,0.00689423423910853,0.008589802701311357
20190226,1.5756626292096911,912,0.00689423423910853,0.009554887449484096
20190226,1.5804229392677265,911,0.007602314679806756,0.013279050952249035
20190226,1.5851832493257618,911,0.007602314679806756,0.013805116430268553
20190226,1.589943559383797,911,0.007602314679806756,0.01306052882525995
20190226,1.5947038694418323,910,0.007602314679806756,0.03338531133223638
20190226,1.5994641794998676,910,0.006208355846268416,0.032660033183096224
20190226,1.604224489557903,910,0.005978887640434277,0.031566321285589796
20190226,1.6089847996159383,910,0.005978887640434276,0.03129965137452735
20190226,1.6137451096739737,910,0.007685122100564446,0.029768556796038997
20190226,1.618505419732009,909,0.008724543649262766,0.03682201735709255
20190226,1.6232657297900444,909,0.008789988567278122,0.035836963666017296
20190226,1.6280260398480795,908,0.014104110737888127,0.032591209902041104
20190226,1.632786349906115,908,0.010664506985835346,0.03377083905410263
20190226,1.6375466599641502,908,0.010359212921956467,0.03539969808873739
20190226,1.6423069700221857,907,0.010359212921956467,0.039863761508865045
20190226,1.6470672800802209,906,0.012328160245448139,0.035500248298724044
20190226,1.6518275901382562,906,0.012328160245448139,0.03056331168019551
20190226,1.6565879001962915,906,0.009638928751835299,0.03240324712263903
20190226,1.6613482102543269,906,0.009967861185583234,0.02936695475947446
20190226,1.6661085203123622,905,0.009967861185583234,0.031683171508316975
20190226,1.6708688303703976,905,0.013059258043045452,0.024707799172907326
20190226,1.6756291404284327,904,0.013059258043045452,0.017288271491879326
20190226,1.6803894504864683,904,0.009483085323257066,0.02394658328444794
20190226,1.6851497605445034,904,0.01044272547002198,0.022424771221786384
20190226,1.689910070602539,904,0.009492067575877162,0.02114073213633544
20190226,1.694670380660574,903,0.011623211583298583,0.019440155047263156
20190226,1.6994306907186096,903,0.012580284703601603,0.011280908104763392
20190226,1.7041910007766448,903,0.018765329637306635,0.0018535295703491557
20190226,1.7089513108346799,903,0.01243608474892783,0.01250352017054416
20190226,1.7137116208927154,902,0.0270694241621799,0.0213836354803663
20190226,1.7184719309507506,902,0.016343467573989412,0.009610015623162563
20190226,1.7232322410087861,901,0.021592183973362707,0.008033651333367097
20190226,1.7279925510668213,901,0.01926241272563766,0.0054968364279529445
20190226,1.7327528611248566,901,0.019262412725637657,0.0007724280553127094
20190226,1.737513171182892,900,0.015065315189686256,0.0043225415460287795
20190226,1.7422734812409273,900,0.019940323311911732,0.0076595400443035914
20190226,1.7470337912989626,900,0.01970809632809219,0.008698594185025993
20190226,1.751794101356998,900,0.014841717710366298,0.005308350015883523
20190226,1.7565544114150333,900,0.014841717710366298,0.013500987336635958
20190226,1.7613147214730687,900,0.013894487378319843,0.012918515931562749
20190226,1.7660750315311038,900,0.015556276854323484,0.015906206090880313
20190226,1.7708353415891394,900,0.017459522857322562,0.015153581963049313
20190226,1.7755956516471745,899,0.017240620467692636,0.008512820605993137
20190226,1.78035596170521,898,0.018058105097510203,0.02672487191490685
20190226,1.7851162717632452,898,0.021713574487591716,0.01768302566954921
20190226,1.7898765818212805,897,0.029689360175213408,0.003788799074531601
20190226,1.7946368918793159,897,0.02076375782435965,0.0260340161160801
20190226,1.7993972019373512,896,0.01687958453606375,0.03081846472758176
20190226,1.8041575119953865,896,0.011813735381128511,0.04112566865801774
20190226,1.8089178220534219,896,0.018767655709237323,0.015078400884175511
20190226,1.813678132111457,894,0.018033727478846667,0.051965356654238105
20190226,1.8184384421694926,893,0.014549702831697243,0.0590054983756006
20190226,1.8231987522275277,892,0.017141450699039225,0.06567245406949869
20190226,1.827959062285563,892,0.0185965067749474,0.04912067116677949
20190226,1.8327193723435984,891,0.018248450280696805,0.04899849850747785
20190226,1.8374796824016337,890,0.03155583885438821,0.01403924845240311
20190226,1.842239992459669,889,0.013463816913375715,0.09063350249473731
20190226,1.8470003025177042,885,0.012944374033096505,0.10342649071849891
20190226,1.8517606125757398,885,0.018560889900240688,0.07445696412312702
20190226,1.8565209226337749,884,0.02139342248297007,0.11047019805651033
20190226,1.8612812326918104,882,0.02433984503740287,0.10766619381279902
20190226,1.8660415427498456,879,0.028036609334442426,0.0356645685645313
20190226,1.870801852807881,877,0.03918745480024905,0.012134655648958192
20190226,1.8755621628659163,876,0.02854842397560575,0.03445766700695687
20190226,1.8803224729239516,876,0.02961543679961515,0.05328447005322835
20190226,1.885082782981987,876,0.03408014630935372,0.022212902535052655
20190226,1.8898430930400223,875,0.03181408071685958,0.023661466556417928
20190226,1.8946034030980576,873,0.03419588181063555,0.007574827833859182
20190226,1.899363713156093,872,0.032113355482228795,0.0069140091263184674
20190226,1.904124023214128,870,0.0391073047907611,0.05726644717751402
20190226,1.9088843332721634,869,0.024216651541859993,0.03855524849951904
20190226,1.913644643330199,868,0.060804243005677286,0.14675170681736444
20190226,1.9184049533882344,868,0.031178578338388177,0.017963212448190925
20190226,1.9231652634462695,867,0.02196333404947044,0.02095874386544104
20190226,1.9279255735043046,867,0.023404637302278694,0.04202381111480106
20190226,1.9326858835623404,865,0.037135334934468335,0.002501212504739467
20190226,1.9374461936203755,865,0.02760195575931103,0.021619654544701376
20190226,1.9422065036784109,865,0.055054867674733776,0.10383188985321408
20190226,1.946966813736446,862,0.03681902419101019,0.011391053679144574
20190226,1.9517271237944813,858,0.03252175457961315,0.035060615414715196
20190226,1.9564874338525169,857,0.05651578745455925,0.2235408710840111
20190226,1.961247743910552,855,0.07855450860878557,0.4555143572293747
20190226,1.9660080539685874,853,0.07387560029662024,0.4427022021057116
20190226,1.9707683640266225,853,0.07887328340160296,0.4664656668684385
20190226,1.9755286740846583,851,0.09668199922520264,0.7583452523628454
20190226,1.9802889841426934,851,0.056445928405251804,0.303385048356552
20190226,1.9850492942007285,850,0.06985015840914022,0.43875169042032064
20190226,1.9898096042587639,850,0.06033613109000162,0.3793592971070328
20190226,1.9945699143167994,849,0.07261175696864994,0.4535743398277659
20190226,1.9993302243748348,848,0.046774559095559706,0.2328112413070219
20190226,2.00409053443287,845,0.08371100430790811,0.9209123066682011
20190226,2.008850844490905,845,0.07548544006099023,0.6822921032260412
20190226,2.013611154548941,843,0.16321456865248463,2.0694646886879444
20190226,2.018371464606976,841,0.1166239563471555,1.1817100489666887
20190226,2.023131774665011,840,0.12193746715784261,1.3933915296883888
20190226,2.0278920847230464,838,0.0989354682973237,1.2048711796553966
20190226,2.032652394781082,837,0.09802167087377205,1.2725439890825023
20190226,2.037412704839117,837,0.07587230668419195,1.1339861299547689
20190226,2.0421730148971524,836,0.15292108963906442,2.163155774502313
20190226,2.0469333249551878,836,0.10426237218467639,1.7783881170347455
20190226,2.0516936350132235,836,0.08775476101487585,1.480456232757571
20190226,2.0564539450712584,836,0.08052747468420483,1.2197604330195686
20190226,2.061214255129294,833,0.172386786246517,2.754484254415929
20190226,2.065974565187329,832,0.17953219060581968,2.968349620061828
20190226,2.0707348752453645,832,0.18349119294486538,3.080658208320942
20190226,2.0754951853034,832,0.08988926003531317,1.5644143680451104
20190226,2.080255495361435,830,0.18294351975525622,3.2232420714738783
20190226,2.0850158054194705,830,0.11932920945598212,2.285994164325949
20190226,2.0897761154775054,830,0.08506597247775322,1.7020727646756688
20190226,2.094536425535541,829,0.1715461823862151,3.074831244422311
20190226,2.0992967355935765,829,0.0959360063143945,1.9583631465155842
20190226,2.1040570456516114,828,0.12214620004368655,2.2806865436079615
20190226,2.108817355709647,827,0.11531946107444205,2.318735866062322
20190226,2.1135776657676826,826,0.13499805042512159,2.7798607707766823
20190226,2.1183379758257175,826,0.1792784486016941,3.5286595584847893
20190226,2.123098285883753,826,0.12234595834328515,2.7320177482823214
20190226,2.127858595941788,825,0.14188658351276703,3.018318439929966
20190226,2.132618905999824,824,0.17763646818910186,3.7674438236337804
20190226,2.137379216057859,824,0.1934278642891302,4.143116847871392
20190226,2.142139526115894,824,0.2071794352244092,4.488098847269778
20190226,2.1468998361739295,824,0.11763940421280039,2.5503507267823347
20190226,2.151660146231965,823,0.11302362054819104,2.9059542502800877
20190226,2.1564204562900002,821,0.1685144585936156,4.002206093333228
20190226,2.1611807663480356,820,0.2403400300890556,5.796378278876666
20190226,2.165941076406071,820,0.2403400300890556,5.796378278876666
20190226,2.1707013864641063,820,0.2403400300890556,5.796378278876666
20190226,2.1754616965221416,820,0.2403400300890556,5.796378278876666
20190226,2.180222006580177,820,0.2403400300890556,5.796378278876666
20190226,2.184982316638212,820,0.13271569951084008,3.7416778207992745
20190226,2.1897426266962476,820,0.12533260456221954,3.806166989540524
20190226,2.194502936754283,819,0.24295113720916303,5.983027110332811
20190226,2.199263246812318,819,0.24295113720916303,5.982973827302794
20190226,2.2040235568703532,819,0.24295113720916303,5.982958050234462
20190226,2.2087838669283886,819,0.24295113720916303,5.982966266803614
20190226,2.2135441769864244,819,0.24295113720916303,5.982966266803614
20190226,2.2183044870444593,819,0.24295113720916303,5.982966266803614
20190226,2.2230647971024946,819,0.24295113720916303,5.982966266803614
20190226,2.22782510716053,819,0.24295113720916303,5.982966266803614
20190226,2.2325854172185653,819,0.24295113720916303,5.982822926400351
20190226,2.2373457272766006,819,0.24295113720916303,5.982906386404355
20190226,2.242106037334636,818,0.24444239186625455,6.0410783550679845
20190226,2.2468663473926713,818,0.24444239186625455,6.041189382968701
20190226,2.2516266574507067,818,0.1600935687417765,4.077492572984994
20190226,2.256386967508742,817,0.2463034652151322,6.127106356287098
20190226,2.2611472775667774,817,0.2463034652151322,6.127106356287098
20190226,2.2659075876248123,817,0.2463034652151322,6.127067813797006
20190226,2.270667897682848,817,0.20613373891209005,4.8892054087378165
20190226,2.2754282077408834,816,0.24781410589908573,6.1979921028135845
20190226,2.2801885177989183,816,0.24781410589908573,6.1979921028135845
20190226,2.2849488278569536,815,0.24847446936644965,6.222396375415068
20190226,2.2897091379149894,815,0.24847446936644965,6.222396375415068
20190226,2.2944694479730248,815,0.24847446936644965,6.222396375415068
20190226,2.2992297580310597,815,0.24847446936644965,6.222396375415068
20190226,2.303990068089095,815,0.24847446936644968,6.222561112190309
20190226,2.308750378147131,814,0.2489049472245974,6.248797724301927
20190226,2.3135106882051657,814,0.2489049472245974,6.248797724301927
20190226,2.318270998263201,814,0.1793335988094317,4.409335203184699
20190226,2.3230313083212364,813,0.24980223829494588,6.275130951593125
20190226,2.3277916183792717,813,0.24980223829494588,6.275418948435584
20190226,2.332551928437307,813,0.15629386876930237,4.129851412473807
20190226,2.3373122384953424,812,0.2502283301439376,6.304609880713636
20190226,2.3420725485533778,812,0.2502283301439376,6.304609880713636
20190226,2.3468328586114127,812,0.2502283301439376,6.304672523462581
20190226,2.3515931686694485,812,0.2502283301439376,6.304672523462581
20190226,2.356353478727484,812,0.2502283301439376,6.304672523462581
20190226,2.361113788785519,812,0.2502283301439376,6.304672523462581
20190226,2.365874098843554,812,0.2502283301439376,6.304672523462581
20190226,2.37063440890159,812,0.2502283301439376,6.304672523462581
20190226,2.375394718959625,812,0.2502283301439376,6.304672523462581
20190226,2.38015502901766,812,0.2502283301439376,6.304672523462581
20190226,2.3849153390756954,812,0.2502283301439376,6.3046659096946875
20190226,2.389675649133731,812,0.2502283301439376,6.30483910245114
20190226,2.394435959191766,812,0.2502283301439376,6.304757058113825
20190226,2.3991962692498014,812,0.2502283301439376,6.304783842693158
20190226,2.403956579307837,812,0.2502283301439376,6.304831335123758
20190226,2.4087168893658726,812,0.2502283301439376,6.304835030113141
20190226,2.4134771994239075,812,0.2502283301439376,6.304992885617546
20190226,2.418237509481943,812,0.2502283301439376,6.304811904717284
20190226,2.422997819539978,812,0.2502283301439376,6.304811904717284
20190226,2.4277581295980135,811,0.2516246941561262,6.3846833008654915
20190226,2.432518439656049,811,0.2516246941561262,6.3846833008654915
20190226,2.437278749714084,811,0.2516246941561262,6.3846833008654915
20190226,2.4420390597721195,811,0.2516246941561262,6.3846833008654915
20190226,2.4467993698301544,811,0.17215862683542618,4.378275059600901
20190226,2.4515596798881902,810,0.25249699250336355,6.425640416398997
20190226,2.4563199899462256,809,0.2546779811892178,6.497311419793878
20190226,2.4610803000042605,809,0.2546779811892178,6.497349185057794
20190226,2.465840610062296,809,0.2546779811892178,6.497349185057794
20190226,2.4706009201203316,809,0.25467798118921775,6.497626935387316
20190226,2.4753612301783665,809,0.25467798118921775,6.497603093879807
20190226,2.480121540236402,809,0.25467798118921775,6.497603093879807
20190226,2.484881850294437,809,0.2546779811892178,6.497634834810651
20190226,2.489642160352473,809,0.2546779811892178,6.497634834810651
20190226,2.494402470410508,809,0.2546779811892178,6.497634834810651
20190226,2.4991627804685432,809,0.2546779811892178,6.497646337885119
20190226,2.5039230905265786,809,0.2546779811892178,6.497623527667442
20190226,2.508683400584614,809,0.2546779811892178,6.4977166584289145
20190226,2.5134437106426493,809,0.2546779811892178,6.4977166584289145
20190226,2.5182040207006846,809,0.2546779811892178,6.4977166584289145
20190226,2.52296433075872,809,0.2546779811892178,6.4977166584289145
20190226,2.5277246408167553,809,0.2546779811892178,6.4977166584289145
20190226,2.5324849508747906,809,0.2546779811892178,6.4977166584289145
20190226,2.537245260932826,809,0.2546779811892178,6.4977166584289145
20190226,2.542005570990861,809,0.2546779811892178,6.4977166584289145
20190226,2.5467658810488967,809,0.2546779811892178,6.497634430769992
20190226,2.551526191106932,808,0.2537070842762955,6.447493639266102
20190226,2.556286501164967,808,0.2537070842762955,6.447493639266102
20190226,2.5610468112230023,808,0.2537070842762955,6.447493639266102
20190226,2.5658071212810376,807,0.25748446537814257,6.604473268474894
20190226,2.5705674313390734,807,0.25748446537814257,6.604473268474894
20190226,2.5753277413971083,807,0.2574844653781426,6.604533520930066
20190226,2.5800880514551436,807,0.2574844653781426,6.604636940954205
20190226,2.584848361513179,807,0.2574844653781426,6.60472660522879
20190226,2.5896086715712143,807,0.2574844653781426,6.60472660522879
20190226,2.5943689816292497,807,0.2574844653781426,6.604867034776544
20190226,2.599129291687285,807,0.2574844653781426,6.604867034776544
20190226,2.6038896017453204,807,0.2574844653781426,6.604867034776544
20190226,2.6086499118033557,806,0.2581227804338682,6.642345251553762
20190226,2.613410221861391,806,0.2581227804338682,6.642345251553762
20190226,2.6181705319194264,806,0.25812278043386816,6.642601809456578
20190226,2.6229308419774613,806,0.25812278043386816,6.642601809456578
20190226,2.627691152035497,806,0.25812278043386816,6.642601809456578
20190226,2.6324514620935324,806,0.25812278043386816,6.642601809456578
20190226,2.6372117721515673,806,0.25812278043386816,6.642601809456578
20190226,2.6419720822096027,806,0.25812278043386816,6.642601809456578
20190226,2.6467323922676385,806,0.25812278043386816,6.642601809456578
20190226,2.651492702325674,806,0.25812278043386816,6.642601809456578
20190226,2.6562530123837087,806,0.21754736858514967,5.320774739464722
20190226,2.661013322441744,805,0.25895711018250456,6.677159623588526
20190226,2.66577363249978,805,0.25895711018250456,6.677170437380059
20190226,2.6705339425578147,805,0.25895711018250456,6.677170437380059
20190226,2.67529425261585,805,0.25895711018250456,6.677287971144878
20190226,2.6800545626738854,805,0.25895711018250456,6.677143969118943
20190226,2.6848148727319208,805,0.25895711018250456,6.677143969118943
20190226,2.689575182789956,805,0.25895711018250456,6.677125279734758
20190226,2.6943354928479915,805,0.25895711018250456,6.677007857097727
20190226,2.699095802906027,805,0.25895711018250456,6.677007857097727
20190226,2.7038561129640617,805,0.25895711018250456,6.677111528965859
20190226,2.7086164230220975,805,0.25895711018250456,6.6770894629354
20190226,2.713376733080133,805,0.25895711018250456,6.677197767374011
20190226,2.718137043138168,805,0.25895711018250456,6.677197767374011
20190226,2.722897353196203,805,0.25895711018250456,6.6767768401027565
20190226,2.727657663254239,805,0.25895711018250456,6.6767768401027565
20190226,2.732417973312274,805,0.25895711018250456,6.676735082232067
20190226,2.737178283370309,805,0.25895711018250456,6.676735082232067
20190226,2.7419385934283445,805,0.14846334691462365,4.38900949302582
20190226,2.7466989034863802,804,0.2632935883766666,6.846867607851316
20190226,2.751459213544415,804,0.2632935883766666,6.846867607851316
20190226,2.7562195236024505,804,0.2632935883766666,6.846867607851316
20190226,2.760979833660486,803,0.264226450169731,6.891039221962089
20190226,2.7657401437185216,803,0.264226450169731,6.891110560074716
20190226,2.7705004537765565,803,0.264226450169731,6.891110560074716
20190226,2.775260763834592,803,0.264226450169731,6.891110560074716
20190226,2.780021073892627,803,0.264226450169731,6.891110560074716
20190226,2.7847813839506625,803,0.264226450169731,6.891110560074716
20190226,2.789541694008698,802,0.26479603874053015,6.925240713886002
20190226,2.7943020040667332,802,0.26479603874053015,6.925240713886002
20190226,2.7990623141247686,802,0.26479603874053015,6.925240713886002
20190226,2.8038226241828035,802,0.14105796657426342,4.422624160655659
20190226,2.8085829342408393,801,0.2340341299238169,5.861467365623064
20190226,2.8133432442988746,799,0.2675771075678301,7.061911447680801
20190226,2.8181035543569095,799,0.2675771075678301,7.061868810652452
20190226,2.822863864414945,799,0.2675771075678301,7.061868810652452
20190226,2.8276241744729806,799,0.2675771075678301,7.06207922519965
20190226,2.8323844845310155,799,0.2675771075678301,7.06207922519965
20190226,2.837144794589051,799,0.2675771075678301,7.062081347311534
20190226,2.8419051046470862,799,0.2675771075678301,7.062081347311534
20190226,2.846665414705122,799,0.2675771075678301,7.06207335375827
20190226,2.851425724763157,799,0.26757710756783015,7.062213676469868
20190226,2.8561860348211923,799,0.26757710756783015,7.062213676469868
20190226,2.8609463448792276,799,0.26757710756783015,7.062213676469868
20190226,2.865706654937263,799,0.26757710756783015,7.062213676469868
20190226,2.8704669649952983,799,0.26757710756783015,7.062213676469868
20190226,2.8752272750533336,799,0.26757710756783015,7.062213676469868
20190226,2.879987585111369,799,0.26757710756783015,7.062213676469868
20190226,2.8847478951694043,799,0.26757710756783015,7.062213676469868
20190226,2.8895082052274397,798,0.2691655809757234,7.140983157015164
20190226,2.894268515285475,798,0.2691655809757234,7.140986233345362
20190226,2.89902882534351,798,0.2691655809757234,7.140986233345362
20190226,2.9037891354015457,797,0.2702841867162618,7.2011754007138595
20190226,2.908549445459581,797,0.2702841867162618,7.2011754007138595
20190226,2.913309755517616,797,0.2702841867162618,7.2011754007138595
20190226,2.9180700655756513,797,0.2702841867162618,7.201290958026983
20190226,2.922830375633687,797,0.2702841867162618,7.201290958026983
20190226,2.9275906856917224,797,0.2702841867162618,7.201290958026983
20190226,2.9323509957497573,796,0.2736106632719024,7.305977760095263
20190226,2.9371113058077927,796,0.2736106632719024,7.305977760095263
20190226,2.941871615865828,796,0.2736106632719024,7.305977760095263
20190226,2.9466319259238634,796,0.2736106632719024,7.305977760095263
20190226,2.9513922359818987,796,0.2736106632719024,7.306028924482792
20190226,2.956152546039934,796,0.2736106632719025,7.306054238799328
20190226,2.9609128560979694,796,0.11678328052898747,3.9499927487821282
20190226,2.9656731661560047,795,0.24936452291322123,6.438105487372553
20190226,2.97043347621404,793,0.27986315562868225,7.66359301026515
20190226,2.9751937862720754,793,0.2798631556286822,7.663547459710024
20190226,2.9799540963301103,793,0.27986315562868225,7.663529981726788
20190226,2.984714406388146,793,0.17567138763167495,5.057484613283374
20190226,2.9894747164461815,792,0.2816246591671392,7.7446768726951865
20190226,2.9942350265042164,791,0.282143095575959,7.786030844993489
20190226,2.9989953365622517,791,0.282143095575959,7.78619153931382
20190227,0.004760310058035321,1000,0.001,0.0
20190227,0.009520620116070641,1000,0.001,0.0
20190227,0.014280930174105961,1000,0.001,0.0
20190227,0.019041240232141283,1000,0.001,0.0
20190227,0.023801550290176603,1000,0.001,0.0
20190227,0.028561860348211923,1000,0.001,0.0
20190227,0.03332217040624725,1000,0.001,0.0
20190227,0.038082480464282566,999,0.002,0.00013662206476007337
20190227,0.04284279052231788,999,0.002,0.00013662206476007337
20190227,0.047603100580353205,999,0.002,0.00013662206476007337
20190227,0.05236341063838852,999,0.002,0.00013662206476007337
20190227,0.057123720696423845,999,0.002,0.00013662206476007337
20190227,0.06188403075445917,999,0.002,0.00013662206476007337
20190227,0.0666443408124945,998,0.002,0.00022811514501590172
20190227,0.0714046508705298,997,0.002,0.0003099358081457996
20190227,0.07616496092856513,997,0.002,0.0003099358081457996
20190227,0.08092527098660045,997,0.002,0.0003099358081457996
20190227,0.08568558104463576,997,0.002,0.0003099358081457996
20190227,0.0904458911026711,997,0.002,0.0003099358081457996
20190227,0.09520620116070641,995,0.002,0.0004447766635193755
20190227,0.09996651121874173,995,0.002,0.0004447766635193755
20190227,0.10472682127677704,995,0.002,0.0004447766635193755
20190227,0.10948713133481237,995,0.002,0.0004447766635193755
20190227,0.11424744139284769,994,0.002,0.0005041655868679288
20190227,0.119007751450883,994,0.002,0.0005041655868679288
20190227,0.12376806150891834,994,0.002,0.0005041655868679288
20190227,0.12852837156695365,994,0.002,0.0005041655868679288
20190227,0.133288681624989,992,0.002,0.000610739597515801
20190227,0.13804899168302429,992,0.002,0.000610739597515801
20190227,0.1428093017410596,991,0.002,0.0006611628495103836
20190227,0.14756961179909495,990,0.002,0.0007132807587474014
20190227,0.15232992185713026,990,0.002,0.0007132807587474014
20190227,0.15709023191516558,990,0.002,0.0007132807587474014
20190227,0.1618505419732009,990,0.002,0.0007132807587474014
20190227,0.16661085203123624,988,0.002,0.000808137671462066
20190227,0.17137116208927153,987,0.002,0.0009537192728051617
20190227,0.17613147214730684,986,0.002,0.0010344819202540033
20190227,0.1808917822053422,986,0.002,0.001074245154256258
20190227,0.1856520922633775,985,0.002,0.0011205343906564684
20190227,0.19041240232141282,985,0.002,0.0011205343906564684
20190227,0.19517271237944817,985,0.002,0.0011205343906564684
20190227,0.19993302243748345,985,0.002,0.0011205343906564684
20190227,0.20469333249551877,984,0.002,0.0011603818117246602
20190227,0.2094536425535541,984,0.002,0.0011603818117246602
20190227,0.21421395261158943,983,0.002,0.0011969001547966617
20190227,0.21897426266962475,982,0.002,0.0012334121297213768
20190227,0.22373457272766006,982,0.002,0.0012334121297213768
20190227,0.22849488278569538,982,0.002,0.001233710797367607
20190227,0.2332551928437307,982,0.002,0.001233710797367607
20190227,0.238015502901766,981,0.002,0.0012714444765051997
20190227,0.24277581295980136,980,0.003,0.0013433752834891306
20190227,0.24753612301783667,979,0.003,0.0013794586817155003
20190227,0.252296433075872,979,0.003,0.0013794586817155003
20190227,0.2570567431339073,979,0.003,0.0013794586817155003
20190227,0.26181705319194265,979,0.003,0.0013794586817155003
20190227,0.266577363249978,978,0.003,0.001411246920597748
20190227,0.2713376733080133,978,0.003,0.001411246920597748
20190227,0.27609798336604857,976,0.003,0.001508064575628561
20190227,0.2808582934240839,975,0.003,0.0015327484644970125
20190227,0.2856186034821192,975,0.003,0.0015327484644970125
20190227,0.29037891354015455,975,0.003,0.0015604835093638268
20190227,0.2951392235981899,975,0.003,0.0015604835093638268
20190227,0.2998995336562252,974,0.003,0.0015921428112497164
20190227,0.3046598437142605,973,0.003,0.0016251664990386968
20190227,0.3094201537722958,972,0.003,0.0016258150691607007
20190227,0.31418046383033116,971,0.003,0.0016550504330568947
20190227,0.3189407738883665,970,0.003,0.0016850496231759133
20190227,0.3237010839464018,969,0.003,0.0017151529002832565
20190227,0.32846139400443713,968,0.003,0.001751355440683827
20190227,0.3332217040624725,968,0.003,0.001751355440683827
20190227,0.3379820141205077,968,0.003,0.001751355440683827
20190227,0.34274232417854306,968,0.003,0.001751355440683827
20190227,0.3475026342365784,967,0.003,0.001777597148073202
20190227,0.3522629442946137,967,0.003,0.001777597148073202
20190227,0.35702325435264903,967,0.003,0.001777597148073202
20190227,0.3617835644106844,966,0.003,0.0018006443220788643
20190227,0.36654387446871967,966,0.003,0.0018016132141364042
20190227,0.371304184526755,965,0.003,0.0018254589450684786
20190227,0.37606449458479035,964,0.003,0.0018647573216071655
20190227,0.38082480464282564,964,0.003,0.0018647573216071655
20190227,0.385585114700861,964,0.003,0.0018647573216071655
20190227,0.39034542475889633,964,0.003,0.0018647573216071655
20190227,0.3951057348169316,964,0.003,0.0018647573216071655
20190227,0.3998660448749669,962,0.003,0.0019418132187418106
20190227,0.40462635493300225,962,0.003,0.0019418132187418106
20190227,0.40938666499103754,962,0.003,0.0019418132187418106
20190227,0.4141469750490729,961,0.003,0.0019412885094832516
20190227,0.4189072851071082,961,0.003,0.001961814852655429
20190227,0.4236675951651435,961,0.003,0.001961814852655429
20190227,0.42842790522317886,961,0.003,0.001961814852655429
20190227,0.43318821528121415,961,0.003,0.001961814852655429
20190227,0.4379485253392495,961,0.003,0.001961814852655429
20190227,0.44270883539728484,961,0.003,0.001961814852655429
20190227,0.4474691454553201,961,0.003,0.001961814852655429
20190227,0.45222945551335547,961,0.003,0.001961814852655429
20190227,0.45698976557139076,960,0.003,0.0019794974365581956
20190227,0.46175007562942605,959,0.003,0.00197473302927989
20190227,0.4665103856874614,959,0.003,0.00197473302927989
20190227,0.47127069574549674,959,0.003,0.00197473302927989
20190227,0.476031005803532,959,0.003,0.00197473302927989
20190227,0.48079131586156737,958,0.003,0.0019903489058152434
20190227,0.4855516259196027,958,0.003,0.0019903489058152434
20190227,0.490311935977638,958,0.003,0.0019903489058152434
20190227,0.49507224603567335,958,0.003,0.0019903489058152434
20190227,0.4998325560937087,958,0.003,0.0019903489058152434
20190227,0.504592866151744,958,0.003,0.0019903489058152434
20190227,0.5093531762097793,958,0.003,0.0019903489058152434
20190227,0.5141134862678146,958,0.003,0.0019903489058152434
20190227,0.51887379632585,958,0.003,0.0019903489058152434
20190227,0.5236341063838853,958,0.003,0.0019903489058152434
20190227,0.5283944164419206,957,0.003,0.002070349309384359
20190227,0.533154726499956,957,0.003,0.002070349309384359
20190227,0.5379150365579912,957,0.003,0.002070349309384359
20190227,0.5426753466160266,956,0.003,0.002117053709522762
20190227,0.5474356566740619,956,0.003,0.002117053709522762
20190227,0.5521959667320971,956,0.003,0.002117053709522762
20190227,0.5569562767901325,956,0.003,0.002117053709522762
20190227,0.5617165868481678,956,0.003,0.002117053709522762
20190227,0.5664768969062031,956,0.003,0.002117053709522762
20190227,0.5712372069642384,956,0.003,0.0023515020361094827
20190227,0.5759975170222738,956,0.003,0.0023515020361094827
20190227,0.5807578270803091,955,0.003,0.002370681593182444
20190227,0.5855181371383444,954,0.003,0.0023879253648281954
20190227,0.5902784471963798,954,0.003,0.0023879253648281954
20190227,0.595038757254415,954,0.003,0.0023879253648281954
20190227,0.5997990673124504,954,0.003,0.0023879253648281954
20190227,0.6045593773704857,953,0.003,0.0024038762264040636
20190227,0.609319687428521,953,0.003,0.0024038762264040636
20190227,0.6140799974865564,953,0.003,0.0024038762264040636
20190227,0.6188403075445916,953,0.003,0.0024038762264040636
20190227,0.623600617602627,953,0.003,0.0024038762264040636
20190227,0.6283609276606623,953,0.003,0.002478101111348155
20190227,0.6331212377186977,953,0.003,0.002478101111348155
20190227,0.637881547776733,953,0.003,0.002478101111348155
20190227,0.6426418578347683,952,0.003,0.002516956951715059
20190227,0.6474021678928036,952,0.003,0.002516956951715059
20190227,0.6521624779508389,952,0.003,0.002516956951715059
20190227,0.6569227880088743,952,0.003,0.002516956951715059
20190227,0.6616830980669096,952,0.003,0.002516956951715059
20190227,0.666443408124945,952,0.003,0.002516956951715059
20190227,0.6712037181829802,952,0.003,0.002516956951715059
20190227,0.6759640282410154,951,0.003,0.0025692242003343756
20190227,0.6807243382990508,951,0.003,0.0025692242003343756
20190227,0.6854846483570861,950,0.003,0.0025720450524462837
20190227,0.6902449584151215,950,0.003,0.0025720450524462837
20190227,0.6950052684731568,950,0.003,0.0024721739464143174
20190227,0.6997655785311921,950,0.003,0.0024721739464143174
20190227,0.7045258885892274,949,0.003,0.002443602937958979
20190227,0.7092861986472627,949,0.003,0.002443602937958979
20190227,0.7140465087052981,949,0.003,0.002443602937958979
20190227,0.7188068187633334,949,0.003,0.002443602937958979
20190227,0.7235671288213688,949,0.003,0.002443602937958979
20190227,0.728327438879404,948,0.003,0.002445083936644596
20190227,0.7330877489374393,948,0.003,0.002445083936644596
20190227,0.7378480589954747,948,0.003,0.002445083936644596
20190227,0.74260836905351,948,0.003,0.002445083936644596
20190227,0.7473686791115454,948,0.003,0.002445083936644596
20190227,0.7521289891695807,948,0.003,0.002445083936644596
20190227,0.7568892992276159,948,0.003,0.002445083936644596
20190227,0.7616496092856513,948,0.003,0.002445083936644596
20190227,0.7664099193436866,947,0.003,0.00187588367777343
20190227,0.771170229401722,947,0.003,0.00187588367777343
20190227,0.7759305394597573,947,0.003,0.00187588367777343
20190227,0.7806908495177927,947,0.003,0.00187588367777343
20190227,0.7854511595758279,947,0.003,0.00187588367777343
20190227,0.7902114696338632,947,0.003,0.00187588367777343
20190227,0.7949717796918985,947,0.003,0.00187588367777343
20190227,0.7997320897499338,946,0.003,0.0019156114919809178
20190227,0.8044923998079692,946,0.003,0.0019156114919809178
20190227,0.8092527098660045,945,0.003,0.001898955947366834
20190227,0.8140130199240397,945,0.003,0.001898955947366834
20190227,0.8187733299820751,945,0.003,0.001898955947366834
20190227,0.8235336400401104,945,0.003,0.001898955947366834
20190227,0.8282939500981458,945,0.003,0.0019066803055796514
20190227,0.8330542601561811,945,0.003,0.0019066803055796514
20190227,0.8378145702142163,945,0.003,0.0019066803055796514
20190227,0.8425748802722517,945,0.003,0.0019066803055796514
20190227,0.847335190330287,945,0.003,0.0019066803055796514
20190227,0.8520955003883224,945,0.003,0.0019066803055796514
20190227,0.8568558104463577,945,0.003,0.0019066803055796514
20190227,0.8616161205043931,945,0.003,0.0019066803055796514
20190227,0.8663764305624283,945,0.003,0.0019066803055796514
20190227,0.8711367406204636,944,0.003,0.0014018188421671914
20190227,0.875897050678499,944,0.003,0.0014018188421671914
20190227,0.8806573607365343,944,0.003,0.0014018188421671914
20190227,0.8854176707945697,944,0.003,0.0014018188421671914
20190227,0.890177980852605,944,0.003,0.0014018188421671914
20190227,0.8949382909106403,944,0.003,0.0014018188421671914
20190227,0.8996986009686756,944,0.003,0.0014018188421671914
20190227,0.9044589110267109,944,0.003,0.0014841111016051748
20190227,0.9092192210847463,944,0.003,0.0014841111016051748
20190227,0.9139795311427815,943,0.003,0.0015165648735831515
20190227,0.9187398412008169,943,0.003,0.0015165648735831515
20190227,0.9235001512588521,943,0.003,0.0015591802909244287
20190227,0.9282604613168874,943,0.003,0.0015839645589558555
20190227,0.9330207713749228,943,0.003,0.0015839645589558555
20190227,0.9377810814329581,941,0.005,0.002046074691979068
20190227,0.9425413914909935,941,0.005,0.002046074691979068
20190227,0.9473017015490288,941,0.005,0.0021011201800713343
20190227,0.952062011607064,941,0.00468436146225447,0.0019858049513788592
20190227,0.9568223216650995,941,0.00468436146225447,0.0019858049513788592
20190227,0.9615826317231347,940,0.00468436146225447,0.002173443750714345
20190227,0.9663429417811702,940,0.00468436146225447,0.0022950658729350574
20190227,0.9711032518392054,940,0.00468436146225447,0.002580239445125183
20190227,0.9758635618972407,940,0.00468436146225447,0.0026317771180598337
20190227,0.980623871955276,939,0.00468436146225447,0.0028255198054047644
20190227,0.9853841820133112,939,0.00468436146225447,0.0028093474495545882
20190227,0.9901444920713467,938,0.00468436146225447,0.003006172442341332
20190227,0.9949048021293819,938,0.0034194327445188047,0.0025571927295129425
20190227,0.9996651121874174,938,0.0034194327445188047,0.0028501323981262993
20190227,1.0044254222454525,938,0.0034194327445188047,0.0030861538517057544
20190227,1.009185732303488,938,0.0034194327445188047,0.003208371578817922
20190227,1.0139460423615232,937,0.0030000000000000005,0.007097629685335855
20190227,1.0187063524195585,936,0.003,0.008346584304422661
20190227,1.0234666624775939,936,0.004232285928207002,0.006816114940951944
20190227,1.0282269725356292,936,0.004232285928207002,0.005788553586737072
20190227,1.0329872825936646,936,0.004232285928207002,0.0035770062658572704
20190227,1.0377475926517,936,0.004232285928207002,0.0007704502539575505
20190227,1.0425079027097353,936,0.004232285928207002,0.0010393147938583928
20190227,1.0472682127677706,936,0.003925070851070489,0.002028454684598952
20190227,1.0520285228258057,936,0.0039250708510704885,0.0036084772566061067
20190227,1.0567888328838413,936,0.0039250708510704885,0.004547176294704873
20190227,1.0615491429418764,936,0.0039250708510704885,0.005049935711278497
20190227,1.066309452999912,935,0.0039250708510704885,0.004286105464835277
20190227,1.071069763057947,935,0.0039250708510704885,0.004801150671690199
20190227,1.0758300731159824,935,0.0039250708510704885,0.005097325404195425
20190227,1.0805903831740178,935,0.0039250708510704885,0.005591849679233577
20190227,1.0853506932320531,935,0.0039250708510704885,0.005459169037938109
20190227,1.0901110032900885,935,0.0039250708510704885,0.005829599542658089
20190227,1.0948713133481238,935,0.003925070851070489,0.006086167695477218
20190227,1.099631623406159,934,0.003925070851070489,0.004558630688823884
20190227,1.1043919334641943,934,0.0039250708510704885,0.00438166722465851
20190227,1.1091522435222296,934,0.0039250708510704885,0.004453166369802964
20190227,1.113912553580265,934,0.0039250708510704885,0.004435391965158911
20190227,1.1186728636383003,934,0.0039250708510704885,0.00467386036641183
20190227,1.1234331736963357,934,0.0039250708510704885,0.0046792574411294065
20190227,1.128193483754371,934,0.0039250708510704885,0.004784912636169798
20190227,1.1329537938124061,934,0.0039250708510704885,0.004820236103894008
20190227,1.1377141038704417,934,0.0039250708510704885,0.0049507884658494756
20190227,1.1424744139284768,934,0.0039250708510704885,0.0049507884658494756
20190227,1.1472347239865124,934,0.0039250708510704885,0.0050333468630708806
20190227,1.1519950340445475,934,0.0039250708510704885,0.005307439333247748
20190227,1.1567553441025828,934,0.004467972073652586,0.005781529565223397
20190227,1.1615156541606182,934,0.004467972073652586,0.005796663726596262
20190227,1.1662759642186535,934,0.004467972073652586,0.005849010900402194
20190227,1.1710362742766889,934,0.004467972073652586,0.005686427115876304
20190227,1.1757965843347242,934,0.004467972073652586,0.0057349510457649225
20190227,1.1805568943927596,934,0.004467972073652587,0.005908510157018269
20190227,1.185317204450795,933,0.004467972073652587,0.005896818407148056
20190227,1.19007751450883,933,0.004467972073652587,0.005931172373530749
20190227,1.1948378245668656,933,0.004467972073652587,0.005923127858278459
20190227,1.1995981346249007,933,0.004467972073652587,0.006604154448261869
20190227,1.2043584446829363,933,0.004467972073652587,0.006752740512494392
20190227,1.2091187547409714,933,0.004467972073652587,0.006705577598025793
20190227,1.2138790647990068,933,0.004467972073652587,0.007365595020771702
20190227,1.218639374857042,933,0.004467972073652587,0.0075459129874285505
20190227,1.2233996849150772,933,0.004467972073652587,0.007757962610765803
20190227,1.2281599949731128,933,0.004484268920586666,0.008333068605609496
20190227,1.232920305031148,933,0.004484268920586666,0.008488828549497607
20190227,1.2376806150891833,933,0.004484268920586666,0.009645285562389427
20190227,1.2424409251472186,933,0.004484268920586666,0.010914757224503753
20190227,1.247201235205254,933,0.004484268920586666,0.010797826137137215
20190227,1.2519615452632893,933,0.004484268920586666,0.01123550803912436
20190227,1.2567218553213246,933,0.004484268920586666,0.011850095907086626
20190227,1.26148216537936,933,0.004484268920586666,0.01221416679616681
20190227,1.2662424754373953,932,0.004484268920586666,0.003009850486336886
20190227,1.2710027854954304,932,0.004484268920586666,0.003070484999457074
20190227,1.275763095553466,932,0.004484268920586666,0.0032222256722585006
20190227,1.2805234056115011,932,0.004484268920586666,0.003223837108732166
20190227,1.2852837156695367,932,0.004484268920586666,0.0030283894285352544
20190227,1.2900440257275718,932,0.004484268920586666,0.003082743848945285
20190227,1.2948043357856072,932,0.004484268920586666,0.0032279643234627074
20190227,1.2995646458436425,932,0.004484268920586666,0.0031130619173218334
20190227,1.3043249559016779,932,0.0044842689205866655,0.0029953957239884205
20190227,1.3090852659597132,932,0.004484268920586666,0.003337904100007863
20190227,1.3138455760177485,932,0.004484268920586666,0.0038747908758008003
20190227,1.3186058860757837,932,0.004484268920586666,0.0038302258788352967
20190227,1.3233661961338192,931,0.004484268920586666,0.0051066354213056666
20190227,1.3281265061918544,931,0.004484268920586666,0.004767537203756975
20190227,1.33288681624989,931,0.004484268920586666,0.004406945692258036
20190227,1.337647126307925,931,0.004747690256287521,0.003430482550359959
20190227,1.3424074363659604,931,0.004747690256287521,0.0033902185047013328
20190227,1.3471677464239957,931,0.004883533708932815,0.00259790247291472
20190227,1.3519280564820308,931,0.004883533708932815,0.0020790119066540773
20190227,1.3566883665400664,930,0.004883533708932815,0.0033580877900051204
20190227,1.3614486765981015,929,0.005051471644232403,0.009394223040558106
20190227,1.366208986656137,929,0.005051471644232404,0.00968622679486577
20190227,1.3709692967141722,928,0.006051633625124682,0.00934834067395448
20190227,1.3757296067722076,927,0.007761336659545556,0.00972828473092722
20190227,1.380489916830243,926,0.007761336659545556,0.011669154827035033
20190227,1.3852502268882783,926,0.007471513443677339,0.012882878260413783
20190227,1.3900105369463136,926,0.0070118210342750165,0.012549354547189502
20190227,1.394770847004349,926,0.0070118210342750165,0.012436318870677436
20190227,1.3995311570623843,926,0.007011821034275017,0.01098676831068269
20190227,1.4042914671204196,925,0.0070118210342750165,0.01274604160638957
20190227,1.4090517771784548,925,0.00790610766342328,0.010420125343907035
20190227,1.4138120872364903,925,0.00790610766342328,0.008546479062869988
20190227,1.4185723972945254,924,0.007906107663423282,0.015890698463895674
20190227,1.423332707352561,923,0.007518126903513235,0.03287000087278047
20190227,1.4280930174105961,922,0.008293319397085316,0.03148228121703331
20190227,1.4328533274686315,922,0.008293319397085316,0.03174695734620603
20190227,1.4376136375266668,922,0.0111031732786716,0.0279876541769809
20190227,1.4423739475847022,922,0.0111031732786716,0.026359509403111714
20190227,1.4471342576427375,922,0.013935604723142214,0.02461476692906187
20190227,1.4518945677007729,922,0.013935604723142214,0.026541422239290246
20190227,1.456654877758808,922,0.013935604723142215,0.02663092156712548
20190227,1.4614151878168435,922,0.013935604723142214,0.026405291482189272
20190227,1.4661754978748787,922,0.013935604723142214,0.026405291482189272
20190227,1.470935807932914,922,0.013935604723142214,0.02615021139441634
20190227,1.4756961179909494,922,0.013257206780990766,0.02722023649963565
20190227,1.4804564280489847,922,0.011923762667820078,0.029941865310478558
20190227,1.48521673810702,922,0.010429834131299043,0.031047076783359835
20190227,1.4899770481650552,922,0.010715672489484898,0.031187241132975278
20190227,1.4947373582230907,922,0.010715672489484898,0.02815425952365043
20190227,1.4994976682811259,922,0.0107156724894849,0.02570301876575444
20190227,1.5042579783391614,922,0.010715672489484898,0.026355374749036948
20190227,1.5090182883971965,921,0.01247426324386142,0.03777882986653709
20190227,1.5137785984552319,921,0.010715672489484898,0.042176892046584646
20190227,1.5185389085132672,921,0.010239821275472379,0.038831220694362
20190227,1.5232992185713026,920,0.012550691371278424,0.035173242496293444
20190227,1.528059528629338,920,0.011130551489216682,0.03678920923411599
20190227,1.5328198386873733,919,0.012835580461601336,0.02321610814390534
20190227,1.5375801487454086,919,0.012397759771390692,0.03368516393805639
20190227,1.542340458803444,918,0.012397759771390694,0.032027647305923626
20190227,1.547100768861479,917,0.01249256668106798,0.036094409007541996
20190227,1.5518610789195146,917,0.012492566681067978,0.04303646276020928
20190227,1.5566213889775498,915,0.014688231442783627,0.042531866334827986
20190227,1.5613816990355853,915,0.014688231442783627,0.03686232398632939
20190227,1.5661420090936204,915,0.015413648424651549,0.04236264801251192
20190227,1.5709023191516558,915,0.015413648424651549,0.046010591846739356
20190227,1.5756626292096911,914,0.014350662611122427,0.04291979202745396
20190227,1.5804229392677265,914,0.014350662611122427,0.041719585833704075
20190227,1.5851832493257618,914,0.012169176527864917,0.04591126220105861
20190227,1.589943559383797,914,0.022518637017775425,0.026668535298504725
20190227,1.5947038694418323,913,0.02772068467202142,0.008269051080594466
20190227,1.5994641794998676,912,0.01795269498015766,0.03675052205616907
20190227,1.604224489557903,912,0.01717328582900709,0.033403162646773975
20190227,1.6089847996159383,912,0.012414920974948099,0.04476582048666358
20190227,1.6137451096739737,912,0.014098513204147185,0.039532221703804264
20190227,1.618505419732009,911,0.017179519532066822,0.0341942904873466
20190227,1.6232657297900444,911,0.013581764866890122,0.033751009496288974
20190227,1.6280260398480795,910,0.019795992705409993,0.02331295764688701
20190227,1.632786349906115,910,0.023784020586061723,0.022446905358400344
20190227,1.6375466599641502,910,0.019496281351450543,0.03509018493992211
20190227,1.6423069700221857,910,0.013302920392139051,0.04370349711922366
20190227,1.6470672800802209,910,0.01088660368455411,0.04906458553725552
20190227,1.6518275901382562,910,0.011758205179072848,0.0512831286855482
20190227,1.6565879001962915,910,0.013054520392490212,0.04718668831376415
20190227,1.6613482102543269,910,0.019246120210494908,0.031208030537913843
20190227,1.6661085203123622,908,0.02447892875595577,0.015970154865984028
20190227,1.6708688303703976,908,0.027185399730043885,0.013303604844826936
20190227,1.6756291404284327,908,0.026883186723589192,0.006176964126891481
20190227,1.6803894504864683,907,0.018751263308774913,0.014666691827197022
20190227,1.6851497605445034,907,0.02642201114497302,0.006299027300722427
20190227,1.689910070602539,907,0.015826818120325357,0.03783916515080279
20190227,1.694670380660574,907,0.01627050676405106,0.03599157642655292
20190227,1.6994306907186096,905,0.023729444767659813,0.010354709884928974
20190227,1.7041910007766448,905,0.018339032213130827,0.014015230082050951
20190227,1.7089513108346799,905,0.022384593198403,0.008969554226667297
20190227,1.7137116208927154,905,0.022384593198403004,0.022527691489814552
20190227,1.7184719309507506,905,0.021697375070392665,0.02240982002135405
20190227,1.7232322410087861,905,0.013936850689028937,0.04034349205184651
20190227,1.7279925510668213,904,0.027038927773726396,0.017407660320227555
20190227,1.7327528611248566,904,0.018584321340344226,0.035439269205036414
20190227,1.737513171182892,903,0.027208622679732952,0.010913780708956941
20190227,1.7422734812409273,903,0.027208622679732952,0.0003488422817684171
20190227,1.7470337912989626,903,0.017601054688066317,0.021133374890624914
20190227,1.751794101356998,903,0.017601054688066317,0.019713120455382052
20190227,1.7565544114150333,902,0.01765104250086771,0.027931383257079227
20190227,1.7613147214730687,898,0.025546841379863613,0.021216769711794387
20190227,1.7660750315311038,898,0.022850106213416804,0.02845619942530605
20190227,1.7708353415891394,898,0.021341828898644104,0.0390937853660086
20190227,1.7755956516471745,898,0.014383715926621292,0.057151612912397794
20190227,1.78035596170521,897,0.013984882619057804,0.05502170369335063
20190227,1.7851162717632452,895,0.0150888037472326,0.0660622902352947
20190227,1.7898765818212805,894,0.02482176116596986,0.05646836128814124
20190227,1.7946368918793159,894,0.018854935002193977,0.06170546129515442
20190227,1.7993972019373512,893,0.018175160379342758,0.06763307501468116
20190227,1.8041575119953865,892,0.01935446994903032,0.06929422580243011
20190227,1.8089178220534219,889,0.034170237676107294,0.01040907959726971
20190227,1.813678132111457,889,0.03764357549122643,0.009592786697349852
20190227,1.8184384421694926,886,0.045828050629744745,0.011218818837712976
20190227,1.8231987522275277,886,0.045828050629744745,0.008375697714257068
20190227,1.827959062285563,885,0.03654315148369302,0.0507432462647595
20190227,1.8327193723435984,885,0.02972499672017929,0.09600674237099915
20190227,1.8374796824016337,882,0.07142625831691836,0.17629366203257954
20190227,1.842239992459669,880,0.052100907125878136,0.0217333625170249
20190227,1.8470003025177042,878,0.0716252835730119,0.21474030528130045
20190227,1.8517606125757398,877,0.04950965625047938,0.01105884827013578
20190227,1.8565209226337749,877,0.032129458784775515,0.0560692316855587
20190227,1.8612812326918104,876,0.03447584754772864,0.031073756221426697
20190227,1.8660415427498456,874,0.024424129859487942,0.11762487799704519
20190227,1.870801852807881,874,0.04932508162103036,0.007335245178212941
20190227,1.8755621628659163,873,0.046837773664367484,0.023711744956419385
20190227,1.8803224729239516,873,0.019615018334566255,0.13272306822145333
20190227,1.885082782981987,871,0.02747507892631286,0.07391081123790742
20190227,1.8898430930400223,870,0.057407730156270084,0.12469899836354913
20190227,1.8946034030980576,870,0.05588987846414164,0.06995443055940331
20190227,1.899363713156093,868,0.034352653056878873,0.014910713176426848
20190227,1.904124023214128,867,0.04564631398394881,0.048316909978021114
20190227,1.9088843332721634,867,0.03234362401965962,0.007582706540695463
20190227,1.913644643330199,866,0.04111767572514019,0.028154442833334053
20190227,1.9184049533882344,865,0.027894691170236234,0.008732901295253614
20190227,1.9231652634462695,864,0.031170706269199874,0.0029540201576376554
20190227,1.9279255735043046,863,0.04778753881548418,0.0706303736635956
20190227,1.9326858835623404,860,0.052640855964818545,0.15795338716547674
20190227,1.9374461936203755,859,0.0670112167005676,0.2376325953605939
20190227,1.9422065036784109,857,0.0918884049934112,0.5393982132707345
20190227,1.946966813736446,856,0.05470726977807597,0.33268020325702385
20190227,1.9517271237944813,855,0.06884788003239171,0.2988444537696746
20190227,1.9564874338525169,855,0.028959093945829326,0.10056514092020165
20190227,1.961247743910552,854,0.03548138482599865,0.11808522310163636
20190227,1.9660080539685874,853,0.0417166860597549,0.26692070646420346
20190227,1.9707683640266225,853,0.04849227897696066,0.29762634842499586
20190227,1.9755286740846583,852,0.07589183083698976,0.5325272240965396
20190227,1.9802889841426934,850,0.1355028529905982,1.5152736007645682
20190227,1.9850492942007285,850,0.0429851111295729,0.4460027550031897
20190227,1.9898096042587639,849,0.05068648581479645,0.5233982518664037
20190227,1.9945699143167994,849,0.037489335780774194,0.48776500138058193
20190227,1.9993302243748348,849,0.03269794084046051,0.4381005276310917
20190227,2.00409053443287,848,0.03656200101296024,0.4485668079722606
20190227,2.008850844490905,847,0.0430292802321525,0.4902474292199492
20190227,2.013611154548941,845,0.08586217723825097,0.9340020545580329
20190227,2.018371464606976,842,0.06479119211703684,0.7531933294152755
20190227,2.023131774665011,839,0.07540686123053768,1.0464950625589349
20190227,2.0278920847230464,838,0.1284421576552394,1.6768477470864447
20190227,2.032652394781082,838,0.06321149522814991,1.0085620848786858
20190227,2.037412704839117,836,0.10737405390475535,1.55180419624049
20190227,2.0421730148971524,836,0.0751354659051125,1.1962611320731127
20190227,2.0469333249551878,835,0.08436540750671992,1.4288813219054866
20190227,2.0516936350132235,835,0.10585430479180838,1.6646864945579485
20190227,2.0564539450712584,833,0.09593218425484724,1.621167243099664
20190227,2.061214255129294,831,0.16097805823611638,2.790369656254135
20190227,2.065974565187329,831,0.09882871390665691,1.7272328518528308
20190227,2.0707348752453645,829,0.11865178177748563,2.1863174211785066
20190227,2.0754951853034,827,0.17198960393116228,3.407886080671417
20190227,2.080255495361435,827,0.14184689672467318,2.746943048777351
20190227,2.0850158054194705,827,0.13180287321044395,2.6706709472001315
20190227,2.0897761154775054,827,0.09955476466624263,2.4465167511257797
20190227,2.094536425535541,827,0.12207551786552247,2.6795074065355364
20190227,2.0992967355935765,826,0.1771037178258416,3.6348955973953117
20190227,2.1040570456516114,825,0.10139650409582884,2.337925406159799
20190227,2.108817355709647,824,0.18418598781728412,3.7556545941343886
20190227,2.1135776657676826,824,0.07704575990966464,2.2079592275391087
20190227,2.1183379758257175,821,0.23558584604625646,5.449267741413233
20190227,2.123098285883753,821,0.23558584604625646,5.4489154485910305
20190227,2.127858595941788,821,0.14927987320376532,3.610042887666459
20190227,2.132618905999824,821,0.17170819128414494,3.729792353518708
20190227,2.137379216057859,820,0.08620164888174989,2.49481634977977
20190227,2.142139526115894,818,0.1751397886949487,4.000261743596155
20190227,2.1468998361739295,817,0.15585261365329123,4.109273111867621
20190227,2.151660146231965,817,0.1575286528550029,4.16367372423877
20190227,2.1564204562900002,816,0.24958998197966137,6.308474410658689
20190227,2.1611807663480356,816,0.24958998197966137,6.3086498982704
20190227,2.165941076406071,816,0.2495899819796614,6.3087265057991475
20190227,2.1707013864641063,816,0.2495899819796614,6.308648030261826
20190227,2.1754616965221416,815,0.2500292446754414,6.329177920744725
20190227,2.180222006580177,814,0.25163027102791496,6.401784829798229
20190227,2.184982316638212,814,0.17162055998405232,4.410515983024063
20190227,2.1897426266962476,813,0.25366572219083233,6.468094638350639
20190227,2.194502936754283,813,0.25366572219083233,6.468148270848132
20190227,2.199263246812318,813,0.25366572219083233,6.468093532438028
20190227,2.2040235568703532,813,0.25366572219083233,6.468232297794033
20190227,2.2087838669283886,813,0.25366572219083233,6.468233223496903
20190227,2.2135441769864244,812,0.2551360660117304,6.524181962815326
20190227,2.2183044870444593,812,0.2551360660117304,6.524181962815326
20190227,2.2230647971024946,812,0.2551360660117304,6.524181962815326
20190227,2.22782510716053,812,0.2551360660117304,6.524181962815326
20190227,2.2325854172185653,812,0.2551360660117304,6.524203509908898
20190227,2.2373457272766006,812,0.2551360660117304,6.524923450961497
20190227,2.242106037334636,812,0.2551360660117304,6.524923450961497
20190227,2.2468663473926713,812,0.1941799736539464,4.821053134791576
20190227,2.2516266574507067,810,0.2619684211681137,6.813966282108582
20190227,2.256386967508742,810,0.2619684211681137,6.813966282108582
20190227,2.2611472775667774,809,0.2646997706398471,6.895236826954672
20190227,2.2659075876248123,809,0.2646997706398471,6.895236826954672
20190227,2.270667897682848,809,0.2646997706398471,6.895236826954672
20190227,2.2754282077408834,809,0.2646997706398471,6.895236826954672
20190227,2.2801885177989183,809,0.2646997706398471,6.895349840088324
20190227,2.2849488278569536,808,0.26595423243586164,6.931607626370172
20190227,2.2897091379149894,808,0.26595423243586164,6.931607626370172
20190227,2.2944694479730248,808,0.26595423243586164,6.9316017161414205
20190227,2.2992297580310597,808,0.26595423243586164,6.9316017161414205
20190227,2.303990068089095,808,0.26595423243586164,6.9316017161414205
20190227,2.308750378147131,808,0.26595423243586164,6.9316017161414205
20190227,2.3135106882051657,807,0.2665581729252655,6.970115774530688
20190227,2.318270998263201,807,0.18693002553901855,4.854323907036875
20190227,2.3230313083212364,806,0.2676491651407429,7.07662160260214
20190227,2.3277916183792717,806,0.2676491651407429,7.076665988392301
20190227,2.332551928437307,806,0.2676491651407429,7.0768466017013205
20190227,2.3373122384953424,806,0.2676491651407429,7.0768466017013205
20190227,2.3420725485533778,806,0.2676491651407429,7.0768466017013205
20190227,2.3468328586114127,806,0.2676491651407429,7.0768466017013205
20190227,2.3515931686694485,806,0.2676491651407429,7.0768466017013205
20190227,2.356353478727484,806,0.2676491651407429,7.0768466017013205
20190227,2.361113788785519,806,0.2676491651407429,7.0768466017013205
20190227,2.365874098843554,806,0.2676491651407429,7.0768466017013205
20190227,2.37063440890159,806,0.2676491651407429,7.0768466017013205
20190227,2.375394718959625,806,0.2676491651407429,7.077985657210913
20190227,2.38015502901766,806,0.2676491651407429,7.077985657210913
20190227,2.3849153390756954,806,0.2676491651407429,7.077985657210913
20190227,2.389675649133731,806,0.2676491651407429,7.078006717612052
20190227,2.394435959191766,806,0.2676491651407429,7.078006717612052
20190227,2.3991962692498014,806,0.2676491651407429,7.077997709604302
20190227,2.403956579307837,806,0.15602058345701114,4.5773649679647965
20190227,2.4087168893658726,805,0.26896353839994586,7.133012454776375
20190227,2.4134771994239075,805,0.26896353839994586,7.133012454776375
20190227,2.418237509481943,805,0.26896353839994586,7.133012454776375
20190227,2.422997819539978,805,0.26896353839994586,7.133012454776375
20190227,2.4277581295980135,805,0.26896353839994586,7.133012454776375
20190227,2.432518439656049,805,0.26896353839994586,7.132847689515946
20190227,2.437278749714084,805,0.26896353839994586,7.132847689515946
20190227,2.4420390597721195,805,0.26896353839994586,7.132847689515946
20190227,2.4467993698301544,805,0.26896353839994586,7.132847689515946
20190227,2.4515596798881902,805,0.26896353839994586,7.132847689515946
20190227,2.4563199899462256,805,0.26896353839994586,7.132847689515946
20190227,2.4610803000042605,805,0.26896353839994586,7.132847689515946
20190227,2.465840610062296,805,0.26896353839994586,7.132847689515946
20190227,2.4706009201203316,805,0.26896353839994586,7.132847689515946
20190227,2.4753612301783665,805,0.23841620505872543,6.048107409500312
20190227,2.480121540236402,804,0.2708123510248297,7.173294561642381
20190227,2.484881850294437,803,0.18752198950903787,5.114687432902352
20190227,2.489642160352473,802,0.27396585054685885,7.495180221198533
20190227,2.494402470410508,802,0.27396585054685885,7.494942025789572
20190227,2.4991627804685432,801,0.27496585054685885,7.542752150913549
20190227,2.5039230905265786,801,0.27496585054685885,7.5429628660346735
20190227,2.508683400584614,801,0.27496585054685885,7.5429628660346735
20190227,2.5134437106426493,801,0.27496585054685885,7.5429628660346735
20190227,2.5182040207006846,800,0.2756099641924587,7.575640261950049
20190227,2.52296433075872,800,0.2756099641924587,7.575640261950049
20190227,2.5277246408167553,800,0.2756099641924587,7.575640261950049
20190227,2.5324849508747906,800,0.2756099641924587,7.575576497078396
20190227,2.537245260932826,800,0.24227092880367898,6.412156115488915
20190227,2.542005570990861,799,0.2813916263796428,7.741171887055754
20190227,2.5467658810488967,799,0.2813916263796428,7.741171887055754
20190227,2.551526191106932,799,0.28139162637964277,7.741117894891168
20190227,2.556286501164967,799,0.28139162637964277,7.741117894891168
20190227,2.5610468112230023,799,0.22429282442634543,5.873067846291725
20190227,2.5658071212810376,798,0.2819738193560333,7.794036564891426
20190227,2.5705674313390734,798,0.2819738193560333,7.794036564891426
20190227,2.5753277413971083,797,0.2830590760905714,7.847854276690932
20190227,2.5800880514551436,797,0.2830590760905714,7.847636647988397
20190227,2.584848361513179,797,0.2830590760905714,7.847620715953834
20190227,2.5896086715712143,797,0.2830590760905714,7.847620715953834
20190227,2.5943689816292497,797,0.2830590760905714,7.847620715953834
20190227,2.599129291687285,797,0.2830590760905714,7.847620715953834
20190227,2.6038896017453204,797,0.2830590760905714,7.847620715953834
20190227,2.6086499118033557,797,0.2830590760905714,7.847620715953834
20190227,2.613410221861391,797,0.2830590760905714,7.847620715953834
20190227,2.6181705319194264,797,0.2830590760905714,7.847620715953834
20190227,2.6229308419774613,797,0.2304425942442201,6.072630495538811
20190227,2.627691152035497,796,0.2841874521111052,7.905273127018615
20190227,2.6324514620935324,796,0.2841874521111052,7.905273127018615
20190227,2.6372117721515673,796,0.2841874521111052,7.905273127018615
20190227,2.6419720822096027,796,0.15132553341656305,5.064559879267523
20190227,2.6467323922676385,795,0.286019285344021,7.981832763369967
20190227,2.651492702325674,795,0.286019285344021,7.981832763369967
20190227,2.6562530123837087,794,0.2872156270517065,8.045806499956688
20190227,2.661013322441744,794,0.2872156270517065,8.045806499956688
20190227,2.66577363249978,794,0.2872156270517065,8.045806499956688
20190227,2.6705339425578147,794,0.2872156270517065,8.045806499956688
20190227,2.67529425261585,794,0.28721562705170656,8.045814595498234
20190227,2.6800545626738854,794,0.25625665783569074,6.8635874284165235
20190227,2.6848148727319208,793,0.28827912742716283,8.073895436936152
20190227,2.689575182789956,793,0.28827912742716283,8.073912189141002
20190227,2.6943354928479915,793,0.28827912742716283,8.073912189141002
20190227,2.699095802906027,793,0.28827912742716283,8.073912189141002
20190227,2.7038561129640617,793,0.28827912742716283,8.073886717871043
20190227,2.7086164230220975,793,0.28827912742716283,8.073886717871043
20190227,2.713376733080133,793,0.28827912742716283,8.073886717871043
20190227,2.718137043138168,793,0.22990593346440918,6.253504375101903
20190227,2.722897353196203,792,0.2912089524814633,8.321587412063403
20190227,2.727657663254239,792,0.2912089524814633,8.321587412063403
20190227,2.732417973312274,792,0.2912089524814633,8.321587412063403
20190227,2.737178283370309,792,0.24287338106979317,6.599279097555895
20190227,2.7419385934283445,791,0.2918112575250802,8.359179637068223
20190227,2.7466989034863802,791,0.29181125752508025,8.35942721335378
20190227,2.751459213544415,791,0.29181125752508025,8.35942721335378
20190227,2.7562195236024505,791,0.29181125752508025,8.35942721335378
20190227,2.760979833660486,791,0.2918112575250802,8.359434011812285
20190227,2.7657401437185216,791,0.2918112575250802,8.359434011812285
20190227,2.7705004537765565,791,0.29181125752508025,8.359450647536647
20190227,2.775260763834592,791,0.29181125752508025,8.359450647536647
20190227,2.780021073892627,791,0.29181125752508025,8.359450647536647
20190227,2.7847813839506625,791,0.29181125752508025,8.359450647536647
20190227,2.789541694008698,790,0.29247042926047695,8.38768249264866
20190227,2.7943020040667332,790,0.29247042926047695,8.38768249264866
20190227,2.7990623141247686,790,0.29247042926047695,8.387703496157336
20190227,2.8038226241828035,790,0.29247042926047695,8.387703496157336
20190227,2.8085829342408393,790,0.29247042926047695,8.387703496157336
20190227,2.8133432442988746,790,0.29247042926047695,8.387703496157336
20190227,2.8181035543569095,790,0.29247042926047695,8.387703496157336
20190227,2.822863864414945,790,0.29247042926047695,8.388476613461055
20190227,2.8276241744729806,790,0.29247042926047695,8.388344525500946
20190227,2.8323844845310155,789,0.24347575751427689,6.6925815565424145
20190227,2.837144794589051,788,0.2971998204659077,8.670062075660216
20190227,2.8419051046470862,788,0.2971998204659077,8.670062075660216
20190227,2.846665414705122,788,0.2971998204659077,8.670062075660216
20190227,2.851425724763157,788,0.2971998204659077,8.670405626360408
20190227,2.8561860348211923,787,0.29847665814297786,8.778809110799086
20190227,2.8609463448792276,787,0.20814686357229986,6.152492035446172
20190227,2.865706654937263,786,0.30194025242249517,8.946248565113727
20190227,2.8704669649952983,786,0.30194025242249517,8.946248565113727
20190227,2.8752272750533336,786,0.30194025242249517,8.946454815336985
20190227,2.879987585111369,786,0.30194025242249517,8.946454815336985
20190227,2.8847478951694043,786,0.30194025242249517,8.946454815336985
20190227,2.8895082052274397,786,0.30194025242249517,8.946544704096596
20190227,2.894268515285475,786,0.3019402524224952,8.946874961811837
20190227,2.89902882534351,786,0.3019402524224952,8.946874961811837
20190227,2.9037891354015457,785,0.30232663621080025,8.964026653934415
20190227,2.908549445459581,785,0.30232663621080025,8.964026653934415
20190227,2.913309755517616,785,0.30232663621080025,8.964026653934415
20190227,2.9180700655756513,784,0.3033877096039176,9.0262483164862
20190227,2.922830375633687,783,0.30494064287721206,9.137423755293204
20190227,2.9275906856917224,783,0.30494064287721206,9.137423755293204
20190227,2.9323509957497573,783,0.2695484695906577,7.781709181773092
20190227,2.9371113058077927,782,0.3073266872174906,9.25974023171246
20190227,2.941871615865828,782,0.3073266872174906,9.25974023171246
20190227,2.9466319259238634,782,0.3073266872174906,9.25974023171246
20190227,2.9513922359818987,782,0.3073266872174906,9.25974023171246
20190227,2.956152546039934,781,0.3085442040958223,9.322067870460796
20190227,2.9609128560979694,781,0.3085442040958223,9.322067870460796
20190227,2.9656731661560047,781,0.3085442040958223,9.322067870460796
20190227,2.97043347621404,780,0.310209267278217,9.444784576307452
20190227,2.9751937862720754,780,0.21125194376282794,6.585935530382848
20190227,2.9799540963301103,779,0.31326647591283974,9.649101406581078
20190227,2.984714406388146,779,0.31326647591283974,9.649194287821373
20190227,2.9894747164461815,779,0.31326647591283974,9.649194287821373
20190227,2.9942350265042164,779,0.31326647591283974,9.649088816281093
20190227,2.9989953365622517,778,0.31564431694223244,9.73912591379164
20190228,0.004760310058035321,1000,0.001,0.0
20190228,0.009520620116070641,1000,0.001,0.0
20190228,0.014280930174105961,1000,0.001,0.0
20190228,0.019041240232141283,1000,0.001,0.0
20190228,0.023801550290176603,1000,0.001,0.0
20190228,0.028561860348211923,1000,0.001,0.0
20190228,0.03332217040624725,1000,0.001,0.0
20190228,0.038082480464282566,999,0.002,0.00013662206476007337
20190228,0.04284279052231788,999,0.002,0.00013662206476007337
20190228,0.047603100580353205,999,0.002,0.00013662206476007337
20190228,0.05236341063838852,999,0.002,0.00013662206476007337
20190228,0.057123720696423845,998,0.002,0.00023328228693046387
20190228,0.06188403075445917,998,0.002,0.00023328228693046387
20190228,0.0666443408124945,998,0.002,0.00023328228693046387
20190228,0.0714046508705298,997,0.002,0.00031510295005967844
20190228,0.07616496092856513,997,0.002,0.00031510295005967844
20190228,0.08092527098660045,997,0.002,0.00031510295005967844
20190228,0.08568558104463576,997,0.002,0.00031510295005967844
20190228,0.0904458911026711,997,0.002,0.00031510295005967844
20190228,0.09520620116070641,995,0.002,0.00045027654448202576
20190228,0.09996651121874173,995,0.002,0.00045027654448202576
20190228,0.10472682127677704,995,0.002,0.00045027654448202576
20190228,0.10948713133481237,995,0.002,0.00045027654448202576
20190228,0.11424744139284769,994,0.002,0.0005096654680451029
20190228,0.119007751450883,994,0.002,0.0005096654680451029
20190228,0.12376806150891834,994,0.002,0.0005096654680451029
20190228,0.12852837156695365,994,0.002,0.0005096654680451029
20190228,0.133288681624989,993,0.002,0.0005634285953067632
20190228,0.13804899168302429,993,0.002,0.0005634285953067632
20190228,0.1428093017410596,993,0.002,0.0005634285953067632
20190228,0.14756961179909495,993,0.002,0.0005634285953067632
20190228,0.15232992185713026,993,0.002,0.0005634285953067632
20190228,0.15709023191516558,993,0.002,0.0005634285953067632
20190228,0.1618505419732009,993,0.002,0.0005634285953067632
20190228,0.16661085203123624,991,0.002,0.0006582855059486531
20190228,0.17137116208927153,991,0.002,0.0006582855059486531
20190228,0.17613147214730684,990,0.002,0.0007025853573356473
20190228,0.1808917822053422,989,0.002,0.0008165327059314458
20190228,0.1856520922633775,988,0.002,0.0008628219452007784
20190228,0.19041240232141282,986,0.002,0.0009882165141116568
20190228,0.19517271237944817,986,0.002,0.0009882165141116568
20190228,0.19993302243748345,986,0.002,0.0009882165141116568
20190228,0.20469333249551877,983,0.002,0.001103208122763081
20190228,0.2094536425535541,982,0.002,0.0011349789169016133
20190228,0.21421395261158943,982,0.002,0.0011349789169016133
20190228,0.21897426266962475,981,0.002,0.0011726071336717507
20190228,0.22373457272766006,981,0.002,0.0011726071336717507
20190228,0.22849488278569538,981,0.002,0.0011726071336717507
20190228,0.2332551928437307,981,0.002,0.0011726071336717507
20190228,0.238015502901766,976,0.003,0.0013843098382655377
20190228,0.24277581295980136,976,0.003,0.0013843098382655377
20190228,0.24753612301783667,975,0.003,0.0014203931415769071
20190228,0.252296433075872,975,0.003,0.0014203931415769071
20190228,0.2570567431339073,975,0.003,0.0014203931415769071
20190228,0.26181705319194265,973,0.003,0.001487953660624228
20190228,0.266577363249978,973,0.003,0.001487953660624228
20190228,0.2713376733080133,972,0.003,0.001521291399239196
20190228,0.27609798336604857,972,0.003,0.001521291399239196
20190228,0.2808582934240839,971,0.003,0.0015892580265107917
20190228,0.2856186034821192,971,0.003,0.0015892580265107917
20190228,0.29037891354015455,971,0.003,0.0015892580265107917
20190228,0.2951392235981899,970,0.003,0.001619545525836857
20190228,0.2998995336562252,969,0.003,0.0016498065665108324
20190228,0.3046598437142605,969,0.003,0.0016498065665108324
20190228,0.3094201537722958,968,0.003,0.0016807002186304545
20190228,0.31418046383033116,968,0.003,0.0016807002186304545
20190228,0.3189407738883665,967,0.003,0.0017106990119039945
20190228,0.3237010839464018,967,0.003,0.0017106990119039945
20190228,0.32846139400443713,967,0.003,0.0017106990119039945
20190228,0.3332217040624725,967,0.003,0.0019356575857241269
20190228,0.3379820141205077,966,0.003,0.001964297313343681
20190228,0.34274232417854306,966,0.003,0.001964297313343681
20190228,0.3475026342365784,965,0.003,0.00199053892838445
20190228,0.3522629442946137,965,0.003,0.00199053892838445
20190228,0.35702325435264903,965,0.003,0.00199053892838445
20190228,0.3617835644106844,965,0.003,0.00199053892838445
20190228,0.36654387446871967,965,0.003,0.00199053892838445
20190228,0.371304184526755,964,0.003,0.002014384238854038
20190228,0.37606449458479035,964,0.003,0.002014384238854038
20190228,0.38082480464282564,964,0.003,0.002015836671686894
20190228,0.385585114700861,964,0.003,0.002015836671686894
20190228,0.39034542475889633,964,0.003,0.002114838723126929
20190228,0.3951057348169316,964,0.003,0.002114838723126929
20190228,0.3998660448749669,964,0.003,0.002114838723126929
20190228,0.40462635493300225,964,0.003,0.002114838723126929
20190228,0.40938666499103754,964,0.003,0.002114838723126929
20190228,0.4141469750490729,964,0.003,0.002114838723126929
20190228,0.4189072851071082,963,0.003,0.002178021671244216
20190228,0.4236675951651435,961,0.003,0.0024522175218497267
20190228,0.42842790522317886,961,0.003,0.0024522175218497267
20190228,0.43318821528121415,961,0.003,0.0024522175218497267
20190228,0.4379485253392495,961,0.003,0.0024522175218497267
20190228,0.44270883539728484,961,0.003,0.0024522175218497267
20190228,0.4474691454553201,960,0.003,0.002476791907861368
20190228,0.45222945551335547,959,0.003,0.0025295395954978666
20190228,0.45698976557139076,958,0.003,0.0025472579858968176
20190228,0.46175007562942605,957,0.003,0.0025424981967883805
20190228,0.4665103856874614,957,0.003,0.0025424981967883805
20190228,0.47127069574549674,957,0.003,0.0025424981967883805
20190228,0.476031005803532,957,0.003,0.0025424981967883805
20190228,0.48079131586156737,956,0.003,0.002557293634310228
20190228,0.4855516259196027,956,0.003,0.002557293634310228
20190228,0.490311935977638,956,0.003,0.002557293634310228
20190228,0.49507224603567335,956,0.003,0.002557293634310228
20190228,0.4998325560937087,956,0.003,0.002557293634310228
20190228,0.504592866151744,956,0.003,0.002557293634310228
20190228,0.5093531762097793,956,0.003,0.002557293634310228
20190228,0.5141134862678146,956,0.003,0.002557293634310228
20190228,0.51887379632585,956,0.003,0.002557293634310228
20190228,0.5236341063838853,956,0.003,0.002557293634310228
20190228,0.5283944164419206,954,0.003,0.0025968662795677632
20190228,0.533154726499956,954,0.003,0.0025968662795677632
20190228,0.5379150365579912,954,0.003,0.0025968662795677632
20190228,0.5426753466160266,954,0.003,0.0025968662795677632
20190228,0.5474356566740619,954,0.003,0.0025976999484688497
20190228,0.5521959667320971,954,0.003,0.0025976999484688497
20190228,0.5569562767901325,954,0.003,0.0025976999484688497
20190228,0.5617165868481678,954,0.003,0.0025976999484688497
20190228,0.5664768969062031,954,0.003,0.0026853923034315377
20190228,0.5712372069642384,953,0.003,0.0027337846404737356
20190228,0.5759975170222738,953,0.003,0.0027337846404737356
20190228,0.5807578270803091,953,0.003,0.0027337846404737356
20190228,0.5855181371383444,951,0.003,0.002706924789093701
20190228,0.5902784471963798,951,0.003,0.002706924789093701
20190228,0.595038757254415,951,0.003,0.002706924789093701
20190228,0.5997990673124504,951,0.003,0.002706924789093701
20190228,0.6045593773704857,950,0.003,0.0027228660357353517
20190228,0.609319687428521,950,0.003,0.0027228660357353517
20190228,0.6140799974865564,949,0.003,0.0025787454774124164
20190228,0.6188403075445916,949,0.003,0.0025787454774124164
20190228,0.623600617602627,949,0.003,0.0025787454774124164
20190228,0.6283609276606623,948,0.003,0.002650137020991034
20190228,0.6331212377186977,948,0.003,0.002650137020991034
20190228,0.637881547776733,948,0.003,0.002650137020991034
20190228,0.6426418578347683,948,0.003,0.002650137020991034
20190228,0.6474021678928036,948,0.003,0.002650137020991034
20190228,0.6521624779508389,948,0.003,0.002650137020991034
20190228,0.6569227880088743,948,0.003,0.002650137020991034
20190228,0.6616830980669096,946,0.003,0.0027735636073871425
20190228,0.666443408124945,946,0.003,0.002788259923959795
20190228,0.6712037181829802,946,0.003,0.002788259923959795
20190228,0.6759640282410154,945,0.003,0.0028405539033477256
20190228,0.6807243382990508,945,0.003,0.0028405539033477256
20190228,0.6854846483570861,945,0.003,0.0028405539033477256
20190228,0.6902449584151215,944,0.003,0.0028784106664845256
20190228,0.6950052684731568,944,0.003,0.0027152523441939546
20190228,0.6997655785311921,944,0.003,0.0027152523441939546
20190228,0.7045258885892274,944,0.003,0.0027152523441939546
20190228,0.7092861986472627,944,0.003,0.0027152523441939546
20190228,0.7140465087052981,944,0.003,0.0027152523441939546
20190228,0.7188068187633334,944,0.003,0.0027152523441939546
20190228,0.7235671288213688,944,0.003,0.0027152523441939546
20190228,0.728327438879404,941,0.003,0.0026219139172921867
20190228,0.7330877489374393,941,0.003,0.0026219139172921867
20190228,0.7378480589954747,941,0.003,0.0026219139172921867
20190228,0.74260836905351,941,0.003,0.0027187942045183134
20190228,0.7473686791115454,941,0.003,0.0027187942045183134
20190228,0.7521289891695807,941,0.003,0.0027187942045183134
20190228,0.7568892992276159,941,0.003,0.0027187942045183134
20190228,0.7616496092856513,941,0.003,0.0027187942045183134
20190228,0.7664099193436866,940,0.003,0.002596179921964952
20190228,0.771170229401722,940,0.003,0.002596179921964952
20190228,0.7759305394597573,940,0.003,0.002596179921964952
20190228,0.7806908495177927,940,0.003,0.002596179921964952
20190228,0.7854511595758279,940,0.003,0.002596179921964952
20190228,0.7902114696338632,940,0.003,0.002596179921964952
20190228,0.7949717796918985,940,0.003,0.002596179921964952
20190228,0.7997320897499338,940,0.003,0.002596179921964952
20190228,0.8044923998079692,939,0.003,0.0026601239776823187
20190228,0.8092527098660045,939,0.003,0.0026601239776823187
20190228,0.8140130199240397,939,0.003,0.0026601239776823187
20190228,0.8187733299820751,938,0.003,0.002538356979927444
20190228,0.8235336400401104,938,0.003,0.002538356979927444
20190228,0.8282939500981458,938,0.003,0.002538356979927444
20190228,0.8330542601561811,938,0.003,0.002538356979927444
20190228,0.8378145702142163,938,0.003,0.002538356979927444
20190228,0.8425748802722517,938,0.003,0.002538356979927444
20190228,0.847335190330287,938,0.003,0.002538356979927444
20190228,0.8520955003883224,938,0.003,0.002538356979927444
20190228,0.8568558104463577,936,0.004,0.002789837422201517
20190228,0.8616161205043931,936,0.004,0.002789837422201517
20190228,0.8663764305624283,936,0.004,0.002789837422201517
20190228,0.8711367406204636,936,0.004,0.002791252617036364
20190228,0.875897050678499,936,0.004,0.0028824436750204056
20190228,0.8806573607365343,936,0.004,0.0028824436750204056
20190228,0.8854176707945697,936,0.004,0.0028824436750204056
20190228,0.890177980852605,936,0.004,0.0028824436750204056
20190228,0.8949382909106403,936,0.004,0.0028824436750204056
20190228,0.8996986009686756,935,0.004,0.002975860193849277
20190228,0.9044589110267109,934,0.004,0.003066580397873743
20190228,0.9092192210847463,934,0.004,0.003066580397873743
20190228,0.9139795311427815,934,0.004,0.0031324398651948297
20190228,0.9187398412008169,934,0.004,0.0031324398651948297
20190228,0.9235001512588521,934,0.004,0.0031324398651948297
20190228,0.9282604613168874,934,0.004,0.003165443665143011
20190228,0.9330207713749228,934,0.004,0.003165443665143011
20190228,0.9377810814329581,934,0.004,0.0032295662194391605
20190228,0.9425413914909935,934,0.004,0.0032295662194391605
20190228,0.9473017015490288,934,0.004,0.0032295662194391605
20190228,0.952062011607064,933,0.004,0.0028909346312096205
20190228,0.9568223216650995,933,0.004,0.0029585720349262433
20190228,0.9615826317231347,933,0.004,0.002948786589692269
20190228,0.9663429417811702,933,0.004,0.0029553773152181154
20190228,0.9711032518392054,933,0.004,0.0030454415069090307
20190228,0.9758635618972407,931,0.004,0.0025095848612187318
20190228,0.980623871955276,930,0.004,0.0027090705647730947
20190228,0.9853841820133112,930,0.004,0.002713737653195223
20190228,0.9901444920713467,930,0.004,0.0029637696380345573
20190228,0.9949048021293819,930,0.004,0.0030802422741965044
20190228,0.9996651121874174,930,0.004,0.0034052235688371807
20190228,1.0044254222454525,930,0.004,0.003696655555738412
20190228,1.009185732303488,930,0.004,0.004027846119763256
20190228,1.0139460423615232,930,0.004,0.004369365104937891
20190228,1.0187063524195585,930,0.003756177768578161,0.004973884721488455
20190228,1.0234666624775939,930,0.003756177768578161,0.006318612216874276
20190228,1.0282269725356292,930,0.003,0.007429345416693762
20190228,1.0329872825936646,930,0.0030000000000000005,0.0079087099733854
20190228,1.0377475926517,930,0.0035230632367887135,0.010692439225073628
20190228,1.0425079027097353,930,0.0035230632367887135,0.014289560982908288
20190228,1.0472682127677706,930,0.0035230632367887135,0.015874603051654092
20190228,1.0520285228258057,929,0.0035682069117212198,0.01277469216274987
20190228,1.0567888328838413,929,0.00356820691172122,0.013424276209945378
20190228,1.0615491429418764,929,0.00356820691172122,0.013944275917333738
20190228,1.066309452999912,929,0.00356820691172122,0.013943782424557719
20190228,1.071069763057947,929,0.00356820691172122,0.014283609828429312
20190228,1.0758300731159824,929,0.00356820691172122,0.014479417979627757
20190228,1.0805903831740178,929,0.0035682069117212206,0.014668053548706483
20190228,1.0853506932320531,929,0.00356820691172122,0.014884903184291096
20190228,1.0901110032900885,929,0.0036779350636891627,0.01528501254263231
20190228,1.0948713133481238,929,0.0036779350636891627,0.015688111503690292
20190228,1.099631623406159,929,0.0036779350636891627,0.015538152907953065
20190228,1.1043919334641943,929,0.0036779350636891627,0.015505703218374715
20190228,1.1091522435222296,929,0.0036779350636891627,0.015708592740809314
20190228,1.113912553580265,929,0.0036779350636891627,0.015640564358165937
20190228,1.1186728636383003,929,0.0036779350636891627,0.015916626638367428
20190228,1.1234331736963357,929,0.0036779350636891627,0.0159493188796212
20190228,1.128193483754371,929,0.0036779350636891627,0.01601505087450073
20190228,1.1329537938124061,928,0.0036779350636891627,0.015923359247595126
20190228,1.1377141038704417,928,0.0036779350636891627,0.0159037831106163
20190228,1.1424744139284768,928,0.0036779350636891627,0.015963348527432242
20190228,1.1472347239865124,928,0.0036779350636891627,0.016102047304849848
20190228,1.1519950340445475,928,0.0036779350636891627,0.01631574113564907
20190228,1.1567553441025828,928,0.0036779350636891627,0.016132321057040405
20190228,1.1615156541606182,928,0.0036779350636891627,0.016044947776206537
20190228,1.1662759642186535,928,0.0036779350636891627,0.016044947776206537
20190228,1.1710362742766889,928,0.0036779350636891627,0.017046725836151622
20190228,1.1757965843347242,928,0.0036779350636891627,0.017144990429989973
20190228,1.1805568943927596,928,0.0036779350636891627,0.01737703445142965
20190228,1.185317204450795,927,0.0036779350636891627,0.01713819644429937
20190228,1.19007751450883,927,0.0036779350636891627,0.017394554966513046
20190228,1.1948378245668656,927,0.0036779350636891627,0.017462284314258086
20190228,1.1995981346249007,926,0.004808487252487489,0.015323232180992564
20190228,1.2043584446829363,926,0.004808487252487489,0.015415880752721886
20190228,1.2091187547409714,926,0.004808487252487489,0.015088000148316377
20190228,1.2138790647990068,926,0.004808487252487489,0.01518820956382414
20190228,1.218639374857042,926,0.004808487252487489,0.016075586234346902
20190228,1.2233996849150772,926,0.004808487252487489,0.016075586234346902
20190228,1.2281599949731128,926,0.004808487252487489,0.01640390463075334
20190228,1.232920305031148,926,0.004808487252487489,0.0156650996126315
20190228,1.2376806150891833,926,0.00480848725248749,0.015639911713497375
20190228,1.2424409251472186,926,0.00480848725248749,0.015807102196526618
20190228,1.247201235205254,926,0.004808487252487489,0.015960411446935836
20190228,1.2519615452632893,926,0.004808487252487489,0.01593557043561151
20190228,1.2567218553213246,926,0.0046977579372487,0.016569778233748052
20190228,1.26148216537936,926,0.0046977579372487,0.016895502570043595
20190228,1.2662424754373953,926,0.00376090024259842,0.016534374688732922
20190228,1.2710027854954304,926,0.004904701775755317,0.017475109400350807
20190228,1.275763095553466,926,0.004904701775755317,0.01839674147137885
20190228,1.2805234056115011,926,0.004904701775755318,0.018481161821930114
20190228,1.2852837156695367,926,0.004904701775755317,0.0187394187143095
20190228,1.2900440257275718,926,0.004904701775755317,0.018549436142186643
20190228,1.2948043357856072,926,0.004904701775755318,0.0185014478975736
20190228,1.2995646458436425,926,0.004904701775755317,0.01885013623202053
20190228,1.3043249559016779,926,0.004904701775755317,0.018881637009894012
20190228,1.3090852659597132,926,0.004904701775755317,0.01924108521321308
20190228,1.3138455760177485,926,0.004904701775755317,0.019260051841064007
20190228,1.3186058860757837,926,0.004904701775755317,0.019327625218385405
20190228,1.3233661961338192,926,0.004904701775755317,0.01970231297689999
20190228,1.3281265061918544,926,0.004904701775755317,0.01972003398680823
20190228,1.33288681624989,926,0.004904701775755317,0.020253142286211324
20190228,1.337647126307925,926,0.004904701775755317,0.020344745851521812
20190228,1.3424074363659604,926,0.004904701775755316,0.02098114422962997
20190228,1.3471677464239957,926,0.004904701775755317,0.021340582567086305
20190228,1.3519280564820308,926,0.00543591858704007,0.02215257348848791
20190228,1.3566883665400664,926,0.00543591858704007,0.02226933416892335
20190228,1.3614486765981015,925,0.007215385849856524,0.0233830999722758
20190228,1.366208986656137,925,0.007215385849856523,0.023938041153583153
20190228,1.3709692967141722,925,0.007215385849856524,0.023783518903125994
20190228,1.3757296067722076,925,0.007215385849856524,0.023982879966488773
20190228,1.380489916830243,925,0.005434601870617451,0.022440495782336842
20190228,1.3852502268882783,925,0.005434601870617451,0.022581981991467846
20190228,1.3900105369463136,925,0.005434601870617451,0.023334057877775424
20190228,1.394770847004349,925,0.005434601870617451,0.023865158839571694
20190228,1.3995311570623843,925,0.005434601870617451,0.023936976987494748
20190228,1.4042914671204196,925,0.005434601870617451,0.024465613925703237
20190228,1.4090517771784548,925,0.005434601870617451,0.024404040035928918
20190228,1.4138120872364903,925,0.005434601870617451,0.025061121240101732
20190228,1.4185723972945254,925,0.005434601870617451,0.02509053569123091
20190228,1.423332707352561,925,0.005434601870617451,0.025054311255921006
20190228,1.4280930174105961,925,0.005434601870617451,0.02534158334442941
20190228,1.4328533274686315,925,0.005434601870617451,0.02469941552869716
20190228,1.4376136375266668,925,0.005434601870617451,0.024706514771684358
20190228,1.4423739475847022,925,0.005434601870617451,0.0249458816325163
20190228,1.4471342576427375,925,0.005434601870617451,0.025018530191369646
20190228,1.4518945677007729,925,0.005985176155436851,0.025515844763638128
20190228,1.456654877758808,925,0.006277777952826561,0.025712213577299147
20190228,1.4614151878168435,925,0.006051151447475086,0.02573952947084528
20190228,1.4661754978748787,925,0.006738216310271131,0.026753274037277196
20190228,1.470935807932914,925,0.006738216310271131,0.02613899627356519
20190228,1.4756961179909494,925,0.006738216310271131,0.02663176037610202
20190228,1.4804564280489847,924,0.006738216310271131,0.025435303237935806
20190228,1.48521673810702,924,0.00673821631027113,0.0259382630150717
20190228,1.4899770481650552,924,0.006432759244829634,0.02547728498571945
20190228,1.4947373582230907,924,0.005680960631467486,0.025298751553693107
20190228,1.4994976682811259,924,0.006520054255932225,0.027043182622194403
20190228,1.5042579783391614,923,0.00979453496763527,0.028413821282479813
20190228,1.5090182883971965,923,0.00935098319596173,0.029024111984800073
20190228,1.5137785984552319,923,0.00935098319596173,0.030477433027333956
20190228,1.5185389085132672,923,0.00935098319596173,0.031120009988046975
20190228,1.5232992185713026,923,0.00935098319596173,0.030688678928333775
20190228,1.528059528629338,923,0.00935098319596173,0.030001533730057366
20190228,1.5328198386873733,922,0.007697314547294163,0.006292124009656758
20190228,1.5375801487454086,922,0.007697314547294165,0.007677325798838023
20190228,1.542340458803444,922,0.007858559104959242,0.008726011400811282
20190228,1.547100768861479,922,0.007858559104959242,0.008577212202873063
20190228,1.5518610789195146,921,0.007858559104959242,0.00974835252987198
20190228,1.5566213889775498,920,0.007817541316199684,0.005915872406602474
20190228,1.5613816990355853,920,0.011688160779759878,0.01888767436791826
20190228,1.5661420090936204,920,0.01168816077975988,0.01694140792778979
20190228,1.5709023191516558,920,0.011653775528416784,0.013425352332196959
20190228,1.5756626292096911,920,0.011653775528416784,0.014810987978464595
20190228,1.5804229392677265,920,0.011653775528416784,0.014082767191264785
20190228,1.5851832493257618,920,0.011653775528416784,0.01235932520534686
20190228,1.589943559383797,919,0.011389070803951615,0.011239125428913066
20190228,1.5947038694418323,919,0.011443028876279788,0.007836367886492236
20190228,1.5994641794998676,919,0.013695925248941624,0.012258919862690988
20190228,1.604224489557903,918,0.014141937527678462,0.014051181838497797
20190228,1.6089847996159383,918,0.01405670122388146,0.015755607072262454
20190228,1.6137451096739737,918,0.012962819765641329,0.014235180968537518
20190228,1.618505419732009,918,0.01296281976564133,0.01642615863034594
20190228,1.6232657297900444,918,0.012850849989760174,0.01772633012668071
20190228,1.6280260398480795,918,0.009908650075319873,0.009721217999658256
20190228,1.632786349906115,918,0.009212180488191,0.00863963583839614
20190228,1.6375466599641502,918,0.010791706528916105,0.015480883589204781
20190228,1.6423069700221857,918,0.010791706528916107,0.0138039626875171
20190228,1.6470672800802209,918,0.012524570308176977,0.020690428777567105
20190228,1.6518275901382562,917,0.01252457030817698,0.006900547164155166
20190228,1.6565879001962915,917,0.008681276163033241,0.015003377113992968
20190228,1.6613482102543269,916,0.019810935687284585,0.0023415022626240485
20190228,1.6661085203123622,915,0.011928927496558623,0.014565364354289583
20190228,1.6708688303703976,915,0.011928927496558625,0.015494719204385525
20190228,1.6756291404284327,915,0.009922242453622061,0.015104076624989027
20190228,1.6803894504864683,914,0.015830532910294574,0.014962794114548749
20190228,1.6851497605445034,914,0.010029940566583993,0.02226046272299483
20190228,1.689910070602539,914,0.010029940566583991,0.025698924648030284
20190228,1.694670380660574,914,0.010454739267847657,0.024791414954295557
20190228,1.6994306907186096,912,0.02313932650327013,0.01979970113396669
20190228,1.7041910007766448,911,0.01658260744317251,0.03572015828388292
20190228,1.7089513108346799,911,0.01658260744317251,0.03496434297266886
20190228,1.7137116208927154,910,0.0131788033642576,0.04392213484175705
20190228,1.7184719309507506,910,0.010969198754696754,0.043660867262880446
20190228,1.7232322410087861,910,0.01693489615096921,0.038522817441607106
20190228,1.7279925510668213,910,0.01589493511272874,0.03074956274452427
20190228,1.7327528611248566,910,0.012520035594598298,0.04620438172649799
20190228,1.737513171182892,910,0.01176591821500867,0.04853272581292393
20190228,1.7422734812409273,910,0.012990966723522769,0.04101582875207068
20190228,1.7470337912989626,909,0.011946824123158263,0.043746967965345995
20190228,1.751794101356998,909,0.011328595182496029,0.04717569608605378
20190228,1.7565544114150333,909,0.010430429164684472,0.04550967375307222
20190228,1.7613147214730687,908,0.014991022192280117,0.03560506135697488
20190228,1.7660750315311038,907,0.025710723863315663,0.020279851201771396
20190228,1.7708353415891394,907,0.0156419877177677,0.04089563720181202
20190228,1.7755956516471745,906,0.016416119373760626,0.03771713674184755
20190228,1.78035596170521,905,0.016853904587090403,0.03978253052138263
20190228,1.7851162717632452,905,0.011288897532069164,0.051941918601627494
20190228,1.7898765818212805,904,0.013088985301375857,0.044023926673885154
20190228,1.7946368918793159,904,0.017605127407123132,0.03732808570981769
20190228,1.7993972019373512,904,0.017605127407123132,0.042744283736208546
20190228,1.8041575119953865,903,0.01570872876228249,0.06711100505715187
20190228,1.8089178220534219,902,0.016514850864464282,0.07010277645055119
20190228,1.813678132111457,901,0.025148942757255,0.04457463779082871
20190228,1.8184384421694926,901,0.01948092170855682,0.05241850496936483
20190228,1.8231987522275277,901,0.016849760502692844,0.05565157017410937
20190228,1.827959062285563,901,0.02071338193848983,0.026044034660269867
20190228,1.8327193723435984,899,0.019259693457369303,0.05442242923501937
20190228,1.8374796824016337,899,0.013334016693117555,0.07663535038402068
20190228,1.842239992459669,898,0.018537175571713894,0.0426722075420266
20190228,1.8470003025177042,897,0.035424096260254806,0.008674212247570038
20190228,1.8517606125757398,894,0.027430255272261853,0.033484281713827585
20190228,1.8565209226337749,893,0.02921453849334915,0.009997866578288815
20190228,1.8612812326918104,891,0.020726522507004984,0.042790429868486156
20190228,1.8660415427498456,891,0.027035683885970517,0.047156734863898174
20190228,1.870801852807881,891,0.024067483095531556,0.038379697490404534
20190228,1.8755621628659163,891,0.024570612685689806,0.021570937291306883
20190228,1.8803224729239516,889,0.048491553643940616,0.05440952806873991
20190228,1.885082782981987,889,0.03711226617445894,0.0001916347504723452
20190228,1.8898430930400223,885,0.0581625322229272,0.1550107254170747
20190228,1.8946034030980576,883,0.02679092738334469,0.010967291289856438
20190228,1.899363713156093,882,0.01970106045415055,0.07834473060247228
20190228,1.904124023214128,881,0.021200082559789116,0.0688672073601991
20190228,1.9088843332721634,880,0.02266620889218055,0.03474310620209459
20190228,1.913644643330199,877,0.06781147879239231,0.2767249533717289
20190228,1.9184049533882344,877,0.04224475691156944,0.0671852229712062
20190228,1.9231652634462695,876,0.03926276909703132,0.06182606046837536
20190228,1.9279255735043046,873,0.03602911286336117,0.1255338257644184
20190228,1.9326858835623404,873,0.061745512186328455,0.23181443230546495
20190228,1.9374461936203755,871,0.05171281260832841,0.16897272143809705
20190228,1.9422065036784109,869,0.07950293657446382,0.4628556300184948
20190228,1.946966813736446,868,0.05166713559626167,0.2903872345583871
20190228,1.9517271237944813,868,0.050708204988714124,0.3419141744659891
20190228,1.9564874338525169,868,0.04985627789751907,0.3734276556059955
20190228,1.961247743910552,868,0.05490064577303876,0.34061052975895784
20190228,1.9660080539685874,867,0.04226152927234453,0.300776253789758
20190228,1.9707683640266225,864,0.10663139848334799,0.9078355253882524
20190228,1.9755286740846583,863,0.07866505605986293,0.646145424242828
20190228,1.9802889841426934,862,0.07045866553565824,0.7010327293480578
20190228,1.9850492942007285,860,0.11178501696902512,1.1630987769787864
20190228,1.9898096042587639,860,0.10306842684393314,1.0987705688745903
20190228,1.9945699143167994,860,0.09471625128308019,0.9631484661645073
20190228,1.9993302243748348,860,0.0780683856532252,0.7345958892006036
20190228,2.00409053443287,860,0.08111795995009469,0.7611026021965209
20190228,2.008850844490905,860,0.04234815136699456,0.43061851289883324
20190228,2.013611154548941,859,0.07275951164341526,0.6655062083976141
20190228,2.018371464606976,859,0.06659072559414801,0.6082081494766973
20190228,2.023131774665011,856,0.07331652120748429,0.7483441973385675
20190228,2.0278920847230464,854,0.05560940256841867,0.5765772096323617
20190228,2.032652394781082,854,0.045566994057542755,0.4855204363004022
20190228,2.037412704839117,852,0.061201521594837514,0.7765962591499059
20190228,2.0421730148971524,850,0.11618899448666921,1.3947535746487345
20190228,2.0469333249551878,849,0.0745721583639082,1.274927465108067
20190228,2.0516936350132235,847,0.14454989136036414,2.2689391512947634
20190228,2.0564539450712584,847,0.12235152004977136,1.9393791936249136
20190228,2.061214255129294,846,0.19432272035754913,3.292150011559047
20190228,2.065974565187329,846,0.19432272035754913,3.292150011559047
20190228,2.0707348752453645,846,0.1120474830228809,1.8014760069834914
20190228,2.0754951853034,845,0.16393081287828762,2.7725641474122336
20190228,2.080255495361435,844,0.22073982216161472,4.141431152876787
20190228,2.0850158054194705,844,0.22073982216161472,4.141431152876787
20190228,2.0897761154775054,844,0.22073982216161472,4.141431152876787
20190228,2.094536425535541,844,0.22073982216161472,4.141431152876787
20190228,2.0992967355935765,844,0.22073982216161472,4.141431152876787
20190228,2.1040570456516114,844,0.16232925229046832,2.7164186253316394
20190228,2.108817355709647,843,0.22170598304676153,4.179021876327376
20190228,2.1135776657676826,842,0.14317254524211553,2.5564640823235236
20190228,2.1183379758257175,841,0.22607552138957435,4.327167577257505
20190228,2.123098285883753,841,0.22607552138957435,4.327193765837303
20190228,2.127858595941788,841,0.22607552138957435,4.3277053458305526
20190228,2.132618905999824,841,0.22607552138957435,4.3275436402373995
20190228,2.137379216057859,841,0.22607552138957435,4.3275436402373995
20190228,2.142139526115894,841,0.22607552138957435,4.3275436402373995
20190228,2.1468998361739295,841,0.22607552138957435,4.3275436402373995
20190228,2.151660146231965,841,0.22607552138957435,4.3275436402373995
20190228,2.1564204562900002,841,0.22607552138957435,4.327575219450831
20190228,2.1611807663480356,840,0.23028702657409367,4.423945042584748
20190228,2.165941076406071,840,0.23028702657409367,4.423945042584748
20190228,2.1707013864641063,839,0.23134867993718114,4.472795709922904
20190228,2.1754616965221416,839,0.23134867993718114,4.472795709922904
20190228,2.180222006580177,838,0.1768580998565325,3.0480474492244567
20190228,2.184982316638212,837,0.23300105516450792,4.545490899240752
20190228,2.1897426266962476,837,0.23300105516450786,4.5455252228392595
20190228,2.194502936754283,837,0.23300105516450786,4.5455252228392595
20190228,2.199263246812318,837,0.23300105516450786,4.5455252228392595
20190228,2.2040235568703532,837,0.23300105516450786,4.5455252228392595
20190228,2.2087838669283886,837,0.23300105516450786,4.5455252228392595
20190228,2.2135441769864244,837,0.23300105516450786,4.545734512325324
20190228,2.2183044870444593,837,0.13761490591151446,2.3645944760821425
20190228,2.2230647971024946,836,0.12261261453384183,2.704082212434489
20190228,2.22782510716053,835,0.23528216905544186,4.7538378712288605
20190228,2.2325854172185653,835,0.23528216905544186,4.7538378712288605
20190228,2.2373457272766006,835,0.13608415940091462,2.7732742977892806
20190228,2.242106037334636,834,0.2364407429131672,4.79540200121356
20190228,2.2468663473926713,833,0.23906981438584785,4.907256309893028
20190228,2.2516266574507067,833,0.17543847206795132,3.2793789710831334
20190228,2.256386967508742,832,0.24159772650249528,5.024630095654191
20190228,2.2611472775667774,832,0.24159772650249528,5.024721584445972
20190228,2.2659075876248123,832,0.24159772650249528,5.024721584445972
20190228,2.270667897682848,832,0.2415977265024953,5.024825232700028
20190228,2.2754282077408834,832,0.14632950134478648,3.004423595365057
20190228,2.2801885177989183,831,0.24376706935107587,5.098931601056065
20190228,2.2849488278569536,831,0.24376706935107587,5.098931601056065
20190228,2.2897091379149894,831,0.24376706935107587,5.098931601056065
20190228,2.2944694479730248,831,0.24376706935107587,5.098931601056065
20190228,2.2992297580310597,831,0.24376706935107587,5.099396803755181
20190228,2.303990068089095,830,0.2445130294711163,5.123558931294724
20190228,2.308750378147131,830,0.2445130294711163,5.123558931294724
20190228,2.3135106882051657,830,0.2445130294711163,5.123558931294724
20190228,2.318270998263201,830,0.2445130294711163,5.123558931294724
20190228,2.3230313083212364,830,0.2445130294711163,5.123568156572154
20190228,2.3277916183792717,830,0.2445130294711163,5.123568156572154
20190228,2.332551928437307,830,0.2445130294711163,5.123568156572154
20190228,2.3373122384953424,830,0.2445130294711163,5.123568156572154
20190228,2.3420725485533778,829,0.24518623527080327,5.1499452092372175
20190228,2.3468328586114127,829,0.14096466584572742,3.0539606072353176
20190228,2.3515931686694485,828,0.24844775579590717,5.296623068642628
20190228,2.356353478727484,828,0.18442942255211922,3.567870468765372
20190228,2.361113788785519,827,0.2502529883703159,5.364134425527904
20190228,2.365874098843554,827,0.2502529883703159,5.364134425527904
20190228,2.37063440890159,827,0.25025298837031584,5.36422991853419
20190228,2.375394718959625,827,0.25025298837031584,5.36422991853419
20190228,2.38015502901766,827,0.25025298837031584,5.36422991853419
20190228,2.3849153390756954,827,0.25025298837031584,5.36422991853419
20190228,2.389675649133731,827,0.25025298837031584,5.363917279096387
20190228,2.394435959191766,827,0.25025298837031584,5.363584021073633
20190228,2.3991962692498014,827,0.21583334400164045,4.255972661639636
20190228,2.403956579307837,826,0.25269132627010965,5.453005069120304
20190228,2.4087168893658726,826,0.25269132627010965,5.453005069120304
20190228,2.4134771994239075,826,0.25269132627010965,5.453005069120304
20190228,2.418237509481943,826,0.25269132627010965,5.453005069120304
20190228,2.422997819539978,826,0.25269132627010965,5.453005069120304
20190228,2.4277581295980135,825,0.25373157327354096,5.4854704345641245
20190228,2.432518439656049,825,0.25373157327354096,5.4854704345641245
20190228,2.437278749714084,825,0.25373157327354096,5.4854704345641245
20190228,2.4420390597721195,825,0.19811572436489266,3.856397491003853
20190228,2.4467993698301544,824,0.254806655829183,5.555691070894749
20190228,2.4515596798881902,824,0.254806655829183,5.555691070894749
20190228,2.4563199899462256,824,0.254806655829183,5.555691070894749
20190228,2.4610803000042605,824,0.254806655829183,5.555691070894749
20190228,2.465840610062296,824,0.254806655829183,5.555691070894749
20190228,2.4706009201203316,824,0.25480665582918305,5.555689232133738
20190228,2.4753612301783665,823,0.2317511540451348,4.894306925179331
20190228,2.480121540236402,822,0.2579043889029738,5.665273222843728
20190228,2.484881850294437,822,0.2579043889029738,5.665273222843728
20190228,2.489642160352473,822,0.2579043889029738,5.665275988566778
20190228,2.494402470410508,822,0.2579043889029738,5.665318350850502
20190228,2.4991627804685432,822,0.2579043889029738,5.665318350850502
20190228,2.5039230905265786,822,0.2579043889029738,5.665318350850502
20190228,2.508683400584614,822,0.2579043889029738,5.665348108974229
20190228,2.5134437106426493,821,0.26187208769697706,5.809377500276874
20190228,2.5182040207006846,821,0.26187208769697706,5.808956498347566
20190228,2.52296433075872,821,0.26187208769697706,5.808956498347566
20190228,2.5277246408167553,821,0.26187208769697706,5.808956498347566
20190228,2.5324849508747906,820,0.26319397110610393,5.8775875002628775
20190228,2.537245260932826,820,0.26319397110610393,5.8775875002628775
20190228,2.542005570990861,820,0.26319397110610393,5.87755409980656
20190228,2.5467658810488967,819,0.26366947302398047,5.898509164601059
20190228,2.551526191106932,819,0.26366947302398047,5.898509164601059
20190228,2.556286501164967,819,0.26366947302398047,5.898509164601059
20190228,2.5610468112230023,819,0.26366947302398047,5.898498600141189
20190228,2.5658071212810376,819,0.26366947302398047,5.898498600141189
20190228,2.5705674313390734,819,0.167444333509939,3.600274504222568
20190228,2.5753277413971083,818,0.26644828860076863,6.021397056442672
20190228,2.5800880514551436,818,0.26644828860076863,6.021397056442672
20190228,2.584848361513179,818,0.26644828860076863,6.021397056442672
20190228,2.5896086715712143,818,0.26644828860076863,6.021397056442672
20190228,2.5943689816292497,818,0.21913649058004914,4.4864583149111565
20190228,2.599129291687285,817,0.26744828860076864,6.071461938054207
20190228,2.6038896017453204,817,0.26744828860076864,6.071461938054207
20190228,2.6086499118033557,817,0.26744828860076864,6.071461938054207
20190228,2.613410221861391,817,0.26744828860076864,6.071461938054207
20190228,2.6181705319194264,817,0.26744828860076864,6.0715735031023
20190228,2.6229308419774613,817,0.26744828860076864,6.0714614251322665
20190228,2.627691152035497,816,0.2694236308908371,6.1390967315813745
20190228,2.6324514620935324,816,0.2694236308908371,6.1390967315813745
20190228,2.6372117721515673,816,0.2694236308908371,6.1390967315813745
20190228,2.6419720822096027,815,0.26995691547094564,6.18030637668622
20190228,2.6467323922676385,815,0.26995691547094564,6.18030637668622
20190228,2.651492702325674,815,0.26995691547094564,6.18030637668622
20190228,2.6562530123837087,815,0.26995691547094564,6.18030637668622
20190228,2.661013322441744,815,0.1403780274244687,3.5705370400267356
20190228,2.66577363249978,814,0.2709569154709457,6.226269958089923
20190228,2.6705339425578147,814,0.2709569154709457,6.226269958089923
20190228,2.67529425261585,814,0.2709569154709457,6.226562316395191
20190228,2.6800545626738854,814,0.2709569154709457,6.226911901096995
20190228,2.6848148727319208,814,0.16513783538543858,3.7521254403835824
20190228,2.689575182789956,813,0.2735388245932629,6.3480949865475065
20190228,2.6943354928479915,813,0.2735388245932629,6.3480949865475065
20190228,2.699095802906027,813,0.2735388245932629,6.3480949865475065
20190228,2.7038561129640617,813,0.2735388245932629,6.347950426438886
20190228,2.7086164230220975,813,0.2735388245932629,6.347950426438886
20190228,2.713376733080133,813,0.2735388245932629,6.347950426438886
20190228,2.718137043138168,813,0.14952438634384907,3.716634998210322
20190228,2.722897353196203,812,0.27551562084272097,6.43207296161374
20190228,2.727657663254239,812,0.27551562084272097,6.43207296161374
20190228,2.732417973312274,812,0.27551562084272097,6.43207296161374
20190228,2.737178283370309,812,0.27551562084272097,6.43207296161374
20190228,2.7419385934283445,812,0.16132101243635932,3.791257187557711
20190228,2.7466989034863802,811,0.27654906479810193,6.490202545808362
20190228,2.751459213544415,810,0.27932320229284524,6.655612535532055
20190228,2.7562195236024505,810,0.27932320229284524,6.655612535532055
20190228,2.760979833660486,810,0.27932320229284524,6.655968381567213
20190228,2.7657401437185216,810,0.27932320229284524,6.655968381567213
20190228,2.7705004537765565,810,0.27932320229284524,6.655968381567213
20190228,2.775260763834592,810,0.27932320229284524,6.655968381567213
20190228,2.780021073892627,810,0.27932320229284524,6.655968381567213
20190228,2.7847813839506625,810,0.27932320229284524,6.655968381567213
20190228,2.789541694008698,810,0.27932320229284524,6.655968381567213
20190228,2.7943020040667332,810,0.27932320229284524,6.655968381567213
20190228,2.7990623141247686,810,0.27932320229284524,6.655968994212237
20190228,2.8038226241828035,810,0.2793232022928452,6.655961732991968
20190228,2.8085829342408393,810,0.17159331200253922,4.031374199763067
20190228,2.8133432442988746,809,0.28140928935630843,6.745295488679019
20190228,2.8181035543569095,809,0.28140928935630843,6.745295488679019
20190228,2.822863864414945,809,0.28140928935630843,6.745295488679019
20190228,2.8276241744729806,809,0.28140928935630843,6.745295488679019
20190228,2.8323844845310155,809,0.28140928935630843,6.745295488679019
20190228,2.837144794589051,809,0.28140928935630843,6.745295488679019
20190228,2.8419051046470862,808,0.28333085087425447,6.849829570229244
20190228,2.846665414705122,808,0.28333085087425447,6.849829570229244
20190228,2.851425724763157,808,0.28333085087425447,6.849829570229244
20190228,2.8561860348211923,808,0.2833308508742544,6.849969631609167
20190228,2.8609463448792276,808,0.2833308508742544,6.849969631609167
20190228,2.865706654937263,808,0.2833308508742544,6.85017182806744
20190228,2.8704669649952983,808,0.2504949939161249,5.639121141255014
20190228,2.8752272750533336,807,0.28586297812191935,6.972144768906551
20190228,2.879987585111369,807,0.28586297812191935,6.972144768906551
20190228,2.8847478951694043,807,0.2579908326158973,5.917165745596659
20190228,2.8895082052274397,807,0.2579908326158973,5.917165745596659
20190228,2.894268515285475,806,0.28868790085062784,7.117454709730132
20190228,2.89902882534351,806,0.28868790085062784,7.117454709730132
20190228,2.9037891354015457,806,0.28868790085062784,7.117454709730132
20190228,2.908549445459581,806,0.28868790085062784,7.117609612334953
20190228,2.913309755517616,805,0.28968790085062784,7.165791000866166
20190228,2.9180700655756513,805,0.28968790085062784,7.165791000866166
20190228,2.922830375633687,805,0.28968790085062784,7.165791000866166
20190228,2.9275906856917224,805,0.28968790085062784,7.165791000866166
20190228,2.9323509957497573,804,0.28968790085062784,7.157886465299771
20190228,2.9371113058077927,804,0.28968790085062784,7.157913802648407
20190228,2.941871615865828,804,0.2896879008506279,7.158039109193599
20190228,2.9466319259238634,804,0.2896879008506279,7.158039109193599
20190228,2.9513922359818987,804,0.2896879008506279,7.158039109193599
20190228,2.956152546039934,804,0.2896879008506279,7.158039109193599
20190228,2.9609128560979694,804,0.2896879008506279,7.1582778578640776
20190228,2.9656731661560047,804,0.2896879008506279,7.1582778578640776
20190228,2.97043347621404,804,0.2896879008506279,7.1582778578640776
20190228,2.9751937862720754,804,0.2896879008506279,7.158270861118658
20190228,2.9799540963301103,804,0.2896879008506279,7.158270861118658
20190228,2.984714406388146,804,0.2896879008506279,7.158270861118658
20190228,2.9894747164461815,804,0.22069425343641227,4.981865669415073
20190228,2.9942350265042164,803,0.29177555737226174,7.277621057578703
20190228,2.9989953365622517,803,0.29177555737226174,7.277621057578703
