collision_seed,t_over_tff,n_live,max_m_over_mtotal,e_int_over_e0
20190225,0.004760310058035321,1000,0.001,0.0
20190225,0.009520620116070641,1000,0.001,0.0
20190225,0.014280930174105961,1000,0.001,0.0
20190225,0.019041240232141283,1000,0.001,0.0
20190225,0.023801550290176603,1000,0.001,0.0
20190225,0.028561860348211923,1000,0.001,0.0
20190225,0.03332217040624725,1000,0.001,0.0
20190225,0.038082480464282566,999,0.002,0.00013662206476007334
20190225,0.04284279052231788,999,0.002,0.00013662206476007334
20190225,0.047603100580353205,999,0.002,0.00013662206476007334
20190225,0.05236341063838852,999,0.002,0.00013662206476007334
20190225,0.057123720696423845,999,0.002,0.00013662206476007334
20190225,0.06188403075445917,999,0.002,0.00013662206476007334
20190225,0.0666443408124945,999,0.002,0.00016237880435176325
20190225,0.0714046508705298,999,0.002,0.00016237880435176325
20190225,0.07616496092856513,999,0.002,0.00016237880435176325
20190225,0.08092527098660045,999,0.002,0.00016237880435176325
20190225,0.08568558104463576,999,0.002,0.00016237880435176325
20190225,0.0904458911026711,999,0.002,0.00016237880435176325
20190225,0.09520620116070641,997,0.002,0.0002990273162068691
20190225,0.09996651121874173,997,0.002,0.0002990273162068691
20190225,0.10472682127677704,997,0.002,0.0002990273162068691
20190225,0.10948713133481237,997,0.002,0.0002990273162068691
20190225,0.11424744139284769,996,0.002,0.00035841623936752013
20190225,0.119007751450883,996,0.002,0.00035841623936752013
20190225,0.12376806150891834,996,0.002,0.00035841623936752013
20190225,0.12852837156695365,996,0.002,0.00035841623936752013
20190225,0.133288681624989,995,0.002,0.0005266718564719584
20190225,0.13804899168302429,993,0.002,0.0006299933921684068
20190225,0.1428093017410596,993,0.002,0.0006299933921684068
20190225,0.14756961179909495,993,0.002,0.0006299933921684068
20190225,0.15232992185713026,992,0.002,0.000680103218397704
20190225,0.15709023191516558,992,0.002,0.000680103218397704
20190225,0.1618505419732009,992,0.002,0.000680103218397704
20190225,0.16661085203123624,990,0.002,0.0007749600989687818
20190225,0.17137116208927153,989,0.002,0.0008845810002715054
20190225,0.17613147214730684,989,0.002,0.0008845810002715054
20190225,0.1808917822053422,987,0.002,0.000969394813116181
20190225,0.1856520922633775,986,0.002,0.0010156840493861926
20190225,0.19041240232141282,986,0.002,0.0010248773615315733
20190225,0.19517271237944817,986,0.002,0.0010248773615315733
20190225,0.19993302243748345,986,0.002,0.0010248773615315733
20190225,0.20469333249551877,985,0.002,0.001059983937489393
20190225,0.2094536425535541,985,0.002,0.001059983937489393
20190225,0.21421395261158943,985,0.002,0.001059983937489393
20190225,0.21897426266962475,984,0.002,0.0010964959258202528
20190225,0.22373457272766006,984,0.002,0.0010964959258202528
20190225,0.22849488278569538,984,0.002,0.0010964959258202528
20190225,0.2332551928437307,984,0.002,0.0010964959258202528
20190225,0.238015502901766,982,0.0023557060999587856,0.001070332888946516
20190225,0.24277581295980136,982,0.0023557060999587856,0.001070332888946516
20190225,0.24753612301783667,982,0.0023557060999587856,0.001070332888946516
20190225,0.252296433075872,982,0.0023557060999587856,0.001070332888946516
20190225,0.2570567431339073,982,0.0023557060999587856,0.001070332888946516
20190225,0.26181705319194265,979,0.0023557060999587856,0.0011708894011158218
20190225,0.266577363249978,979,0.0023557060999587856,0.0011708894011158218
20190225,0.2713376733080133,979,0.0023557060999587856,0.0011708894011158218
20190225,0.27609798336604857,978,0.0023557060999587856,0.001239043269327342
20190225,0.2808582934240839,977,0.0023557060999587856,0.001311663628167301
20190225,0.2856186034821192,976,0.0023557060999587856,0.0013479083124035814
20190225,0.29037891354015455,975,0.0023557060999587856,0.0014162244298667078
20190225,0.2951392235981899,975,0.0023557060999587856,0.0014162244298667078
20190225,0.2998995336562252,973,0.0023557060999587856,0.0014759031912810843
20190225,0.3046598437142605,973,0.0023557060999587856,0.0014759031912810843
20190225,0.3094201537722958,972,0.0023557060999587856,0.0015067968334349278
20190225,0.31418046383033116,972,0.0023557060999587856,0.0015067968334349278
20190225,0.3189407738883665,972,0.0023557060999587856,0.0015067968334349278
20190225,0.3237010839464018,972,0.0023557060999587856,0.0015067968334349278
20190225,0.32846139400443713,971,0.0023557060999587856,0.001527714571376883
20190225,0.3332217040624725,971,0.0023557060999587856,0.001527714571376883
20190225,0.3379820141205077,969,0.0023557060999587856,0.0016178102876123045
20190225,0.34274232417854306,969,0.0023557060999587856,0.0016178102876123045
20190225,0.3475026342365784,968,0.0023557060999587856,0.0016440516136501876
20190225,0.3522629442946137,967,0.0023557060999587856,0.0016725499177279773
20190225,0.35702325435264903,967,0.0023557060999587856,0.0016725499177279773
20190225,0.3617835644106844,966,0.0023557060999587856,0.0016955972297252309
20190225,0.36654387446871967,964,0.0023557060999587856,0.0017479098814034545
20190225,0.371304184526755,964,0.0023557060999587856,0.0017479098814034545
20190225,0.37606449458479035,964,0.0023557060999587856,0.0017479098814034545
20190225,0.38082480464282564,964,0.0023557060999587856,0.0017479098814034545
20190225,0.385585114700861,964,0.0023557060999587856,0.0017479098814034545
20190225,0.39034542475889633,964,0.0026788947540321334,0.001978570038393611
20190225,0.3951057348169316,964,0.0026788947540321334,0.001978570038393611
20190225,0.3998660448749669,963,0.0026788947540321334,0.0020332532942819214
20190225,0.40462635493300225,963,0.0026788947540321334,0.0020332532942819214
20190225,0.40938666499103754,963,0.0026788947540321334,0.0020332532942819214
20190225,0.4141469750490729,963,0.0026788947540321334,0.002035341094844724
20190225,0.4189072851071082,963,0.0026788947540321334,0.002035341094844724
20190225,0.4236675951651435,962,0.0026788947540321334,0.0020575450189555086
20190225,0.42842790522317886,962,0.0026788947540321334,0.0020575450189555086
20190225,0.43318821528121415,962,0.0026788947540321334,0.0020575450189555086
20190225,0.4379485253392495,962,0.0026788947540321334,0.0020575450189555086
20190225,0.44270883539728484,962,0.0026788947540321334,0.0020575450189555086
20190225,0.4474691454553201,962,0.0026788947540321334,0.0020575450189555086
20190225,0.45222945551335547,962,0.0026788947540321334,0.0020575450189555086
20190225,0.45698976557139076,961,0.0026788947540321334,0.002075263341370479
20190225,0.46175007562942605,960,0.0026788947540321334,0.0020705340643002723
20190225,0.4665103856874614,960,0.0026788947540321334,0.0020705340643002723
20190225,0.47127069574549674,960,0.0026788947540321334,0.0020705340643002723
20190225,0.476031005803532,960,0.0026788947540321334,0.0020705340643002723
20190225,0.48079131586156737,960,0.0026788947540321334,0.0020705340643002723
20190225,0.4855516259196027,960,0.0026788947540321334,0.0020705340643002723
20190225,0.490311935977638,960,0.0026788947540321334,0.0020705340643002723
20190225,0.49507224603567335,960,0.0026788947540321334,0.0020705340643002723
20190225,0.4998325560937087,959,0.0026788947540321334,0.002077572215987033
20190225,0.504592866151744,959,0.0026788947540321334,0.002077572215987033
20190225,0.5093531762097793,958,0.0026788947540321334,0.002091394667140989
20190225,0.5141134862678146,957,0.0026788947540321334,0.00209053192099755
20190225,0.51887379632585,956,0.0026788947540321334,0.001837375506621078
20190225,0.5236341063838853,956,0.0026788947540321334,0.001837375506621078
20190225,0.5283944164419206,956,0.0026788947540321334,0.001837375506621078
20190225,0.533154726499956,956,0.0026788947540321334,0.001837375506621078
20190225,0.5379150365579912,956,0.0026788947540321334,0.001837375506621078
20190225,0.5426753466160266,956,0.0026788947540321334,0.001837375506621078
20190225,0.5474356566740619,956,0.0026788947540321334,0.001837375506621078
20190225,0.5521959667320971,956,0.0026788947540321334,0.001837375506621078
20190225,0.5569562767901325,956,0.0026788947540321334,0.001837375506621078
20190225,0.5617165868481678,956,0.0026788947540321334,0.001837375506621078
20190225,0.5664768969062031,955,0.0026788947540321334,0.0018546356493511994
20190225,0.5712372069642384,953,0.0026788947540321334,0.0018707969352507714
20190225,0.5759975170222738,953,0.0026788947540321334,0.0018707969352507714
20190225,0.5807578270803091,951,0.0026788947540321334,0.001944452451856769
20190225,0.5855181371383444,951,0.0026788947540321334,0.001944452451856769
20190225,0.5902784471963798,951,0.0026788947540321334,0.001944452451856769
20190225,0.595038757254415,951,0.0026788947540321334,0.001944452451856769
20190225,0.5997990673124504,951,0.0026788947540321334,0.001944452451856769
20190225,0.6045593773704857,951,0.0026788947540321334,0.001944452451856769
20190225,0.609319687428521,951,0.0026788947540321334,0.001944452451856769
20190225,0.6140799974865564,951,0.0026788947540321334,0.001944452451856769
20190225,0.6188403075445916,951,0.0026788947540321334,0.001944452451856769
20190225,0.623600617602627,951,0.0026788947540321334,0.001944452451856769
20190225,0.6283609276606623,951,0.0026788947540321334,0.001944452451856769
20190225,0.6331212377186977,951,0.0026788947540321334,0.001944452451856769
20190225,0.637881547776733,951,0.0026788947540321334,0.001944452451856769
20190225,0.6426418578347683,951,0.0026788947540321334,0.001944452451856769
20190225,0.6474021678928036,951,0.0026788947540321334,0.001944452451856769
20190225,0.6521624779508389,951,0.0026788947540321334,0.001944452451856769
20190225,0.6569227880088743,951,0.0026788947540321334,0.001944452451856769
20190225,0.6616830980669096,951,0.0026788947540321334,0.001944452451856769
20190225,0.666443408124945,951,0.0026788947540321334,0.001944452451856769
20190225,0.6712037181829802,951,0.0026788947540321334,0.001944452451856769
20190225,0.6759640282410154,951,0.0026788947540321334,0.001944452451856769
20190225,0.6807243382990508,951,0.0026788947540321334,0.001944452451856769
20190225,0.6854846483570861,950,0.0026788947540321334,0.001947405705958621
20190225,0.6902449584151215,950,0.0026788947540321334,0.001947405705958621
20190225,0.6950052684731568,950,0.0026788947540321334,0.001947405705958621
20190225,0.6997655785311921,950,0.0026788947540321334,0.001947405705958621
20190225,0.7045258885892274,950,0.0026788947540321334,0.001947405705958621
20190225,0.7092861986472627,950,0.0026788947540321334,0.001947405705958621
20190225,0.7140465087052981,950,0.0026788947540321334,0.001947405705958621
20190225,0.7188068187633334,950,0.0026788947540321334,0.001947405705958621
20190225,0.7235671288213688,950,0.0026788947540321334,0.001947405705958621
20190225,0.728327438879404,950,0.0026788947540321334,0.0019524388936384
20190225,0.7330877489374393,950,0.0026788947540321334,0.0019524388936384
20190225,0.7378480589954747,950,0.0026788947540321334,0.0019536301313802505
20190225,0.74260836905351,950,0.0026788947540321334,0.0019536301313802505
20190225,0.7473686791115454,950,0.0026788947540321334,0.0019536301313802505
20190225,0.7521289891695807,950,0.0026788947540321334,0.0019536301313802505
20190225,0.7568892992276159,950,0.0026788947540321334,0.0019536301313802505
20190225,0.7616496092856513,949,0.003,0.0018497512883315997
20190225,0.7664099193436866,949,0.003,0.0018497512883315997
20190225,0.771170229401722,949,0.003,0.0018497512883315997
20190225,0.7759305394597573,949,0.003,0.0018497512883315997
20190225,0.7806908495177927,949,0.003,0.0018497512883315997
20190225,0.7854511595758279,949,0.003,0.0018497512883315997
20190225,0.7902114696338632,949,0.003,0.0018497512883315997
20190225,0.7949717796918985,949,0.003,0.0018497512883315997
20190225,0.7997320897499338,949,0.003,0.0018497512883315997
20190225,0.8044923998079692,949,0.003,0.0018497512883315997
20190225,0.8092527098660045,949,0.003,0.0018497512883315997
20190225,0.8140130199240397,949,0.003,0.001962888847853164
20190225,0.8187733299820751,949,0.003,0.001962888847853164
20190225,0.8235336400401104,948,0.003,0.0019272688068183844
20190225,0.8282939500981458,948,0.003,0.0019272688068183844
20190225,0.8330542601561811,948,0.003,0.0019272688068183844
20190225,0.8378145702142163,948,0.003,0.0019272688068183844
20190225,0.8425748802722517,948,0.003,0.0019272688068183844
20190225,0.847335190330287,948,0.003,0.0019272688068183844
20190225,0.8520955003883224,948,0.003,0.0019272688068183844
20190225,0.8568558104463577,948,0.003,0.0019272688068183844
20190225,0.8616161205043931,948,0.003,0.0019907358001942524
20190225,0.8663764305624283,948,0.003,0.0019907358001942524
20190225,0.8711367406204636,948,0.003,0.001997041996706297
20190225,0.875897050678499,948,0.003,0.001974302408338563
20190225,0.8806573607365343,948,0.003,0.001974302408338563
20190225,0.8854176707945697,948,0.003,0.0019744680156702143
20190225,0.890177980852605,948,0.003,0.0019744680156702143
20190225,0.8949382909106403,948,0.003,0.0019744680156702143
20190225,0.8996986009686756,948,0.003,0.0019744680156702143
20190225,0.9044589110267109,947,0.003,0.0008279102088153952
20190225,0.9092192210847463,947,0.003,0.0008279102088153952
20190225,0.9139795311427815,947,0.003,0.0008279102088153952
20190225,0.9187398412008169,947,0.003,0.0008279102088153952
20190225,0.9235001512588521,947,0.003,0.0008279102088153952
20190225,0.9282604613168874,946,0.003,0.0007000696790144395
20190225,0.9330207713749228,946,0.003,0.0007000696790144395
20190225,0.9377810814329581,946,0.003,0.0006401092257436457
20190225,0.9425413914909935,946,0.003,0.000695439490399855
20190225,0.9473017015490288,946,0.003,0.000711078604254302
20190225,0.952062011607064,946,0.003,0.0008959262715439689
20190225,0.9568223216650995,946,0.003,0.0008993226701668969
20190225,0.9615826317231347,946,0.003,0.001147380087307684
20190225,0.9663429417811702,945,0.003,0.0011801121467712576
20190225,0.9711032518392054,945,0.003,0.0012058980269880777
20190225,0.9758635618972407,943,0.003,0.0013112964030949255
20190225,0.980623871955276,943,0.003,0.001384396290043198
20190225,0.9853841820133112,942,0.003,0.0014635004029487529
20190225,0.9901444920713467,942,0.003,0.0016533317940165702
20190225,0.9949048021293819,942,0.003,0.001745444320560517
20190225,0.9996651121874174,942,0.003,0.0018129151183143785
20190225,1.0044254222454525,942,0.003,0.0019729944197325144
20190225,1.009185732303488,941,0.003,0.0019664172219370623
20190225,1.0139460423615232,940,0.003,0.0017600157242552825
20190225,1.0187063524195585,939,0.003,0.002087034673849275
20190225,1.0234666624775939,939,0.003,0.0013038255910230942
20190225,1.0282269725356292,939,0.003,9.059631676289063e-05
20190225,1.0329872825936646,939,0.003,0.0015684606285408284
20190225,1.0377475926517,938,0.003260350449939005,0.0008315374858304988
20190225,1.0425079027097353,937,0.0034143999886995058,0.0033209428968397157
20190225,1.0472682127677706,937,0.0034143999886995058,0.0019229414215105568
20190225,1.0520285228258057,937,0.0034143999886995058,0.0007277064393675079
20190225,1.0567888328838413,937,0.00367389993199547,0.0006487230127708052
20190225,1.0615491429418764,937,0.00367389993199547,0.0013725466490011678
20190225,1.066309452999912,937,0.0038115334627178256,0.0017172292983511886
20190225,1.071069763057947,937,0.0038115334627178256,0.002534086697330102
20190225,1.0758300731159824,937,0.0038115334627178256,0.0026396782288448817
20190225,1.0805903831740178,937,0.0038115334627178256,0.0029060517490600932
20190225,1.0853506932320531,937,0.0038115334627178256,0.0030248012737724246
20190225,1.0901110032900885,937,0.0038115334627178256,0.003066637974998994
20190225,1.0948713133481238,937,0.0038115334627178256,0.003347605477431479
20190225,1.099631623406159,937,0.0038115334627178256,0.0033601324564666002
20190225,1.1043919334641943,937,0.0038115334627178256,0.0035784562905799146
20190225,1.1091522435222296,937,0.0038115334627178256,0.003782219878126748
20190225,1.113912553580265,937,0.0038115334627178256,0.0038273562236942472
20190225,1.1186728636383003,936,0.003916083119758246,0.004272054388649113
20190225,1.1234331736963357,936,0.003916083119758246,0.004272054388649113
20190225,1.128193483754371,936,0.003916083119758246,0.004318093799351406
20190225,1.1329537938124061,935,0.003916083119758246,0.004185123632384468
20190225,1.1377141038704417,935,0.003916083119758246,0.004185123632384468
20190225,1.1424744139284768,935,0.003916083119758246,0.004185123632384468
20190225,1.1472347239865124,935,0.003916083119758246,0.004195019160666952
20190225,1.1519950340445475,935,0.003916083119758246,0.004442633189669862
20190225,1.1567553441025828,935,0.003916083119758246,0.004442633189669862
20190225,1.1615156541606182,935,0.003916083119758246,0.004451800771225599
20190225,1.1662759642186535,935,0.003916083119758246,0.004837467361972508
20190225,1.1710362742766889,935,0.003916083119758246,0.005181995906211751
20190225,1.1757965843347242,935,0.003916083119758246,0.004899709836784344
20190225,1.1805568943927596,935,0.003916083119758246,0.00492559082733576
20190225,1.185317204450795,935,0.003916083119758246,0.005043818116057951
20190225,1.19007751450883,935,0.003916083119758246,0.005261314106589817
20190225,1.1948378245668656,935,0.003916083119758246,0.005344538714011752
20190225,1.1995981346249007,934,0.003916083119758246,0.004476897116783024
20190225,1.2043584446829363,934,0.003916083119758246,0.004456349022072688
20190225,1.2091187547409714,933,0.00397543474002675,0.0018980054719920138
20190225,1.2138790647990068,933,0.00397543474002675,0.0020877333238071482
20190225,1.218639374857042,933,0.00397543474002675,0.002052259091690139
20190225,1.2233996849150772,933,0.00397543474002675,0.002430486543967829
20190225,1.2281599949731128,933,0.00397543474002675,0.002555522332709826
20190225,1.232920305031148,933,0.00397543474002675,0.002479638806129438
20190225,1.2376806150891833,933,0.00397543474002675,0.0027087948280369294
20190225,1.2424409251472186,933,0.00397543474002675,0.0027084602588102577
20190225,1.247201235205254,933,0.00397543474002675,0.003363126196434013
20190225,1.2519615452632893,933,0.00397543474002675,0.003292091909814215
20190225,1.2567218553213246,933,0.00397543474002675,0.0033637831727041613
20190225,1.26148216537936,933,0.00397543474002675,0.003668428399553031
20190225,1.2662424754373953,933,0.00397543474002675,0.003611734155348985
20190225,1.2710027854954304,933,0.00397543474002675,0.00405731135039961
20190225,1.275763095553466,933,0.00397543474002675,0.004464758666788835
20190225,1.2805234056115011,933,0.00397543474002675,0.00525533383783604
20190225,1.2852837156695367,932,0.00397543474002675,0.005924371006164123
20190225,1.2900440257275718,932,0.00397543474002675,0.006530492753187152
20190225,1.2948043357856072,931,0.0042419855844265065,0.005256457627128963
20190225,1.2995646458436425,931,0.0042419855844265065,0.005910879106900072
20190225,1.3043249559016779,931,0.0042419855844265065,0.006292962986745603
20190225,1.3090852659597132,931,0.005624506876876726,0.007640147754844842
20190225,1.3138455760177485,931,0.005624506876876726,0.008620100668227357
20190225,1.3186058860757837,931,0.005624506876876726,0.00916111915390025
20190225,1.3233661961338192,931,0.006324206557161561,0.010947548651697826
20190225,1.3281265061918544,931,0.006324206557161561,0.011226878546339502
20190225,1.33288681624989,931,0.006324206557161561,0.010610488054993433
20190225,1.337647126307925,931,0.006324206557161561,0.010828469792303686
20190225,1.3424074363659604,931,0.006324206557161561,0.009846748546730245
20190225,1.3471677464239957,931,0.006324206557161561,0.010045754117212197
20190225,1.3519280564820308,929,0.006324206557161561,0.00937515072190004
20190225,1.3566883665400664,929,0.006324206557161561,0.009741586603748726
20190225,1.3614486765981015,929,0.006324206557161561,0.009715254173192214
20190225,1.366208986656137,929,0.006324206557161561,0.009902801610176926
20190225,1.3709692967141722,927,0.006324206557161561,0.008182278298707128
20190225,1.3757296067722076,927,0.006324206557161561,0.009356907762674442
20190225,1.380489916830243,927,0.006324206557161561,0.009325317362566895
20190225,1.3852502268882783,927,0.006566943072081876,0.009875305061618753
20190225,1.3900105369463136,927,0.006566943072081876,0.010161263258850344
20190225,1.394770847004349,927,0.006566943072081876,0.010189868906484422
20190225,1.3995311570623843,927,0.005702384238706836,0.009240240462418378
20190225,1.4042914671204196,927,0.005702384238706836,0.010646744710361615
20190225,1.4090517771784548,927,0.005702384238706836,0.010978184594576253
20190225,1.4138120872364903,927,0.005702384238706836,0.011166604070024651
20190225,1.4185723972945254,927,0.005702384238706836,0.010958397910560067
20190225,1.423332707352561,927,0.005702384238706836,0.013085697622061812
20190225,1.4280930174105961,927,0.005702384238706836,0.01311685554298231
20190225,1.4328533274686315,927,0.005702384238706836,0.013607427948740317
20190225,1.4376136375266668,927,0.006913303719394277,0.014415876218258888
20190225,1.4423739475847022,926,0.006913303719394277,0.014459471238509342
20190225,1.4471342576427375,926,0.006913303719394277,0.014875507518047957
20190225,1.4518945677007729,926,0.006913303719394277,0.015148026319569774
20190225,1.456654877758808,926,0.006913303719394277,0.015361882911725987
20190225,1.4614151878168435,926,0.006550152702588151,0.01515428994971336
20190225,1.4661754978748787,926,0.007700067897555014,0.017832332880878484
20190225,1.470935807932914,925,0.007700067897555014,0.009700121864848808
20190225,1.4756961179909494,925,0.007700067897555014,0.009702989399346565
20190225,1.4804564280489847,925,0.008578503201625644,0.010355494060325807
20190225,1.48521673810702,925,0.008578503201625644,0.010426848470510576
20190225,1.4899770481650552,925,0.008578503201625644,0.011838386458890859
20190225,1.4947373582230907,924,0.008578503201625644,0.009649365657983675
20190225,1.4994976682811259,924,0.01200100435968515,0.012742601833545614
20190225,1.5042579783391614,924,0.01200100435968515,0.018094315464614777
20190225,1.5090182883971965,924,0.013166017968912468,0.019866231921728164
20190225,1.5137785984552319,923,0.01316601796891247,0.01975013520819617
20190225,1.5185389085132672,923,0.01316601796891247,0.023657501772275102
20190225,1.5232992185713026,923,0.011638684580861133,0.025702215204041902
20190225,1.528059528629338,923,0.010606461222210622,0.02172270780355174
20190225,1.5328198386873733,923,0.010606461222210622,0.01856240157511805
20190225,1.5375801487454086,923,0.012693928398374665,0.02521855939917365
20190225,1.542340458803444,923,0.011679074312820977,0.02361977647187717
20190225,1.547100768861479,922,0.011936241012631783,0.014202217316222034
20190225,1.5518610789195146,922,0.011936241012631783,0.014290220373897542
20190225,1.5566213889775498,920,0.021566273189065996,0.031750930691375204
20190225,1.5613816990355853,920,0.021566273189065996,0.027504273299227198
20190225,1.5661420090936204,920,0.018808568503812014,0.021924619968331237
20190225,1.5709023191516558,920,0.018188727849715005,0.01991805969601709
20190225,1.5756626292096911,920,0.012734285606327543,0.010705140723440991
20190225,1.5804229392677265,920,0.01175939901125646,0.00825528107898199
20190225,1.5851832493257618,920,0.014113160397926426,0.012126630353840633
20190225,1.589943559383797,920,0.011084981119977296,0.012203640605647504
20190225,1.5947038694418323,920,0.011084981119977296,0.009816357906264749
20190225,1.5994641794998676,920,0.011084981119977296,0.010490525525336336
20190225,1.604224489557903,920,0.011084981119977296,0.008071194037478257
20190225,1.6089847996159383,920,0.011333364607997328,0.01014093621407017
20190225,1.6137451096739737,920,0.011333364607997328,0.006894981764968352
20190225,1.618505419732009,919,0.010939129233995796,0.012145624706874946
20190225,1.6232657297900444,919,0.009295025781676276,0.008114519854245848
20190225,1.6280260398480795,919,0.009338908409184141,0.009358218820476744
20190225,1.632786349906115,917,0.01298558580609534,0.01344442130637597
20190225,1.6375466599641502,917,0.012830463556822366,0.01783801662896973
20190225,1.6423069700221857,917,0.009170867628144718,0.014579474294903963
20190225,1.6470672800802209,916,0.01253777262404532,0.018962127350906424
20190225,1.6518275901382562,914,0.016249308621183466,0.003934921934163388
20190225,1.6565879001962915,912,0.02359033413493806,0.020918852920822868
20190225,1.6613482102543269,912,0.01567149513675278,0.0002981935050730709
20190225,1.6661085203123622,911,0.02116141469357294,0.006045553385795485
20190225,1.6708688303703976,910,0.02713717642703887,0.02837474984604035
20190225,1.6756291404284327,909,0.020299891774718967,0.011036388001281915
20190225,1.6803894504864683,909,0.020459022907681187,0.0014731522788069733
20190225,1.6851497605445034,908,0.018034683073419513,0.006760459949129145
20190225,1.689910070602539,907,0.013914284012501341,0.027355600638391802
20190225,1.694670380660574,906,0.012706594993538333,0.025778363153174434
20190225,1.6994306907186096,903,0.027668109980252282,0.013151139400649912
20190225,1.7041910007766448,903,0.022693455713131416,0.0006379366548391544
20190225,1.7089513108346799,903,0.02117143213969124,0.003108882383968285
20190225,1.7137116208927154,900,0.027788412734840215,0.01982231414873262
20190225,1.7184719309507506,897,0.050597902779230854,0.08905521167984672
20190225,1.7232322410087861,897,0.03662523291651924,0.0056213936617032076
20190225,1.7279925510668213,897,0.019314555458591315,0.05774794369391993
20190225,1.7327528611248566,895,0.03786312419056442,0.014259059648383643
20190225,1.737513171182892,893,0.0282058066577699,0.08754156214315113
20190225,1.7422734812409273,891,0.03722236393497833,0.04700247946306548
20190225,1.7470337912989626,890,0.03174654286202444,0.06223585843920801
20190225,1.751794101356998,889,0.02071935020954684,0.10249917647909783
20190225,1.7565544114150333,888,0.01970824726202893,0.10541929020459107
20190225,1.7613147214730687,886,0.05215911231886087,0.06523704077170704
20190225,1.7660750315311038,884,0.05567795836774932,0.10377272756823187
20190225,1.7708353415891394,882,0.06771550960907899,0.2129959781525982
20190225,1.7755956516471745,881,0.06854631424893318,0.2408820635759067
20190225,1.78035596170521,880,0.05072826174040985,0.13243060670489898
20190225,1.7851162717632452,880,0.03657938673468797,0.03814334554260526
20190225,1.7898765818212805,878,0.05881283358598131,0.1704959764381915
20190225,1.7946368918793159,878,0.039797177679696365,0.023279122834666877
20190225,1.7993972019373512,877,0.041951237123860494,0.065571435901957
20190225,1.8041575119953865,876,0.0504128785198641,0.18012990163474982
20190225,1.8089178220534219,875,0.07217807746859943,0.3124981421382784
20190225,1.813678132111457,874,0.03908904750220723,0.15358969569160327
20190225,1.8184384421694926,872,0.061102473403685645,0.282181192560093
20190225,1.8231987522275277,871,0.049452286657333984,0.3123016967738779
20190225,1.827959062285563,870,0.05565692416008938,0.23890939732636776
20190225,1.8327193723435984,869,0.04384135724437999,0.20658067067658353
20190225,1.8374796824016337,869,0.045492941287133326,0.21047499296409786
20190225,1.842239992459669,869,0.04047608288126082,0.12444930627874246
20190225,1.8470003025177042,867,0.061651567201436844,0.317449285731313
20190225,1.8517606125757398,866,0.03715595961761004,0.20450533354201272
20190225,1.8565209226337749,865,0.04694157127673196,0.33160736196266605
20190225,1.8612812326918104,864,0.04199626698330085,0.2795930563796939
20190225,1.8660415427498456,863,0.044892930088191764,0.38575585716274613
20190225,1.870801852807881,862,0.08991527293012565,0.7258227378573477
20190225,1.8755621628659163,862,0.08296352114783172,0.5960614954313794
20190225,1.8803224729239516,861,0.06314492461845807,0.43871268616912074
20190225,1.885082782981987,860,0.05183484016478089,0.40158426137540104
20190225,1.8898430930400223,860,0.04952501002232586,0.353542181251848
20190225,1.8946034030980576,860,0.03830062374254265,0.37292853647889473
20190225,1.899363713156093,859,0.08179477432218693,0.752388356484963
20190225,1.904124023214128,858,0.07504390025493071,0.7285275982254318
20190225,1.9088843332721634,856,0.06330907407125216,0.6773341586132663
20190225,1.913644643330199,854,0.10697598253931744,1.1628788157049448
20190225,1.9184049533882344,854,0.10458222259729542,1.1264102168242702
20190225,1.9231652634462695,852,0.09809364785964585,1.1032290125669724
20190225,1.9279255735043046,851,0.10673427174938296,1.3470780288603519
20190225,1.9326858835623404,850,0.15896846729246103,2.1959167733173803
20190225,1.9374461936203755,848,0.1780148894844147,2.6919753064262246
20190225,1.9422065036784109,847,0.16135484790903568,2.4273265630992835
20190225,1.946966813736446,846,0.207432416819954,3.5602952262097225
20190225,1.9517271237944813,846,0.207432416819954,3.5602952262097225
20190225,1.9564874338525169,846,0.10965343450455876,1.985154068875657
20190225,1.961247743910552,845,0.209813025691796,3.651547729682274
20190225,1.9660080539685874,845,0.209813025691796,3.651547729682274
20190225,1.9707683640266225,845,0.209813025691796,3.651547729682274
20190225,1.9755286740846583,845,0.209813025691796,3.6513764919438643
20190225,1.9802889841426934,845,0.20981302569179594,3.6513261465849833
20190225,1.9850492942007285,845,0.209813025691796,3.651493307066737
20190225,1.9898096042587639,844,0.21302231197950158,3.730994337831867
20190225,1.9945699143167994,844,0.21302231197950158,3.7310027511993047
20190225,1.9993302243748348,844,0.21302231197950158,3.731206194320598
20190225,2.00409053443287,844,0.14232254801506425,2.204379444158955
20190225,2.008850844490905,843,0.21140175460976737,3.65748535200286
20190225,2.013611154548941,842,0.13978965209262834,2.28646868059295
20190225,2.018371464606976,841,0.19416430457751024,3.221541901253495
20190225,2.023131774665011,841,0.1340360197758621,2.3660930516119274
20190225,2.0278920847230464,841,0.12702283499645997,2.3489806270993046
20190225,2.032652394781082,839,0.22528818532281558,4.240511305082446
20190225,2.037412704839117,839,0.22528818532281558,4.240511305082446
20190225,2.0421730148971524,839,0.22528818532281558,4.240511305082446
20190225,2.0469333249551878,839,0.22528818532281555,4.241029151694694
20190225,2.0516936350132235,839,0.22528818532281555,4.241029151694694
20190225,2.0564539450712584,839,0.22528818532281555,4.241035520915171
20190225,2.061214255129294,839,0.10662010989045916,2.1286506622288086
20190225,2.065974565187329,838,0.18307272197706664,3.2016864852326217
20190225,2.0707348752453645,838,0.12430173201401742,2.2005069495258405
20190225,2.0754951853034,836,0.22971605965413844,4.540879676600415
20190225,2.080255495361435,836,0.22971605965413844,4.540879676600415
20190225,2.0850158054194705,836,0.22971605965413844,4.540872962017336
20190225,2.0897761154775054,835,0.2310311527269085,4.603999897247397
20190225,2.094536425535541,835,0.2310311527269085,4.6037833248563285
20190225,2.0992967355935765,835,0.2023217332081538,3.6950323520822748
20190225,2.1040570456516114,834,0.22609052327370177,4.447271295546105
20190225,2.108817355709647,834,0.11833741642647881,2.228895515891841
20190225,2.1135776657676826,833,0.20131130187875074,3.7964631868877436
20190225,2.1183379758257175,833,0.13871160573571506,2.7008606667804655
20190225,2.123098285883753,833,0.14002358733005818,2.9682234804682306
20190225,2.127858595941788,833,0.17785454822844776,3.544982246750162
20190225,2.132618905999824,832,0.22468013042681154,4.90748400757659
20190225,2.137379216057859,832,0.1329160536617305,3.387406515322728
20190225,2.142139526115894,831,0.1708842154388758,3.7555565341108776
20190225,2.1468998361739295,830,0.24199802476695847,5.5674863053311885
20190225,2.151660146231965,830,0.24199802476695847,5.5674863053311885
20190225,2.1564204562900002,830,0.2419980247669585,5.567518116933044
20190225,2.1611807663480356,830,0.2419980247669585,5.567225106993024
20190225,2.165941076406071,830,0.20417545244167176,4.3990421128984645
20190225,2.1707013864641063,829,0.24278838398442837,5.606268902849923
20190225,2.1754616965221416,829,0.16007296857126385,3.3872032721073393
20190225,2.180222006580177,826,0.24825268064368508,5.85185216128324
20190225,2.184982316638212,826,0.13869680868850146,3.6574020537617433
20190225,2.1897426266962476,825,0.25009679990540373,5.91315402555469
20190225,2.194502936754283,825,0.25009679990540373,5.9131315032853795
20190225,2.199263246812318,825,0.25009679990540373,5.913231539953101
20190225,2.2040235568703532,825,0.2114052363696433,4.68091696360487
20190225,2.2087838669283886,824,0.2507972523028693,5.95523678384036
20190225,2.2135441769864244,824,0.25079725230286937,5.955196396183962
20190225,2.2183044870444593,824,0.19826171280583443,4.422077606791975
20190225,2.2230647971024946,823,0.2526557800772324,6.040611699513259
20190225,2.22782510716053,823,0.2526557800772324,6.040611699513259
20190225,2.2325854172185653,822,0.2533648809451487,6.0826922238897785
20190225,2.2373457272766006,822,0.2533648809451487,6.082715637969232
20190225,2.242106037334636,822,0.2533648809451487,6.082909962661618
20190225,2.2468663473926713,822,0.2533648809451487,6.0826379521518374
20190225,2.2516266574507067,820,0.2563819753332757,6.207411066821901
20190225,2.256386967508742,820,0.2563819753332757,6.207411066821901
20190225,2.2611472775667774,820,0.2563819753332757,6.207727327133494
20190225,2.2659075876248123,820,0.2563819753332757,6.207727327133494
20190225,2.270667897682848,820,0.2563819753332757,6.20776200975241
20190225,2.2754282077408834,820,0.2563819753332757,6.207751846723553
20190225,2.2801885177989183,820,0.2563819753332757,6.208105318247759
20190225,2.2849488278569536,820,0.2563819753332757,6.208330821319613
20190225,2.2897091379149894,819,0.18677525358161462,4.104848807172561
20190225,2.2944694479730248,817,0.2594045455860968,6.384398171177614
20190225,2.2992297580310597,817,0.2594045455860968,6.384398171177614
20190225,2.303990068089095,816,0.25989780690538977,6.401831837836022
20190225,2.308750378147131,816,0.25989780690538977,6.401810595627787
20190225,2.3135106882051657,816,0.25989780690538977,6.401799111036491
20190225,2.318270998263201,816,0.25989780690538977,6.401799111036491
20190225,2.3230313083212364,816,0.25989780690538977,6.401799111036491
20190225,2.3277916183792717,816,0.21449645918426766,4.927477194255508
20190225,2.332551928437307,814,0.24479725577301176,6.021703926745411
20190225,2.3373122384953424,814,0.24479725577301176,6.021703926745411
20190225,2.3420725485533778,814,0.18054807375088394,4.583822760065559
20190225,2.3468328586114127,813,0.2648369755268873,6.8269793775403596
20190225,2.3515931686694485,813,0.2648369755268873,6.8269793775403596
20190225,2.356353478727484,813,0.2648369755268873,6.8269793775403596
20190225,2.361113788785519,813,0.2648369755268873,6.826974332527746
20190225,2.365874098843554,813,0.2648369755268873,6.826974332527746
20190225,2.37063440890159,813,0.2648369755268873,6.827009123200716
20190225,2.375394718959625,812,0.2212847674991704,5.296066507450833
20190225,2.38015502901766,810,0.2683596018112834,7.015775346583644
20190225,2.3849153390756954,810,0.2683596018112834,7.016104778861344
20190225,2.389675649133731,810,0.2683596018112834,7.016250727718975
20190225,2.394435959191766,810,0.14453218285522484,4.454559707509081
20190225,2.3991962692498014,809,0.194258189474368,5.011788525243555
20190225,2.403956579307837,808,0.1909832867852429,4.881311939269914
20190225,2.4087168893658726,807,0.2724332885524819,7.15489352359973
20190225,2.4134771994239075,807,0.2724332885524819,7.15489352359973
20190225,2.418237509481943,807,0.2724332885524819,7.15489352359973
20190225,2.422997819539978,807,0.2724332885524819,7.15489352359973
20190225,2.4277581295980135,807,0.2724332885524819,7.15489352359973
20190225,2.432518439656049,807,0.2724332885524819,7.15489352359973
20190225,2.437278749714084,807,0.2724332885524819,7.154925261973896
20190225,2.4420390597721195,807,0.2724332885524819,7.154925261973896
20190225,2.4467993698301544,807,0.2724332885524819,7.154949626889497
20190225,2.4515596798881902,807,0.2724332885524819,7.154949626889497
20190225,2.4563199899462256,807,0.17572046346438425,4.726305954548628
20190225,2.4610803000042605,806,0.27447683107424836,7.212213369676632
20190225,2.465840610062296,806,0.27447683107424836,7.212213369676632
20190225,2.4706009201203316,806,0.27447683107424836,7.212371963175528
20190225,2.4753612301783665,805,0.27541397161177894,7.244724161066557
20190225,2.480121540236402,805,0.27541397161177894,7.24494660508385
20190225,2.484881850294437,805,0.27541397161177894,7.24494660508385
20190225,2.489642160352473,805,0.20406642525068427,5.133025833919886
20190225,2.494402470410508,804,0.2766786681696689,7.315957146833326
20190225,2.4991627804685432,804,0.2766786681696689,7.315946977902183
20190225,2.5039230905265786,804,0.2766786681696689,7.315946977902183
20190225,2.508683400584614,804,0.11318104261125561,3.670200569330261
20190225,2.5134437106426493,803,0.2631460357470194,7.048965440481936
20190225,2.5182040207006846,803,0.2487231134825911,6.595846591757863
20190225,2.52296433075872,803,0.2123786387691114,5.674101518986884
20190225,2.5277246408167553,802,0.2802299427512559,7.7980814544404
20190225,2.5324849508747906,801,0.1887265643930575,5.342288325584302
20190225,2.537245260932826,800,0.28294397089594103,7.930117772789187
20190225,2.542005570990861,800,0.28294397089594103,7.930117772789187
20190225,2.5467658810488967,800,0.28294397089594103,7.9301459693206775
20190225,2.551526191106932,800,0.1265664946978685,4.283836753282347
20190225,2.556286501164967,798,0.28760763548607793,8.266705775209616
20190225,2.5610468112230023,798,0.28760763548607793,8.266817079736802
20190225,2.5658071212810376,798,0.28760763548607793,8.266885440535713
20190225,2.5705674313390734,797,0.28760763548607793,8.265972223446122
20190225,2.5753277413971083,797,0.14620887529894133,4.584535164221969
20190225,2.5800880514551436,795,0.289698164286116,8.467546163582508
20190225,2.584848361513179,795,0.289698164286116,8.467546163582508
20190225,2.5896086715712143,794,0.21031740926401907,6.1013897916678195
20190225,2.5943689816292497,793,0.17674928848875593,5.709288615172666
20190225,2.599129291687285,792,0.2969154803430998,8.738903232372206
20190225,2.6038896017453204,792,0.23387732782743728,6.627695513655543
20190225,2.6086499118033557,791,0.299181024879292,8.847223607827866
20190225,2.613410221861391,791,0.299181024879292,8.847223607827866
20190225,2.6181705319194264,791,0.299181024879292,8.847223607827866
20190225,2.6229308419774613,791,0.299181024879292,8.847223607827866
20190225,2.627691152035497,791,0.299181024879292,8.847223607827866
20190225,2.6324514620935324,791,0.20910667953384,5.887120565343951
20190225,2.6372117721515673,790,0.20165975705186223,6.277818093440708
20190225,2.6419720822096027,790,0.15636209087429856,5.9793243715472055
20190225,2.6467323922676385,789,0.30297478164956415,9.269017146403103
20190225,2.651492702325674,789,0.30297478164956415,9.269017146403103
20190225,2.6562530123837087,789,0.30297478164956415,9.269017146403103
20190225,2.661013322441744,789,0.30297478164956415,9.269636601013875
20190225,2.66577363249978,789,0.30297478164956415,9.269571196341538
20190225,2.6705339425578147,789,0.30297478164956415,9.269571196341538
20190225,2.67529425261585,789,0.30297478164956415,9.268859803136788
20190225,2.6800545626738854,789,0.30297478164956415,9.268859803136788
20190225,2.6848148727319208,789,0.30297478164956415,9.268859803136788
20190225,2.689575182789956,789,0.30297478164956415,9.268859803136788
20190225,2.6943354928479915,789,0.30297478164956415,9.26886001671742
20190225,2.699095802906027,789,0.30297478164956415,9.26886001671742
20190225,2.7038561129640617,789,0.30297478164956415,9.26886001671742
20190225,2.7086164230220975,789,0.30297478164956415,9.26911331652224
20190225,2.713376733080133,789,0.30297478164956415,9.26911331652224
20190225,2.718137043138168,789,0.30297478164956415,9.26911331652224
20190225,2.722897353196203,788,0.3040293216277667,9.337513507041463
20190225,2.727657663254239,788,0.3040293216277667,9.337513507041463
20190225,2.732417973312274,788,0.3040293216277667,9.337513507041463
20190225,2.737178283370309,788,0.3040293216277667,9.337535718985992
20190225,2.7419385934283445,788,0.3040293216277667,9.337647070961836
20190225,2.7466989034863802,788,0.3040293216277667,9.337611871995668
20190225,2.751459213544415,788,0.24424866919967353,7.256925893762529
20190225,2.7562195236024505,786,0.3090309114331572,9.607107145753842
20190225,2.760979833660486,786,0.3090309114331572,9.607107145753842
20190225,2.7657401437185216,786,0.3090309114331572,9.607105400017833
20190225,2.7705004537765565,784,0.31070318362127325,9.715733713265209
20190225,2.775260763834592,784,0.31070318362127325,9.715733713265209
20190225,2.780021073892627,784,0.31070318362127325,9.715733713265209
20190225,2.7847813839506625,784,0.31070318362127325,9.715733713265209
20190225,2.789541694008698,784,0.31070318362127325,9.715733713265209
20190225,2.7943020040667332,784,0.31070318362127325,9.715733713265209
20190225,2.7990623141247686,784,0.31070318362127325,9.715733713265209
20190225,2.8038226241828035,784,0.31070318362127325,9.715733713265209
20190225,2.8085829342408393,784,0.31070318362127325,9.715733713265209
20190225,2.8133432442988746,784,0.31070318362127325,9.715733713265209
20190225,2.8181035543569095,784,0.31070318362127325,9.715733713265209
20190225,2.822863864414945,784,0.31070318362127325,9.715733713265209
20190225,2.8276241744729806,784,0.31070318362127325,9.715971973646123
20190225,2.8323844845310155,783,0.3121421632163648,9.79520570338391
20190225,2.837144794589051,783,0.3121421632163648,9.79520570338391
20190225,2.8419051046470862,783,0.3121421632163648,9.79520778471751
20190225,2.846665414705122,783,0.3121421632163648,9.79520778471751
20190225,2.851425724763157,783,0.3121421632163648,9.795607474481367
20190225,2.8561860348211923,782,0.31281122499088876,9.858908501158272
20190225,2.8609463448792276,782,0.27446251249763476,8.328836423860036
20190225,2.865706654937263,780,0.31581388826364776,10.015172111693374
20190225,2.8704669649952983,780,0.31581388826364776,10.015172111693374
20190225,2.8752272750533336,780,0.31581388826364776,10.015172111693374
20190225,2.879987585111369,780,0.31581388826364776,10.015172111693374
20190225,2.8847478951694043,780,0.31581388826364776,10.015172111693374
20190225,2.8895082052274397,780,0.31581388826364776,10.015172111693374
20190225,2.894268515285475,780,0.31581388826364776,10.015172111693374
20190225,2.89902882534351,780,0.31581388826364776,10.015172111693374
20190225,2.9037891354015457,780,0.31581388826364776,10.015172111693374
20190225,2.908549445459581,780,0.31581388826364776,10.015172111693374
20190225,2.913309755517616,780,0.31581388826364776,10.01535765987031
20190225,2.9180700655756513,779,0.31836205183580985,10.171900799697733
20190225,2.922830375633687,779,0.31836205183580985,10.171900799697733
20190225,2.9275906856917224,779,0.31836205183580985,10.171900799697733
20190225,2.9323509957497573,779,0.31836205183580985,10.171900799697733
20190225,2.9371113058077927,779,0.31836205183580985,10.171900799697733
20190225,2.941871615865828,779,0.31836205183580985,10.171900799697733
20190225,2.9466319259238634,779,0.31836205183580985,10.171900799697733
20190225,2.9513922359818987,779,0.31836205183580985,10.171900799697733
20190225,2.956152546039934,779,0.31836205183580985,10.171900799697733
20190225,2.9609128560979694,779,0.31836205183580985,10.171984918955589
20190225,2.9656731661560047,779,0.31836205183580985,10.171984918955589
20190225,2.97043347621404,779,0.3183620518358098,10.172017486537161
20190225,2.9751937862720754,779,0.3183620518358098,10.172768233639465
20190225,2.9799540963301103,779,0.3183620518358098,10.172768233639465
20190225,2.984714406388146,779,0.3183620518358098,10.17297018858946
20190225,2.9894747164461815,779,0.3183620518358098,10.17297018858946
20190225,2.9942350265042164,779,0.3183620518358098,10.17297018858946
20190225,2.9989953365622517,779,0.3183620518358098,10.17297018858946
20190226,0.004760310058035321,1000,0.001,0.0
20190226,0.009520620116070641,1000,0.001,0.0
20190226,0.014280930174105961,1000,0.001,0.0
20190226,0.019041240232141283,1000,0.001,0.0
20190226,0.023801550290176603,1000,0.001,0.0
20190226,0.028561860348211923,1000,0.001,0.0
20190226,0.03332217040624725,1000,0.001,0.0
20190226,0.038082480464282566,1000,0.001,0.0
20190226,0.04284279052231788,1000,0.001,0.0
20190226,0.047603100580353205,1000,0.001,0.0
20190226,0.05236341063838852,1000,0.001,0.0
20190226,0.057123720696423845,999,0.002,9.666022217207533e-05
20190226,0.06188403075445917,999,0.002,9.666022217207533e-05
20190226,0.0666443408124945,999,0.002,9.666022217207533e-05
20190226,0.0714046508705298,998,0.002,0.00017848088530026917
20190226,0.07616496092856513,998,0.002,0.00017848088530026917
20190226,0.08092527098660045,998,0.002,0.00017848088530026917
20190226,0.08568558104463576,998,0.002,0.00017848088530026917
20190226,0.0904458911026711,998,0.002,0.00017848088530026917
20190226,0.09520620116070641,997,0.002,0.000245745167682458
20190226,0.09996651121874173,997,0.002,0.00028693622628496793
20190226,0.10472682127677704,996,0.002,0.00042406055436975434
20190226,0.10948713133481237,996,0.002,0.00042406055436975434
20190226,0.11424744139284769,994,0.002,0.0005440099313359576
20190226,0.119007751450883,994,0.002,0.0005440099313359576
20190226,0.12376806150891834,994,0.002,0.0005440099313359576
20190226,0.12852837156695365,994,0.002,0.0005440099313359576
20190226,0.133288681624989,993,0.002,0.0005968675371074145
20190226,0.13804899168302429,992,0.002,0.00064814017494095
20190226,0.1428093017410596,992,0.002,0.00064814017494095
20190226,0.14756961179909495,991,0.002,0.0007002580859407955
20190226,0.15232992185713026,990,0.002,0.000750367912148821
20190226,0.15709023191516558,990,0.002,0.000750367912148821
20190226,0.1618505419732009,990,0.002,0.000750367912148821
20190226,0.16661085203123624,988,0.002,0.0008452248563516909
20190226,0.17137116208927153,988,0.002,0.0008452248563516909
20190226,0.17613147214730684,987,0.002,0.0008881862912332369
20190226,0.1808917822053422,986,0.002,0.0009311459348510905
20190226,0.1856520922633775,986,0.002,0.0009311459348510905
20190226,0.19041240232141282,986,0.002,0.0009311459348510905
20190226,0.19517271237944817,986,0.002,0.0009311459348510905
20190226,0.19993302243748345,986,0.002,0.0009311459348510905
20190226,0.20469333249551877,985,0.002,0.0009662525858536936
20190226,0.2094536425535541,984,0.002,0.000998023347488518
20190226,0.21421395261158943,984,0.002,0.000998023347488518
20190226,0.21897426266962475,982,0.002,0.001072163523657642
20190226,0.22373457272766006,981,0.002,0.0011071322031359653
20190226,0.22849488278569538,980,0.002,0.0011437125639241347
20190226,0.2332551928437307,980,0.002,0.0011437125639241347
20190226,0.238015502901766,979,0.002,0.001181446256300558
20190226,0.24277581295980136,979,0.002,0.001181446256300558
20190226,0.24753612301783667,978,0.002,0.0012175296466503736
20190226,0.252296433075872,977,0.002,0.0012523150294773643
20190226,0.2570567431339073,976,0.002,0.0012862740592683723
20190226,0.26181705319194265,974,0.002,0.0013538327172042642
20190226,0.266577363249978,973,0.002,0.0013856209393927179
20190226,0.2713376733080133,971,0.002,0.0014887457524732442
20190226,0.27609798336604857,969,0.002,0.0015473143876986117
20190226,0.2808582934240839,969,0.002,0.0015473143876986117
20190226,0.2856186034821192,969,0.002,0.0015473143876986117
20190226,0.29037891354015455,968,0.002,0.0015779984208536707
20190226,0.2951392235981899,968,0.002,0.0015779984208536707
20190226,0.2998995336562252,968,0.002,0.0015779984208536707
20190226,0.3046598437142605,967,0.002,0.0016110222778179624
20190226,0.3094201537722958,966,0.002,0.0016456248274494137
20190226,0.31418046383033116,966,0.002,0.0016456248274494137
20190226,0.3189407738883665,965,0.002,0.0016756239889045938
20190226,0.3237010839464018,965,0.002,0.0016756239889045938
20190226,0.32846139400443713,964,0.002,0.0016965415271301175
20190226,0.3332217040624725,964,0.002,0.0016965415271301175
20190226,0.3379820141205077,964,0.002,0.0016965415271301175
20190226,0.34274232417854306,963,0.002,0.0016703728221363142
20190226,0.3475026342365784,963,0.002,0.0016703728221363142
20190226,0.3522629442946137,963,0.002,0.0016703728221363142
20190226,0.35702325435264903,963,0.002,0.0016703728221363142
20190226,0.3617835644106844,963,0.002,0.0016703728221363142
20190226,0.36654387446871967,961,0.002,0.0017226859293946958
20190226,0.371304184526755,960,0.002,0.0017465323269159135
20190226,0.37606449458479035,960,0.002,0.0017465323269159135
20190226,0.38082480464282564,960,0.002,0.0017465323269159135
20190226,0.385585114700861,960,0.002,0.0017465323269159135
20190226,0.39034542475889633,959,0.002,0.0018550541343841484
20190226,0.3951057348169316,959,0.002,0.0018550541343841484
20190226,0.3998660448749669,958,0.002,0.0019097375857901348
20190226,0.40462635493300225,958,0.002,0.0019097375857901348
20190226,0.40938666499103754,958,0.002,0.0019097375857901348
20190226,0.4141469750490729,958,0.002,0.0019097375857901348
20190226,0.4189072851071082,958,0.002,0.0019097375857901348
20190226,0.4236675951651435,957,0.002,0.0019607997476947287
20190226,0.42842790522317886,957,0.002,0.0019607997476947287
20190226,0.43318821528121415,957,0.002,0.0019607997476947287
20190226,0.4379485253392495,957,0.002,0.0019607997476947287
20190226,0.44270883539728484,957,0.002,0.0019607997476947287
20190226,0.4474691454553201,956,0.002,0.0019853736201704644
20190226,0.45222945551335547,956,0.002,0.0019853736201704644
20190226,0.45698976557139076,955,0.002,0.00205256365923543
20190226,0.46175007562942605,954,0.002,0.0020477994693993643
20190226,0.4665103856874614,953,0.002,0.0021170406463677568
20190226,0.47127069574549674,953,0.002,0.0021170406463677568
20190226,0.476031005803532,953,0.002,0.0021170406463677568
20190226,0.48079131586156737,953,0.002,0.0021269456263358364
20190226,0.4855516259196027,953,0.002,0.0021269456263358364
20190226,0.490311935977638,953,0.002,0.0021269456263358364
20190226,0.49507224603567335,952,0.002,0.002073973754336541
20190226,0.4998325560937087,952,0.002,0.002104897564905818
20190226,0.504592866151744,952,0.002,0.002104897564905818
20190226,0.5093531762097793,951,0.002,0.002118735728006831
20190226,0.5141134862678146,951,0.002,0.002118735728006831
20190226,0.51887379632585,951,0.002,0.002118735728006831
20190226,0.5236341063838853,951,0.002,0.002118735728006831
20190226,0.5283944164419206,949,0.002,0.0021584866138175314
20190226,0.533154726499956,949,0.002,0.0021584866138175314
20190226,0.5379150365579912,949,0.002,0.0021584866138175314
20190226,0.5426753466160266,949,0.002,0.0021584866138175314
20190226,0.5474356566740619,948,0.002,0.0021342079927052274
20190226,0.5521959667320971,948,0.002,0.0021342079927052274
20190226,0.5569562767901325,948,0.002,0.0021342079927052274
20190226,0.5617165868481678,948,0.002,0.0021342079927052274
20190226,0.5664768969062031,947,0.002,0.002151690695364687
20190226,0.5712372069642384,946,0.002,0.002174138557707953
20190226,0.5759975170222738,946,0.002,0.002174138557707953
20190226,0.5807578270803091,946,0.002,0.002174138557707953
20190226,0.5855181371383444,945,0.002,0.002130035222226667
20190226,0.5902784471963798,945,0.002,0.002130035222226667
20190226,0.595038757254415,945,0.002,0.002130035222226667
20190226,0.5997990673124504,945,0.002,0.002130035222226667
20190226,0.6045593773704857,944,0.002,0.0021459840908033263
20190226,0.609319687428521,944,0.002,0.0021459840908033263
20190226,0.6140799974865564,943,0.002,0.002002304702377852
20190226,0.6188403075445916,943,0.002,0.002002304702377852
20190226,0.623600617602627,943,0.002,0.002002304702377852
20190226,0.6283609276606623,943,0.002,0.002002304702377852
20190226,0.6331212377186977,943,0.002,0.002002304702377852
20190226,0.637881547776733,942,0.002,0.0019291585373307624
20190226,0.6426418578347683,942,0.002,0.0019291585373307624
20190226,0.6474021678928036,942,0.002,0.0019291585373307624
20190226,0.6521624779508389,942,0.002,0.0019917577722371542
20190226,0.6569227880088743,942,0.002,0.0019917577722371542
20190226,0.6616830980669096,942,0.002,0.0019917577722371542
20190226,0.666443408124945,942,0.002,0.0019917577722371542
20190226,0.6712037181829802,941,0.002,0.0020460789424102065
20190226,0.6759640282410154,941,0.002,0.0020460789424102065
20190226,0.6807243382990508,941,0.002,0.0020460789424102065
20190226,0.6854846483570861,941,0.002,0.0020460789424102065
20190226,0.6902449584151215,941,0.002,0.0020460789424102065
20190226,0.6950052684731568,941,0.002,0.0020460789424102065
20190226,0.6997655785311921,941,0.002,0.0020460789424102065
20190226,0.7045258885892274,941,0.002,0.0020460789424102065
20190226,0.7092861986472627,941,0.002,0.0020460789424102065
20190226,0.7140465087052981,941,0.002,0.0020460789424102065
20190226,0.7188068187633334,941,0.002,0.0020460789424102065
20190226,0.7235671288213688,941,0.002,0.0020460789424102065
20190226,0.728327438879404,940,0.003,0.0020409622857669673
20190226,0.7330877489374393,940,0.003,0.0020409622857669673
20190226,0.7378480589954747,940,0.003,0.0020409622857669673
20190226,0.74260836905351,940,0.003,0.0020409622857669673
20190226,0.7473686791115454,940,0.003,0.0020409622857669673
20190226,0.7521289891695807,939,0.003,0.001518961353189855
20190226,0.7568892992276159,939,0.003,0.001518961353189855
20190226,0.7616496092856513,939,0.003,0.001518961353189855
20190226,0.7664099193436866,939,0.003,0.001519558544672746
20190226,0.771170229401722,939,0.003,0.001519558544672746
20190226,0.7759305394597573,939,0.003,0.001519558544672746
20190226,0.7806908495177927,939,0.003,0.001519558544672746
20190226,0.7854511595758279,939,0.003,0.001519558544672746
20190226,0.7902114696338632,939,0.003,0.001519558544672746
20190226,0.7949717796918985,939,0.003,0.001519558544672746
20190226,0.7997320897499338,939,0.003,0.001519558544672746
20190226,0.8044923998079692,939,0.003,0.001519558544672746
20190226,0.8092527098660045,939,0.003,0.001519558544672746
20190226,0.8140130199240397,939,0.003,0.001519558544672746
20190226,0.8187733299820751,938,0.003,0.0015505576990244212
20190226,0.8235336400401104,937,0.003,0.001559664220974441
20190226,0.8282939500981458,936,0.003,0.0015940260064165037
20190226,0.8330542601561811,936,0.003,0.0015940260064165037
20190226,0.8378145702142163,936,0.003,0.0015940260064165037
20190226,0.8425748802722517,935,0.003,0.0015708202382703907
20190226,0.847335190330287,935,0.003,0.0015708202382703907
20190226,0.8520955003883224,935,0.003,0.00166737635121184
20190226,0.8568558104463577,934,0.003,0.0018848514364641022
20190226,0.8616161205043931,934,0.003,0.0018848514364641022
20190226,0.8663764305624283,933,0.003,7.576007714656466e-05
20190226,0.8711367406204636,933,0.003,7.576007714656466e-05
20190226,0.875897050678499,933,0.003,7.576007714656466e-05
20190226,0.8806573607365343,933,0.003,1.898143358339286e-05
20190226,0.8854176707945697,933,0.003,1.898143358339286e-05
20190226,0.890177980852605,933,0.003,1.898143358339286e-05
20190226,0.8949382909106403,933,0.003,0.0001073209364077663
20190226,0.8996986009686756,933,0.003,0.0001073209364077663
20190226,0.9044589110267109,932,0.003,0.00016705470579916223
20190226,0.9092192210847463,932,0.003,0.00016705470579916223
20190226,0.9139795311427815,932,0.003,0.00016705470579916223
20190226,0.9187398412008169,932,0.003,0.00016705470579916223
20190226,0.9235001512588521,931,0.003,0.0005631917347825923
20190226,0.9282604613168874,931,0.003,0.0005631917347825923
20190226,0.9330207713749228,931,0.003,0.0005631917347825923
20190226,0.9377810814329581,931,0.003,0.0004825862219491991
20190226,0.9425413914909935,931,0.003,0.0004509949580871759
20190226,0.9473017015490288,931,0.003,0.00034229843884100335
20190226,0.952062011607064,931,0.003,0.00034229843884100335
20190226,0.9568223216650995,931,0.003,0.00012284036056029794
20190226,0.9615826317231347,931,0.003,8.931368875496509e-05
20190226,0.9663429417811702,931,0.003,0.0001193091231368971
20190226,0.9711032518392054,931,0.003,0.0001788986802573133
20190226,0.9758635618972407,931,0.003,0.0003085073002825761
20190226,0.980623871955276,931,0.0029999999999999996,0.00046088424687241596
20190226,0.9853841820133112,931,0.003,0.00044229363518585277
20190226,0.9901444920713467,931,0.003,0.0007969877665711448
20190226,0.9949048021293819,931,0.003,0.0008106605768498369
20190226,0.9996651121874174,931,0.003,0.0008412770734029568
20190226,1.0044254222454525,931,0.003,0.0012414261781639533
20190226,1.009185732303488,931,0.003,0.001953177696626242
20190226,1.0139460423615232,931,0.003,0.002264965866697094
20190226,1.0187063524195585,931,0.003,0.0026137987318826553
20190226,1.0234666624775939,929,0.003,0.0015835074779271573
20190226,1.0282269725356292,929,0.003,0.002795278417961388
20190226,1.0329872825936646,929,0.002854670105884924,0.004590943864822027
20190226,1.0377475926517,929,0.003080109227557939,0.006036183715722521
20190226,1.0425079027097353,929,0.003452055063716066,0.009403771300666506
20190226,1.0472682127677706,929,0.003923149034627347,0.01128696179629423
20190226,1.0520285228258057,929,0.003923149034627347,0.011869937616156932
20190226,1.0567888328838413,929,0.003923149034627347,0.012885690398679513
20190226,1.0615491429418764,928,0.003923149034627347,0.013745455624404435
20190226,1.066309452999912,928,0.003923149034627347,0.013862837567363626
20190226,1.071069763057947,928,0.003923149034627347,0.014407967499630605
20190226,1.0758300731159824,928,0.003923149034627347,0.015000341103962563
20190226,1.0805903831740178,927,0.003923149034627347,0.014476073179402665
20190226,1.0853506932320531,927,0.003923149034627347,0.01421735638810897
20190226,1.0901110032900885,927,0.003923149034627347,0.014442567913233586
20190226,1.0948713133481238,927,0.003923149034627347,0.014442567913233586
20190226,1.099631623406159,927,0.003923149034627347,0.014792039526054377
20190226,1.1043919334641943,927,0.003923149034627347,0.014813056515168361
20190226,1.1091522435222296,926,0.003923149034627347,0.01497978150297001
20190226,1.113912553580265,926,0.003923149034627347,0.01497850525049552
20190226,1.1186728636383003,926,0.003923149034627347,0.01497850525049552
20190226,1.1234331736963357,925,0.003923149034627347,0.015007060561520647
20190226,1.128193483754371,925,0.003923149034627347,0.015007060561520647
20190226,1.1329537938124061,925,0.003923149034627347,0.015198016407542137
20190226,1.1377141038704417,925,0.003923149034627347,0.015442960586688557
20190226,1.1424744139284768,925,0.003923149034627347,0.015515302873966687
20190226,1.1472347239865124,925,0.003709743852190533,0.015322357444028383
20190226,1.1519950340445475,925,0.003709743852190533,0.01523793389760816
20190226,1.1567553441025828,925,0.003709743852190533,0.01523793389760816
20190226,1.1615156541606182,925,0.003709743852190533,0.01523793389760816
20190226,1.1662759642186535,925,0.0038155149650642185,0.016286439237332202
20190226,1.1710362742766889,925,0.0038155149650642185,0.016542035710461568
20190226,1.1757965843347242,925,0.0038155149650642185,0.016719644132996814
20190226,1.1805568943927596,925,0.0038155149650642185,0.01679780298577966
20190226,1.185317204450795,924,0.0038155149650642185,0.016061926438780037
20190226,1.19007751450883,924,0.0037866998857658853,0.016083291480429755
20190226,1.1948378245668656,923,0.005176229334083815,0.016222015903855365
20190226,1.1995981346249007,923,0.005176229334083815,0.016689370162322723
20190226,1.2043584446829363,923,0.005176229334083815,0.01685969517023994
20190226,1.2091187547409714,923,0.005176229334083815,0.01723981188207818
20190226,1.2138790647990068,923,0.005176229334083815,0.017614196508208717
20190226,1.218639374857042,923,0.005176229334083815,0.017630867221589727
20190226,1.2233996849150772,923,0.005176229334083815,0.01824114586311431
20190226,1.2281599949731128,923,0.004616006453953465,0.017953986513610364
20190226,1.232920305031148,923,0.004616006453953465,0.017743514611708353
20190226,1.2376806150891833,923,0.004616006453953465,0.01769187350563883
20190226,1.2424409251472186,923,0.005238845646389444,0.018351597816493603
20190226,1.247201235205254,920,0.0067080617066459175,0.0031934597407554098
20190226,1.2519615452632893,920,0.0067080617066459175,0.003948084418278351
20190226,1.2567218553213246,920,0.0067080617066459175,0.003179518968064944
20190226,1.26148216537936,920,0.0067080617066459175,0.0035425038836826685
20190226,1.2662424754373953,920,0.0067080617066459175,0.004206306435534493
20190226,1.2710027854954304,920,0.0067080617066459175,0.0041179487270038085
20190226,1.275763095553466,919,0.0067080617066459175,0.003178905263807112
20190226,1.2805234056115011,919,0.005318950849185814,0.0016042652467554265
20190226,1.2852837156695367,919,0.005318950849185814,0.001594489658305574
20190226,1.2900440257275718,919,0.005318950849185815,0.002123885836866372
20190226,1.2948043357856072,919,0.005318950849185814,0.002331942666396573
20190226,1.2995646458436425,919,0.005318950849185814,0.002824384422778519
20190226,1.3043249559016779,919,0.005318950849185814,0.003245097002677383
20190226,1.3090852659597132,919,0.005318950849185814,0.0035303979425740225
20190226,1.3138455760177485,919,0.005318950849185814,0.00353900388077302
20190226,1.3186058860757837,919,0.005318950849185814,0.0035477628203321133
20190226,1.3233661961338192,919,0.005318950849185814,0.003645020031219198
20190226,1.3281265061918544,919,0.005318950849185814,0.003497213238303328
20190226,1.33288681624989,919,0.005318950849185814,0.004766479321005628
20190226,1.337647126307925,919,0.005318950849185814,0.004986069140089163
20190226,1.3424074363659604,919,0.005318950849185814,0.004529752838748128
20190226,1.3471677464239957,919,0.005318950849185814,0.004427361439455763
20190226,1.3519280564820308,919,0.005318950849185814,0.0044380519083369666
20190226,1.3566883665400664,919,0.004409934815341184,0.004012323349425859
20190226,1.3614486765981015,919,0.005170730539602225,0.004705055112342466
20190226,1.366208986656137,919,0.005170730539602225,0.004935511838383898
20190226,1.3709692967141722,919,0.005170730539602225,0.005422565785092726
20190226,1.3757296067722076,919,0.005170730539602225,0.005462433354438821
20190226,1.380489916830243,919,0.005170730539602225,0.005645467486679742
20190226,1.3852502268882783,918,0.005569976238815535,0.004878322572214126
20190226,1.3900105369463136,916,0.005170730539602225,0.002248982237747731
20190226,1.394770847004349,916,0.005170730539602225,0.0019353184116647872
20190226,1.3995311570623843,916,0.005170730539602225,0.0016917045415006627
20190226,1.4042914671204196,916,0.005170730539602225,0.0016812312489965166
20190226,1.4090517771784548,916,0.007669946583000308,0.0001028496264599188
20190226,1.4138120872364903,915,0.007070153292830736,0.00030287692136000467
20190226,1.4185723972945254,915,0.007070153292830736,0.0005588170630264089
20190226,1.423332707352561,915,0.007070153292830736,0.0005689217357301595
20190226,1.4280930174105961,915,0.007070153292830736,0.00010022809753612606
20190226,1.4328533274686315,914,0.007070153292830736,0.0077653258398343045
20190226,1.4376136375266668,914,0.007070153292830736,0.007860876435998282
20190226,1.4423739475847022,914,0.007070153292830736,0.007516807077741554
20190226,1.4471342576427375,914,0.007070153292830736,0.007363928469019762
20190226,1.4518945677007729,914,0.007608620835256731,0.006267117934106997
20190226,1.456654877758808,914,0.007209615390177328,0.006753217352894291
20190226,1.4614151878168435,914,0.007767582172307374,0.004887608634051599
20190226,1.4661754978748787,913,0.008105860186281918,0.00511780861876341
20190226,1.470935807932914,913,0.007791994480539667,0.005571769531514401
20190226,1.4756961179909494,913,0.007791994480539667,0.004738131963607802
20190226,1.4804564280489847,913,0.007767582172307374,0.005112953545749744
20190226,1.48521673810702,913,0.007767582172307374,0.0036573712061948012
20190226,1.4899770481650552,913,0.007767582172307374,0.002773229443803779
20190226,1.4947373582230907,913,0.007767582172307374,0.002275474841404619
20190226,1.4994976682811259,913,0.007767582172307374,0.002246164397049973
20190226,1.5042579783391614,913,0.007767582172307374,0.0013739864540895763
20190226,1.5090182883971965,913,0.007767582172307374,0.002768463441034767
20190226,1.5137785984552319,913,0.007767582172307374,0.0024639943903580802
20190226,1.5185389085132672,913,0.0062514215220663945,0.0025695399944293458
20190226,1.5232992185713026,913,0.007291152378763653,0.001250063195414307
20190226,1.528059528629338,913,0.006713901066925273,0.0015341192775881918
20190226,1.5328198386873733,912,0.008092037663771109,0.006758185880977437
20190226,1.5375801487454086,912,0.006713901066925272,0.00797076436793937
20190226,1.542340458803444,912,0.006713901066925272,0.008386103773264587
20190226,1.547100768861479,912,0.007695787283566887,0.007697460622449288
20190226,1.5518610789195146,911,0.010656472512637006,0.011323443188341031
20190226,1.5566213889775498,911,0.01120556330065331,0.009605236791803131
20190226,1.5613816990355853,911,0.01120556330065331,0.009429695078407052
20190226,1.5661420090936204,909,0.014616021222704846,0.016873301490608738
20190226,1.5709023191516558,909,0.014616021222704846,0.016527492143588035
20190226,1.5756626292096911,909,0.014553509909225961,0.017680832410018957
20190226,1.5804229392677265,909,0.014553509909225961,0.015070980600453612
20190226,1.5851832493257618,909,0.017446130965744572,0.0070787810436272166
20190226,1.589943559383797,908,0.015255141245184189,0.021592103459367823
20190226,1.5947038694418323,908,0.015255141245184189,0.0200683134124649
20190226,1.5994641794998676,908,0.011620170277585534,0.02546390100265316
20190226,1.604224489557903,908,0.011620170277585534,0.02382451871977693
20190226,1.6089847996159383,908,0.009757431954089615,0.02861835183001271
20190226,1.6137451096739737,908,0.009575610686276131,0.031374120012905626
20190226,1.618505419732009,908,0.01077725829983391,0.02788366944196852
20190226,1.6232657297900444,908,0.01077725829983391,0.02730419281340921
20190226,1.6280260398480795,908,0.01124043043779332,0.03174140685755865
20190226,1.632786349906115,907,0.01124043043779332,0.03789948992609803
20190226,1.6375466599641502,907,0.01124043043779332,0.03675401547407949
20190226,1.6423069700221857,907,0.009522773763222138,0.0377072398845223
20190226,1.6470672800802209,907,0.009616442397740085,0.037693930769259656
20190226,1.6518275901382562,907,0.01124323492373128,0.03377554711369027
20190226,1.6565879001962915,907,0.01075050678330426,0.03542865352778296
20190226,1.6613482102543269,907,0.012145081711199277,0.031160188764843864
20190226,1.6661085203123622,907,0.01264700404138765,0.03333854922710632
20190226,1.6708688303703976,907,0.011223135848100346,0.028652572291639138
20190226,1.6756291404284327,907,0.017457078803994483,0.018844608550840775
20190226,1.6803894504864683,907,0.017780501325401665,0.019092629101076636
20190226,1.6851497605445034,907,0.017702911733512027,0.018754612928897817
20190226,1.689910070602539,907,0.012277851353342088,0.030134201538992256
20190226,1.694670380660574,907,0.012537645874958567,0.025413706216646036
20190226,1.6994306907186096,907,0.01479688942021627,0.01601330452877908
20190226,1.7041910007766448,907,0.011761255785133751,0.02777809594116391
20190226,1.7089513108346799,907,0.011761255785133751,0.02455073483734756
20190226,1.7137116208927154,907,0.014118382511790142,0.01335162693621807
20190226,1.7184719309507506,907,0.014118382511790142,0.011936895913610494
20190226,1.7232322410087861,907,0.014118382511790142,0.019632725491062167
20190226,1.7279925510668213,907,0.016590804696319177,0.01510616624946505
20190226,1.7327528611248566,907,0.016590804696319177,0.015169441458885777
20190226,1.737513171182892,906,0.013551303922690975,0.01855494119399121
20190226,1.7422734812409273,906,0.013551303922690975,0.012180117184402537
20190226,1.7470337912989626,905,0.016632934790077464,0.012669851601672992
20190226,1.751794101356998,905,0.01300846791204173,0.01987391554990017
20190226,1.7565544114150333,904,0.015183639969661877,0.013553768876898038
20190226,1.7613147214730687,904,0.012209572693833123,0.016326995229757897
20190226,1.7660750315311038,904,0.016697814448525923,0.004740289422645388
20190226,1.7708353415891394,903,0.012209572693833123,0.028232597643753132
20190226,1.7755956516471745,902,0.019128413899715813,0.007234258573153953
20190226,1.78035596170521,901,0.034281525991768376,0.04039730112021836
20190226,1.7851162717632452,901,0.01951891638015078,0.018471859941895586
20190226,1.7898765818212805,901,0.013332608162945552,0.03103736370297165
20190226,1.7946368918793159,901,0.01747056670919779,0.0177904324313436
20190226,1.7993972019373512,901,0.018227016890479664,0.021103649698512087
20190226,1.8041575119953865,901,0.015631339970798165,0.02245228841729671
20190226,1.8089178220534219,900,0.02618232832907528,0.005335846995472128
20190226,1.813678132111457,900,0.023320924868617622,0.013457382717824365
20190226,1.8184384421694926,899,0.02100820794047683,0.013409252939145171
20190226,1.8231987522275277,899,0.02100820794047683,0.004491810335491331
20190226,1.827959062285563,898,0.026537688239579863,0.022108237609743505
20190226,1.8327193723435984,896,0.055317453473850434,0.18678874632027467
20190226,1.8374796824016337,894,0.06755831061389492,0.3233609318908771
20190226,1.842239992459669,893,0.03798827295339705,0.16365804839949727
20190226,1.8470003025177042,892,0.03798827295339706,0.1550086065583078
20190226,1.8517606125757398,892,0.03611310368387748,0.10350665427025207
20190226,1.8565209226337749,890,0.03521360654054532,0.07880340175606847
20190226,1.8612812326918104,887,0.03249313805203761,0.10414427763766275
20190226,1.8660415427498456,887,0.021709496378169782,0.023787740452895504
20190226,1.870801852807881,887,0.0217740308097304,0.020452712756958036
20190226,1.8755621628659163,885,0.03717358897392877,0.07448793903222199
20190226,1.8803224729239516,884,0.03717358897392877,0.08009404888245387
20190226,1.885082782981987,884,0.02144495117951592,0.014901973819549497
20190226,1.8898430930400223,883,0.0347212873028829,0.07843446312435336
20190226,1.8946034030980576,881,0.06994101653406115,0.31092151875143226
20190226,1.899363713156093,881,0.048526661871876695,0.13524577004828955
20190226,1.904124023214128,880,0.041855843856449304,0.0973751638827846
20190226,1.9088843332721634,880,0.030036924440556764,0.09535302540884057
20190226,1.913644643330199,878,0.02443014794397672,0.060172124712429095
20190226,1.9184049533882344,878,0.02772303898442249,0.06493273539653116
20190226,1.9231652634462695,878,0.03283500888808086,0.07930919711511725
20190226,1.9279255735043046,877,0.0333284922313317,0.09907594116768507
20190226,1.9326858835623404,875,0.02142208772763929,0.010147154916333594
20190226,1.9374461936203755,875,0.030229439931401113,0.04982791290825196
20190226,1.9422065036784109,874,0.031716633414506715,0.09127064677541691
20190226,1.946966813736446,874,0.02890826218744444,0.06843746634722453
20190226,1.9517271237944813,874,0.02250418323790826,0.05804850155749181
20190226,1.9564874338525169,873,0.03132574856973868,0.07758261256425678
20190226,1.961247743910552,873,0.03617261159487698,0.09458832294152836
20190226,1.9660080539685874,872,0.027145321712130622,0.09101773948596943
20190226,1.9707683640266225,871,0.043608774979453764,0.16631372724206975
20190226,1.9755286740846583,870,0.02534726647425379,0.08168227602398319
20190226,1.9802889841426934,869,0.04374506223786157,0.1536692592503885
20190226,1.9850492942007285,868,0.03610516315699586,0.14801526456861452
20190226,1.9898096042587639,867,0.039654658548968325,0.19780474196341782
20190226,1.9945699143167994,865,0.03580485532494475,0.14487790249371343
20190226,1.9993302243748348,864,0.05088157180796115,0.2264002083728792
20190226,2.00409053443287,864,0.03926260480777941,0.20472020521664608
20190226,2.008850844490905,863,0.07968720036223755,0.5050475430882374
20190226,2.013611154548941,861,0.04037796534307903,0.2912048363202087
20190226,2.018371464606976,859,0.056450335725954,0.5078767160845379
20190226,2.023131774665011,857,0.0700749219260402,0.6075508628520159
20190226,2.0278920847230464,856,0.07423242925267516,0.6268104715023297
20190226,2.032652394781082,855,0.07462564087597026,0.6685004342022995
20190226,2.037412704839117,855,0.044305500351618246,0.4513556340722977
20190226,2.0421730148971524,855,0.04809585617048506,0.4456191131120817
20190226,2.0469333249551878,854,0.06318566822830972,0.5535252116092753
20190226,2.0516936350132235,851,0.0608612760798266,0.5345484742800624
20190226,2.0564539450712584,849,0.08304046504416071,0.8373475389716335
20190226,2.061214255129294,848,0.12042565027547919,1.2146308931777416
20190226,2.065974565187329,848,0.060417889457489805,0.6890974096502445
20190226,2.0707348752453645,848,0.12101896191226567,1.322248100157505
20190226,2.0754951853034,845,0.17807515137797217,2.464102881520965
20190226,2.080255495361435,845,0.10258892783597735,1.53041741838144
20190226,2.0850158054194705,844,0.19398730967710393,2.94891477846114
20190226,2.0897761154775054,843,0.19398730967710393,2.9445883129260744
20190226,2.094536425535541,843,0.19398730967710393,2.9445883129260744
20190226,2.0992967355935765,843,0.1939873096771039,2.9446920905097205
20190226,2.1040570456516114,843,0.12298657747817368,1.6378318718366915
20190226,2.108817355709647,842,0.1961071602841913,2.9990217011773908
20190226,2.1135776657676826,841,0.19694002944307584,3.029215416886107
20190226,2.1183379758257175,841,0.19694002944307584,3.02973127329729
20190226,2.123098285883753,840,0.15836006353204124,2.1168547425108173
20190226,2.127858595941788,840,0.14328095201727348,1.9081737577479494
20190226,2.132618905999824,840,0.14328095201727348,1.9082494224351727
20190226,2.137379216057859,838,0.1227121851928102,1.6873245443960778
20190226,2.142139526115894,838,0.11011282047308496,1.5076462963239592
20190226,2.1468998361739295,836,0.14270612036336552,1.8299729467294337
20190226,2.151660146231965,835,0.10595965096951132,1.4725212490653052
20190226,2.1564204562900002,835,0.07300139993811547,1.2440377394078694
20190226,2.1611807663480356,834,0.11568893741843718,1.7112484034556932
20190226,2.165941076406071,833,0.14737655477052528,2.20823695472224
20190226,2.1707013864641063,832,0.12135597473976299,2.135214155475775
20190226,2.1754616965221416,831,0.2044075689052472,3.659988949447087
20190226,2.180222006580177,831,0.15671564882985486,2.6708189846727826
20190226,2.184982316638212,831,0.11524722640810194,1.9445046380072721
20190226,2.1897426266962476,830,0.14765804447206834,2.5076867264873224
20190226,2.194502936754283,829,0.12580140296578485,2.507157215770068
20190226,2.199263246812318,829,0.11795153102547346,2.317555645649106
20190226,2.2040235568703532,829,0.1147268381574271,2.2033937625700712
20190226,2.2087838669283886,828,0.09465318684576218,2.252044228412989
20190226,2.2135441769864244,826,0.2291891006576221,4.830672986291256
20190226,2.2183044870444593,825,0.22918910065762213,4.82845145993254
20190226,2.2230647971024946,825,0.0859179992081991,1.9569614034847407
20190226,2.22782510716053,823,0.12689927388005987,3.0232078315305615
20190226,2.2325854172185653,822,0.23597914788475102,5.056085072999851
20190226,2.2373457272766006,822,0.23597914788475102,5.056085072999851
20190226,2.242106037334636,822,0.23597914788475102,5.056642071774249
20190226,2.2468663473926713,822,0.16128363280692565,3.3410372665370076
20190226,2.2516266574507067,821,0.24067068678486575,5.192761056070838
20190226,2.256386967508742,820,0.2417489636574611,5.241157246776053
20190226,2.2611472775667774,820,0.2417489636574611,5.241157246776053
20190226,2.2659075876248123,820,0.2417489636574611,5.241157246776053
20190226,2.270667897682848,820,0.2417489636574611,5.241235292557353
20190226,2.2754282077408834,820,0.24174896365746112,5.241400864161941
20190226,2.2801885177989183,820,0.24174896365746112,5.241409790054525
20190226,2.2849488278569536,820,0.24174896365746112,5.241409790054525
20190226,2.2897091379149894,820,0.20020374757949597,3.9933482457380647
20190226,2.2944694479730248,819,0.2074606785050268,4.196599799557997
20190226,2.2992297580310597,818,0.2443850494676405,5.328655435666035
20190226,2.303990068089095,818,0.2443850494676405,5.328973858102998
20190226,2.308750378147131,818,0.1240579478047775,2.698290275576321
20190226,2.3135106882051657,818,0.1167624963570492,2.4617006215372137
20190226,2.318270998263201,816,0.2179483622861969,4.7766986913548255
20190226,2.3230313083212364,815,0.25230954077926954,5.826463680031649
20190226,2.3277916183792717,815,0.25230954077926954,5.826463680031649
20190226,2.332551928437307,814,0.25382287003793125,5.908328632560556
20190226,2.3373122384953424,814,0.25382287003793125,5.908328632560556
20190226,2.3420725485533778,814,0.25382287003793125,5.909395070540909
20190226,2.3468328586114127,814,0.25382287003793125,5.909395070540909
20190226,2.3515931686694485,814,0.25382287003793125,5.909395070540909
20190226,2.356353478727484,814,0.25382287003793125,5.909278417702251
20190226,2.361113788785519,814,0.25382287003793125,5.909297227646428
20190226,2.365874098843554,814,0.25382287003793125,5.909297227646428
20190226,2.37063440890159,814,0.25382287003793125,5.909297227646428
20190226,2.375394718959625,814,0.25382287003793125,5.909336065488619
20190226,2.38015502901766,814,0.25382287003793125,5.909336065488619
20190226,2.3849153390756954,814,0.25382287003793125,5.909336065488619
20190226,2.389675649133731,814,0.25382287003793125,5.909336065488619
20190226,2.394435959191766,814,0.25382287003793125,5.909336065488619
20190226,2.3991962692498014,814,0.25382287003793125,5.909330917044919
20190226,2.403956579307837,814,0.25382287003793125,5.909330917044919
20190226,2.4087168893658726,814,0.25382287003793125,5.909330917044919
20190226,2.4134771994239075,814,0.25382287003793125,5.909330917044919
20190226,2.418237509481943,814,0.25382287003793125,5.909361505914296
20190226,2.422997819539978,814,0.25382287003793125,5.909361505914296
20190226,2.4277581295980135,814,0.25382287003793125,5.9093684676314275
20190226,2.432518439656049,814,0.20299031580118093,4.380586674292338
20190226,2.437278749714084,813,0.25517104888129766,5.958179442743645
20190226,2.4420390597721195,813,0.25517104888129766,5.958179442743645
20190226,2.4467993698301544,813,0.1968788820745118,4.310015875405454
20190226,2.4515596798881902,812,0.2589177822178089,6.144665789512591
20190226,2.4563199899462256,812,0.2589177822178089,6.144665789512591
20190226,2.4610803000042605,812,0.2589177822178089,6.144665789512591
20190226,2.465840610062296,812,0.2589177822178089,6.144620120511674
20190226,2.4706009201203316,812,0.22554692866540718,5.012817629274906
20190226,2.4753612301783665,811,0.2599177822178089,6.182684832415171
20190226,2.480121540236402,811,0.2599177822178089,6.182684832415171
20190226,2.484881850294437,811,0.19170796611277707,4.311685647895097
20190226,2.489642160352473,810,0.21236323531283266,4.8024269588886614
20190226,2.494402470410508,810,0.21236323531283266,4.802463222416644
20190226,2.4991627804685432,809,0.2686858026132174,6.575411151568859
20190226,2.5039230905265786,808,0.2710196484296033,6.694475550150448
20190226,2.508683400584614,807,0.27162831777010377,6.719789110419473
20190226,2.5134437106426493,807,0.27162831777010377,6.719789110419473
20190226,2.5182040207006846,807,0.27162831777010377,6.719789110419473
20190226,2.52296433075872,807,0.27162831777010377,6.719789110419473
20190226,2.5277246408167553,807,0.27162831777010377,6.719789110419473
20190226,2.5324849508747906,807,0.27162831777010377,6.719789110419473
20190226,2.537245260932826,807,0.27162831777010377,6.720024281804231
20190226,2.542005570990861,807,0.27162831777010377,6.720024281804231
20190226,2.5467658810488967,807,0.27162831777010377,6.720024281804231
20190226,2.551526191106932,807,0.27162831777010377,6.720024281804231
20190226,2.556286501164967,807,0.27162831777010377,6.720024281804231
20190226,2.5610468112230023,807,0.27162831777010377,6.720024281804231
20190226,2.5658071212810376,807,0.27162831777010377,6.720083671890046
20190226,2.5705674313390734,807,0.27162831777010377,6.720083671890046
20190226,2.5753277413971083,807,0.27162831777010377,6.720083671890046
20190226,2.5800880514551436,807,0.24058058792995893,5.592845881262157
20190226,2.584848361513179,806,0.27205601851927497,6.743164653301873
20190226,2.5896086715712143,806,0.27205601851927497,6.743105150724638
20190226,2.5943689816292497,806,0.27205601851927497,6.743120075140445
20190226,2.599129291687285,806,0.27205601851927497,6.743120075140445
20190226,2.6038896017453204,805,0.2744647636734497,6.863076394125378
20190226,2.6086499118033557,805,0.2744647636734497,6.863076394125378
20190226,2.613410221861391,805,0.2744647636734497,6.86277777025225
20190226,2.6181705319194264,805,0.2744647636734497,6.86277777025225
20190226,2.6229308419774613,805,0.2744647636734497,6.86277777025225
20190226,2.627691152035497,805,0.27446476367344974,6.862821031233031
20190226,2.6324514620935324,805,0.27446476367344974,6.862821031233031
20190226,2.6372117721515673,805,0.2744647636734497,6.863038366310452
20190226,2.6419720822096027,805,0.2420652719024674,5.6913681407543155
20190226,2.6467323922676385,804,0.27577362417000617,6.924405932492448
20190226,2.651492702325674,804,0.27577362417000617,6.924405932492448
20190226,2.6562530123837087,803,0.27700372430996245,6.954510369688514
20190226,2.661013322441744,803,0.27700372430996245,6.95471199056131
20190226,2.66577363249978,803,0.27700372430996245,6.95471199056131
20190226,2.6705339425578147,803,0.27700372430996245,6.95471199056131
20190226,2.67529425261585,803,0.27700372430996245,6.95471199056131
20190226,2.6800545626738854,803,0.27700372430996245,6.954839904519204
20190226,2.6848148727319208,802,0.2781827204068716,7.011906659891198
20190226,2.689575182789956,802,0.2781827204068716,7.011906659891198
20190226,2.6943354928479915,802,0.2781827204068716,7.01191922265444
20190226,2.699095802906027,802,0.2781827204068716,7.01191922265444
20190226,2.7038561129640617,801,0.2791827204068716,7.06509385797561
20190226,2.7086164230220975,801,0.2791827204068716,7.065218885001804
20190226,2.713376733080133,800,0.280288669907067,7.1353500940974035
20190226,2.718137043138168,800,0.280288669907067,7.1353500940974035
20190226,2.722897353196203,800,0.280288669907067,7.135412324569654
20190226,2.727657663254239,800,0.280288669907067,7.135412324569654
20190226,2.732417973312274,800,0.2802886699070671,7.135446543159524
20190226,2.737178283370309,800,0.2802886699070671,7.135446543159524
20190226,2.7419385934283445,800,0.22935545453321624,5.42945422882339
20190226,2.7466989034863802,799,0.28174776879387076,7.196808056612048
20190226,2.751459213544415,799,0.28174776879387076,7.196856623814636
20190226,2.7562195236024505,798,0.2827046663884549,7.2377610122593
20190226,2.760979833660486,798,0.2827046663884549,7.237771497216485
20190226,2.7657401437185216,798,0.2827046663884549,7.237783914240396
20190226,2.7705004537765565,798,0.2827046663884549,7.237783914240396
20190226,2.775260763834592,797,0.2840391723734491,7.295044440093364
20190226,2.780021073892627,797,0.2840391723734491,7.295044440093364
20190226,2.7847813839506625,797,0.28403917237344917,7.295220943878336
20190226,2.789541694008698,797,0.28403917237344917,7.2953686376446365
20190226,2.7943020040667332,797,0.28403917237344917,7.2953686376446365
20190226,2.7990623141247686,797,0.28403917237344917,7.2953686376446365
20190226,2.8038226241828035,797,0.28403917237344917,7.2953686376446365
20190226,2.8085829342408393,796,0.2864293097674695,7.380029937933626
20190226,2.8133432442988746,796,0.2864293097674695,7.380029937933626
20190226,2.8181035543569095,796,0.2864293097674695,7.380029937933626
20190226,2.822863864414945,796,0.2864293097674695,7.380029937933626
20190226,2.8276241744729806,796,0.2864293097674695,7.380029937933626
20190226,2.8323844845310155,796,0.2864293097674695,7.380029937933626
20190226,2.837144794589051,796,0.2864293097674695,7.380029937933626
20190226,2.8419051046470862,795,0.2864293097674695,7.380098225842968
20190226,2.846665414705122,795,0.2864293097674695,7.380098225842968
20190226,2.851425724763157,795,0.2864293097674695,7.380098225842968
20190226,2.8561860348211923,795,0.2864293097674695,7.380098225842968
20190226,2.8609463448792276,795,0.2864293097674695,7.380098225842968
20190226,2.865706654937263,795,0.2864293097674695,7.380129386548024
20190226,2.8704669649952983,795,0.28642930976746944,7.380167023490571
20190226,2.8752272750533336,795,0.28642930976746944,7.3801666122549605
20190226,2.879987585111369,795,0.28642930976746944,7.3801666122549605
20190226,2.8847478951694043,795,0.2864293097674694,7.380064749468487
20190226,2.8895082052274397,795,0.2864293097674694,7.380242016587563
20190226,2.894268515285475,795,0.2864293097674694,7.380512375503357
20190226,2.89902882534351,795,0.2864293097674694,7.380382860332997
20190226,2.9037891354015457,795,0.2864293097674694,7.380382860332997
20190226,2.908549445459581,795,0.2864293097674694,7.380382860332997
20190226,2.913309755517616,795,0.28642930976746944,7.38060459107739
20190226,2.9180700655756513,795,0.28642930976746944,7.38060459107739
20190226,2.922830375633687,794,0.2873113159886865,7.425076545633408
20190226,2.9275906856917224,794,0.2873113159886865,7.425076545633408
20190226,2.9323509957497573,794,0.2873113159886865,7.425009859766473
20190226,2.9371113058077927,794,0.2873113159886865,7.425009859766473
20190226,2.941871615865828,794,0.2873113159886865,7.425009859766473
20190226,2.9466319259238634,794,0.2873113159886865,7.425009859766473
20190226,2.9513922359818987,794,0.28731131598868653,7.425414084287527
20190226,2.956152546039934,794,0.20015316493816043,4.953249128565089
20190226,2.9609128560979694,793,0.28992025947736694,7.54516515502549
20190226,2.9656731661560047,792,0.2903744002368433,7.586616846824826
20190226,2.97043347621404,792,0.2434237057962136,5.928748909012389
20190226,2.9751937862720754,791,0.2926441266961014,7.698512193896329
20190226,2.9799540963301103,791,0.29264412669610146,7.69847270161449
20190226,2.984714406388146,791,0.29264412669610146,7.69847270161449
20190226,2.9894747164461815,791,0.29264412669610135,7.698899786032872
20190226,2.9942350265042164,790,0.2958670309934698,7.897544332608446
20190226,2.9989953365622517,790,0.21633357983526919,5.448040191804514
20190227,0.004760310058035321,1000,0.001,0.0
20190227,0.009520620116070641,1000,0.001,0.0
20190227,0.014280930174105961,1000,0.001,0.0
20190227,0.019041240232141283,1000,0.001,0.0
20190227,0.023801550290176603,1000,0.001,0.0
20190227,0.028561860348211923,1000,0.001,0.0
20190227,0.03332217040624725,1000,0.001,0.0
20190227,0.038082480464282566,999,0.002,0.00013662206476007334
20190227,0.04284279052231788,999,0.002,0.00013662206476007334
20190227,0.047603100580353205,999,0.002,0.00013662206476007334
20190227,0.05236341063838852,999,0.002,0.00013662206476007334
20190227,0.057123720696423845,999,0.002,0.00013662206476007334
20190227,0.06188403075445917,999,0.002,0.00013662206476007334
20190227,0.0666443408124945,998,0.002,0.00022811514501590167
20190227,0.0714046508705298,997,0.002,0.00030993580814579953
20190227,0.07616496092856513,997,0.002,0.00030993580814579953
20190227,0.08092527098660045,997,0.002,0.00030993580814579953
20190227,0.08568558104463576,997,0.002,0.00030993580814579953
20190227,0.0904458911026711,997,0.002,0.00030993580814579953
20190227,0.09520620116070641,995,0.002,0.00044477666351937505
20190227,0.09996651121874173,995,0.002,0.00044477666351937505
20190227,0.10472682127677704,995,0.002,0.00044477666351937505
20190227,0.10948713133481237,995,0.002,0.00044477666351937505
20190227,0.11424744139284769,994,0.002,0.0005041655868679291
20190227,0.119007751450883,994,0.002,0.0005041655868679291
20190227,0.12376806150891834,994,0.002,0.0005041655868679291
20190227,0.12852837156695365,994,0.002,0.0005041655868679291
20190227,0.133288681624989,992,0.002,0.0006107395975158014
20190227,0.13804899168302429,992,0.002,0.0006107395975158014
20190227,0.1428093017410596,991,0.002,0.000661162849510384
20190227,0.14756961179909495,990,0.002,0.0007132807587474018
20190227,0.15232992185713026,990,0.002,0.0007132807587474018
20190227,0.15709023191516558,990,0.002,0.0007132807587474018
20190227,0.1618505419732009,990,0.002,0.0007132807587474018
20190227,0.16661085203123624,988,0.002,0.0008081376714620661
20190227,0.17137116208927153,987,0.002,0.0009537192728051617
20190227,0.17613147214730684,986,0.002,0.001034481920254003
20190227,0.1808917822053422,986,0.002,0.0010742451542562579
20190227,0.1856520922633775,985,0.002,0.0011205343906564682
20190227,0.19041240232141282,985,0.002,0.0011205343906564682
20190227,0.19517271237944817,985,0.002,0.0011205343906564682
20190227,0.19993302243748345,985,0.002,0.0011205343906564682
20190227,0.20469333249551877,984,0.002,0.0011603818117246598
20190227,0.2094536425535541,984,0.002,0.0011603818117246598
20190227,0.21421395261158943,983,0.002,0.0011969001547966613
20190227,0.21897426266962475,982,0.002,0.0012334121297213766
20190227,0.22373457272766006,982,0.002,0.0012334121297213766
20190227,0.22849488278569538,982,0.002,0.0012337107973676067
20190227,0.2332551928437307,982,0.002,0.0012337107973676067
20190227,0.238015502901766,981,0.002,0.0012714444765051993
20190227,0.24277581295980136,980,0.003,0.0013433752834891306
20190227,0.24753612301783667,979,0.003,0.0013794586817155
20190227,0.252296433075872,979,0.003,0.0013794586817155
20190227,0.2570567431339073,979,0.003,0.0013794586817155
20190227,0.26181705319194265,979,0.003,0.0013794586817155
20190227,0.266577363249978,978,0.003,0.001411246920597748
20190227,0.2713376733080133,978,0.003,0.001411246920597748
20190227,0.27609798336604857,976,0.003,0.0015080645756285612
20190227,0.2808582934240839,975,0.003,0.0015327484644970123
20190227,0.2856186034821192,975,0.003,0.0015327484644970123
20190227,0.29037891354015455,975,0.003,0.0015604835093638275
20190227,0.2951392235981899,975,0.003,0.0015604835093638275
20190227,0.2998995336562252,974,0.003,0.0015921428112497173
20190227,0.3046598437142605,973,0.003,0.0016251664990386972
20190227,0.3094201537722958,972,0.003,0.0016258150691607013
20190227,0.31418046383033116,971,0.003,0.0016550504330568954
20190227,0.3189407738883665,970,0.003,0.0016850496231759135
20190227,0.3237010839464018,969,0.003,0.0017151529002832565
20190227,0.32846139400443713,968,0.003,0.0017513554406838271
20190227,0.3332217040624725,968,0.003,0.0017513554406838271
20190227,0.3379820141205077,968,0.003,0.0017513554406838271
20190227,0.34274232417854306,968,0.003,0.0017513554406838271
20190227,0.3475026342365784,967,0.003,0.0017775971480732031
20190227,0.3522629442946137,967,0.003,0.0017775971480732031
20190227,0.35702325435264903,967,0.003,0.0017775971480732031
20190227,0.3617835644106844,966,0.003,0.0018006443220788654
20190227,0.36654387446871967,966,0.003,0.0018016132141364062
20190227,0.371304184526755,965,0.003,0.0018254589450684806
20190227,0.37606449458479035,964,0.003,0.0018647573216071679
20190227,0.38082480464282564,964,0.003,0.0018647573216071679
20190227,0.385585114700861,964,0.003,0.0018647573216071679
20190227,0.39034542475889633,964,0.003,0.0018647573216071679
20190227,0.3951057348169316,964,0.003,0.0018647573216071679
20190227,0.3998660448749669,962,0.003,0.001941813218741813
20190227,0.40462635493300225,962,0.003,0.001941813218741813
20190227,0.40938666499103754,962,0.003,0.001941813218741813
20190227,0.4141469750490729,961,0.003,0.0019412885094832525
20190227,0.4189072851071082,961,0.003,0.001961814852655431
20190227,0.4236675951651435,961,0.003,0.001961814852655431
20190227,0.42842790522317886,961,0.003,0.001961814852655431
20190227,0.43318821528121415,961,0.003,0.001961814852655431
20190227,0.4379485253392495,961,0.003,0.001961814852655431
20190227,0.44270883539728484,961,0.003,0.001961814852655431
20190227,0.4474691454553201,961,0.003,0.001961814852655431
20190227,0.45222945551335547,961,0.003,0.001961814852655431
20190227,0.45698976557139076,960,0.003,0.0019794974365581973
20190227,0.46175007562942605,959,0.003,0.0019747330292798917
20190227,0.4665103856874614,959,0.003,0.0019747330292798917
20190227,0.47127069574549674,959,0.003,0.0019747330292798917
20190227,0.476031005803532,959,0.003,0.0019747330292798917
20190227,0.48079131586156737,958,0.003,0.0019903489058152456
20190227,0.4855516259196027,958,0.003,0.0019903489058152456
20190227,0.490311935977638,958,0.003,0.0019903489058152456
20190227,0.49507224603567335,958,0.003,0.0019903489058152456
20190227,0.4998325560937087,958,0.003,0.0019903489058152456
20190227,0.504592866151744,958,0.003,0.0019903489058152456
20190227,0.5093531762097793,958,0.003,0.0019903489058152456
20190227,0.5141134862678146,958,0.003,0.0019903489058152456
20190227,0.51887379632585,958,0.003,0.0019903489058152456
20190227,0.5236341063838853,958,0.003,0.0019903489058152456
20190227,0.5283944164419206,957,0.003,0.002070349309384362
20190227,0.533154726499956,957,0.003,0.002070349309384362
20190227,0.5379150365579912,957,0.003,0.002070349309384362
20190227,0.5426753466160266,956,0.003,0.002117053709522765
20190227,0.5474356566740619,956,0.003,0.002117053709522765
20190227,0.5521959667320971,956,0.003,0.002117053709522765
20190227,0.5569562767901325,956,0.003,0.002117053709522765
20190227,0.5617165868481678,956,0.003,0.002117053709522765
20190227,0.5664768969062031,956,0.003,0.002117053709522765
20190227,0.5712372069642384,956,0.003,0.002351502036109486
20190227,0.5759975170222738,956,0.003,0.002351502036109486
20190227,0.5807578270803091,955,0.003,0.0023706815931824475
20190227,0.5855181371383444,954,0.003,0.002387925364828199
20190227,0.5902784471963798,954,0.003,0.002387925364828199
20190227,0.595038757254415,954,0.003,0.002387925364828199
20190227,0.5997990673124504,954,0.003,0.002387925364828199
20190227,0.6045593773704857,953,0.003,0.0024038762264040675
20190227,0.609319687428521,953,0.003,0.0024038762264040675
20190227,0.6140799974865564,953,0.003,0.0024038762264040675
20190227,0.6188403075445916,953,0.003,0.0024038762264040675
20190227,0.623600617602627,953,0.003,0.0024038762264040675
20190227,0.6283609276606623,953,0.003,0.0024781011113481654
20190227,0.6331212377186977,953,0.003,0.0024781011113481654
20190227,0.637881547776733,953,0.003,0.0024781011113481654
20190227,0.6426418578347683,952,0.003,0.002516956951715069
20190227,0.6474021678928036,952,0.003,0.002516956951715069
20190227,0.6521624779508389,952,0.003,0.002516956951715069
20190227,0.6569227880088743,952,0.003,0.002516956951715069
20190227,0.6616830980669096,952,0.003,0.002516956951715069
20190227,0.666443408124945,952,0.003,0.002516956951715069
20190227,0.6712037181829802,952,0.003,0.002516956951715069
20190227,0.6759640282410154,951,0.003,0.0025692242003343864
20190227,0.6807243382990508,951,0.003,0.0025692242003343864
20190227,0.6854846483570861,950,0.003,0.0025720450524462945
20190227,0.6902449584151215,950,0.003,0.0025720450524462945
20190227,0.6950052684731568,950,0.003,0.0024721739464143243
20190227,0.6997655785311921,950,0.003,0.0024721739464143243
20190227,0.7045258885892274,949,0.003,0.002443602937958987
20190227,0.7092861986472627,949,0.003,0.002443602937958987
20190227,0.7140465087052981,949,0.003,0.002443602937958987
20190227,0.7188068187633334,949,0.003,0.002443602937958987
20190227,0.7235671288213688,949,0.003,0.002443602937958987
20190227,0.728327438879404,948,0.003,0.002445083936644601
20190227,0.7330877489374393,948,0.003,0.002445083936644601
20190227,0.7378480589954747,948,0.003,0.002445083936644601
20190227,0.74260836905351,948,0.003,0.002445083936644601
20190227,0.7473686791115454,948,0.003,0.002445083936644601
20190227,0.7521289891695807,948,0.003,0.002445083936644601
20190227,0.7568892992276159,948,0.003,0.002445083936644601
20190227,0.7616496092856513,948,0.003,0.002445083936644601
20190227,0.7664099193436866,947,0.003,0.0018758836777734483
20190227,0.771170229401722,947,0.003,0.0018758836777734483
20190227,0.7759305394597573,947,0.003,0.0018758836777734483
20190227,0.7806908495177927,947,0.003,0.0018758836777734483
20190227,0.7854511595758279,947,0.003,0.0018758836777734483
20190227,0.7902114696338632,947,0.003,0.0018758836777734483
20190227,0.7949717796918985,947,0.003,0.0018758836777734483
20190227,0.7997320897499338,946,0.003,0.001915611491980932
20190227,0.8044923998079692,946,0.003,0.001915611491980932
20190227,0.8092527098660045,945,0.003,0.0018989559473668472
20190227,0.8140130199240397,945,0.003,0.0018989559473668472
20190227,0.8187733299820751,945,0.003,0.0018989559473668472
20190227,0.8235336400401104,945,0.003,0.0018989559473668472
20190227,0.8282939500981458,945,0.003,0.0019066803055796746
20190227,0.8330542601561811,945,0.003,0.0019066803055796746
20190227,0.8378145702142163,945,0.003,0.0019066803055796746
20190227,0.8425748802722517,945,0.003,0.0019066803055796746
20190227,0.847335190330287,945,0.003,0.0019066803055796746
20190227,0.8520955003883224,945,0.003,0.0019066803055796746
20190227,0.8568558104463577,945,0.003,0.0019066803055796746
20190227,0.8616161205043931,945,0.003,0.0019066803055796746
20190227,0.8663764305624283,945,0.003,0.0019066803055796746
20190227,0.8711367406204636,944,0.003,0.0014018188421671771
20190227,0.875897050678499,944,0.003,0.0014018188421671771
20190227,0.8806573607365343,944,0.003,0.0014018188421671771
20190227,0.8854176707945697,944,0.003,0.0014018188421671771
20190227,0.890177980852605,944,0.003,0.0014018188421671771
20190227,0.8949382909106403,944,0.003,0.0014018188421671771
20190227,0.8996986009686756,944,0.003,0.0014018188421671771
20190227,0.9044589110267109,944,0.003,0.0014841111016041504
20190227,0.9092192210847463,944,0.003,0.0014841111016041504
20190227,0.9139795311427815,943,0.003,0.0015165648735819652
20190227,0.9187398412008169,943,0.003,0.0015165648735819652
20190227,0.9235001512588521,943,0.003,0.0015591802909232446
20190227,0.9282604613168874,943,0.003,0.0015839645589542275
20190227,0.9330207713749228,943,0.003,0.0015839645589542275
20190227,0.9377810814329581,941,0.005,0.00204607469197524
20190227,0.9425413914909935,941,0.005,0.00204607469197524
20190227,0.9473017015490288,941,0.005,0.0021011201800675045
20190227,0.952062011607064,941,0.00468436146225447,0.001985804951381777
20190227,0.9568223216650995,941,0.00468436146225447,0.001985804951381777
20190227,0.9615826317231347,940,0.00468436146225447,0.002173443750717037
20190227,0.9663429417811702,940,0.00468436146225447,0.0022950658729262224
20190227,0.9711032518392054,940,0.00468436146225447,0.0025802394451207977
20190227,0.9758635618972407,940,0.00468436146225447,0.002631777118055566
20190227,0.980623871955276,939,0.00468436146225447,0.0028255198053758956
20190227,0.9853841820133112,939,0.00468436146225447,0.0028093474495167804
20190227,0.9901444920713467,938,0.00468436146225447,0.0030061724423034782
20190227,0.9949048021293819,938,0.0034194327445188047,0.002557192729494293
20190227,0.9996651121874174,938,0.0034194327445188047,0.002850132397860401
20190227,1.0044254222454525,938,0.0034194327445188047,0.0030861538519991465
20190227,1.009185732303488,938,0.0034194327445188047,0.0032083715790914634
20190227,1.0139460423615232,937,0.003,0.007097629685979639
20190227,1.0187063524195585,936,0.003,0.008346584310873454
20190227,1.0234666624775939,936,0.004232285928207002,0.006816114944169256
20190227,1.0282269725356292,936,0.004232285928207002,0.005788553267247365
20190227,1.0329872825936646,936,0.004232285928207002,0.003577006077441567
20190227,1.0377475926517,936,0.004232285928207002,0.0007704498837361741
20190227,1.0425079027097353,936,0.004232285928207002,0.0010393152509714809
20190227,1.0472682127677706,936,0.0039250708510704885,0.0020284078781778662
20190227,1.0520285228258057,936,0.0039250708510704885,0.003608435642932592
20190227,1.0567888328838413,936,0.0039250708510704885,0.004547438632139461
20190227,1.0615491429418764,936,0.0039250708510704885,0.005050208211530795
20190227,1.066309452999912,935,0.0039250708510704885,0.004286346935140771
20190227,1.071069763057947,935,0.0039250708510704885,0.004801342024117917
20190227,1.0758300731159824,935,0.0039250708510704885,0.005098220136548035
20190227,1.0805903831740178,935,0.0039250708510704885,0.005316076153809845
20190227,1.0853506932320531,934,0.0039250708510704885,0.0035138586017485884
20190227,1.0901110032900885,934,0.0039250708510704885,0.0038937825217236948
20190227,1.0948713133481238,934,0.0046336313090162016,0.0046613429672434595
20190227,1.099631623406159,933,0.0046336313090162016,0.004792044357289593
20190227,1.1043919334641943,933,0.0046336313090162016,0.00489757902749221
20190227,1.1091522435222296,933,0.0046336313090162016,0.00489757902749221
20190227,1.113912553580265,933,0.0046336313090162016,0.005111073304630124
20190227,1.1186728636383003,933,0.0046336313090162016,0.00520847605625901
20190227,1.1234331736963357,933,0.0046336313090162016,0.00520847605625901
20190227,1.128193483754371,933,0.0046336313090162016,0.00520847605625901
20190227,1.1329537938124061,933,0.0046336313090162016,0.00520847605625901
20190227,1.1377141038704417,933,0.0046336313090162016,0.00520847605625901
20190227,1.1424744139284768,933,0.0046336313090162016,0.005255755458630285
20190227,1.1472347239865124,933,0.0046336313090162016,0.005255755458630285
20190227,1.1519950340445475,933,0.0046336313090162016,0.005484540460661934
20190227,1.1567553441025828,933,0.0046336313090162016,0.005484540460661934
20190227,1.1615156541606182,933,0.0046336313090162016,0.005484540460661934
20190227,1.1662759642186535,933,0.0046336313090162016,0.005491168175815134
20190227,1.1710362742766889,933,0.0046336313090162016,0.005546906729270361
20190227,1.1757965843347242,933,0.0046336313090162016,0.005687574118867391
20190227,1.1805568943927596,933,0.0046336313090162016,0.005687574118867391
20190227,1.185317204450795,933,0.0046336313090162016,0.005682244629531467
20190227,1.19007751450883,933,0.0046336313090162016,0.006415633033277377
20190227,1.1948378245668656,933,0.0046336313090162016,0.006419968310476799
20190227,1.1995981346249007,933,0.0046336313090162016,0.0064740612086630865
20190227,1.2043584446829363,933,0.0046336313090162016,0.006481373109218842
20190227,1.2091187547409714,933,0.0046336313090162016,0.006452133385044439
20190227,1.2138790647990068,933,0.0046336313090162016,0.006637491007643607
20190227,1.218639374857042,933,0.0046336313090162016,0.0070378219402291164
20190227,1.2233996849150772,933,0.0046336313090162016,0.007181784068093394
20190227,1.2281599949731128,933,0.004671152126190107,0.007898746355084479
20190227,1.232920305031148,933,0.004671152126190107,0.007897807088662485
20190227,1.2376806150891833,933,0.004671152126190107,0.008355325254411648
20190227,1.2424409251472186,933,0.004671152126190107,0.008788613822461494
20190227,1.247201235205254,933,0.004671152126190107,0.009057066747340104
20190227,1.2519615452632893,933,0.005725126314993185,0.010195717483409621
20190227,1.2567218553213246,933,0.005725126314993185,0.010383015817812822
20190227,1.26148216537936,933,0.005725126314993185,0.01146139020782318
20190227,1.2662424754373953,933,0.005725126314993185,0.011712903909624199
20190227,1.2710027854954304,933,0.005725126314993184,0.01197713326154067
20190227,1.275763095553466,933,0.005725126314993185,0.012331778076515646
20190227,1.2805234056115011,933,0.005725126314993185,0.012277323939324321
20190227,1.2852837156695367,932,0.005725126314993185,0.008626764580065954
20190227,1.2900440257275718,932,0.005725126314993185,0.008668839678837683
20190227,1.2948043357856072,932,0.005725126314993185,0.008680767306051104
20190227,1.2995646458436425,932,0.005725126314993185,0.008880992533001713
20190227,1.3043249559016779,932,0.004671152126190107,0.0076568445582650985
20190227,1.3090852659597132,932,0.004671152126190107,0.007595683590203655
20190227,1.3138455760177485,932,0.004676455560923869,0.007998332779910784
20190227,1.3186058860757837,931,0.0047141884802475624,0.004742505651373928
20190227,1.3233661961338192,931,0.0047141884802475624,0.004789561639149461
20190227,1.3281265061918544,931,0.0047141884802475624,0.005058972930885385
20190227,1.33288681624989,931,0.0047141884802475624,0.005475176314033626
20190227,1.337647126307925,931,0.0047141884802475624,0.006018581791869013
20190227,1.3424074363659604,931,0.0047141884802475624,0.006408906727152234
20190227,1.3471677464239957,931,0.0047141884802475624,0.006754549187015207
20190227,1.3519280564820308,931,0.0047141884802475624,0.006768324965418269
20190227,1.3566883665400664,930,0.0047141884802475624,0.004318233640020944
20190227,1.3614486765981015,929,0.0047141884802475624,0.003305153863470341
20190227,1.366208986656137,929,0.0047141884802475624,0.0034043339183731174
20190227,1.3709692967141722,929,0.0047141884802475624,0.0032870189512668757
20190227,1.3757296067722076,929,0.0047141884802475624,0.0029246278540635672
20190227,1.380489916830243,929,0.0047141884802475624,0.0032170343172935162
20190227,1.3852502268882783,929,0.004714188480247562,0.003336025435098778
20190227,1.3900105369463136,929,0.0047141884802475624,0.00391057319919895
20190227,1.394770847004349,928,0.0047141884802475624,0.00010499602643966386
20190227,1.3995311570623843,928,0.0047141884802475624,0.0002130735358071038
20190227,1.4042914671204196,927,0.0047141884802475624,0.0012863513915218957
20190227,1.4090517771784548,927,0.0047141884802475624,0.0009477882385648189
20190227,1.4138120872364903,927,0.0047141884802475624,0.00045273991115982756
20190227,1.4185723972945254,927,0.006158873570784889,0.0004712412256715964
20190227,1.423332707352561,927,0.006158873570784889,0.0010327507821930686
20190227,1.4280930174105961,925,0.006198316443537191,0.0018156065816718708
20190227,1.4328533274686315,925,0.006198316443537191,0.0017524313237741952
20190227,1.4376136375266668,925,0.006198316443537191,0.001173894420951494
20190227,1.4423739475847022,925,0.006198316443537191,0.001115853615808368
20190227,1.4471342576427375,925,0.005092422095321013,0.0016707166271801661
20190227,1.4518945677007729,925,0.005092422095321013,0.0021046925063966213
20190227,1.456654877758808,924,0.006805363952743757,0.007086698316609029
20190227,1.4614151878168435,924,0.006805363952743757,0.006487967416597222
20190227,1.4661754978748787,924,0.006805363952743757,0.00603777822670498
20190227,1.470935807932914,924,0.007292057604276053,0.005394035886162164
20190227,1.4756961179909494,924,0.007292057604276053,0.005261991607539039
20190227,1.4804564280489847,924,0.005438918052913698,0.005285375342043054
20190227,1.48521673810702,924,0.006342275885556826,0.004009292744084184
20190227,1.4899770481650552,924,0.005438918052913698,0.004948217213033818
20190227,1.4947373582230907,924,0.005438918052913698,0.004818815244520853
20190227,1.4994976682811259,924,0.005438918052913698,0.005135112246266256
20190227,1.5042579783391614,924,0.005671145745085471,0.004719954281421677
20190227,1.5090182883971965,924,0.005671145745085471,0.004705569714309764
20190227,1.5137785984552319,924,0.005671145745085471,0.00336238561729564
20190227,1.5185389085132672,924,0.005671145745085471,0.002359137016500051
20190227,1.5232992185713026,924,0.007295560848007005,0.000733934999439946
20190227,1.528059528629338,924,0.007718476410184966,0.003525193123827468
20190227,1.5328198386873733,923,0.0109345323481548,0.01903835883715039
20190227,1.5375801487454086,923,0.0109345323481548,0.019655121381282108
20190227,1.542340458803444,923,0.0109345323481548,0.020916937606541015
20190227,1.547100768861479,923,0.0109345323481548,0.020545644783611535
20190227,1.5518610789195146,923,0.0109345323481548,0.017050670795252406
20190227,1.5566213889775498,923,0.0109345323481548,0.013250732048870303
20190227,1.5613816990355853,923,0.008089537970194866,0.016209324670380765
20190227,1.5661420090936204,923,0.007263288922989598,0.018298686203964305
20190227,1.5709023191516558,923,0.007370890904719122,0.016519321575718556
20190227,1.5756626292096911,923,0.007370890904719122,0.01569084378363137
20190227,1.5804229392677265,922,0.008873269730263332,0.01929394943181853
20190227,1.5851832493257618,922,0.008491855015178346,0.02303948774311695
20190227,1.589943559383797,922,0.008491855015178346,0.02113988271803356
20190227,1.5947038694418323,922,0.007504789363595998,0.021628614127161317
20190227,1.5994641794998676,922,0.007504789363595998,0.020259792556680846
20190227,1.604224489557903,922,0.009150740246484778,0.01946052266929254
20190227,1.6089847996159383,922,0.009985296752556579,0.015893555631256388
20190227,1.6137451096739737,922,0.009985296752556579,0.01685102266119763
20190227,1.618505419732009,922,0.009985296752556579,0.015351356615770332
20190227,1.6232657297900444,922,0.008674677470419384,0.015155350601993436
20190227,1.6280260398480795,922,0.008568477730545303,0.015936122084229332
20190227,1.632786349906115,922,0.009992582494233975,0.008383221896858062
20190227,1.6375466599641502,920,0.015134390720606579,0.004756091200201282
20190227,1.6423069700221857,920,0.011140470137829319,0.006295771079534675
20190227,1.6470672800802209,918,0.012971344390206236,0.007424349731384871
20190227,1.6518275901382562,917,0.010916532674791547,0.01131475421969518
20190227,1.6565879001962915,916,0.019437274907334344,0.0038948714431964967
20190227,1.6613482102543269,915,0.017490244078333425,0.016368930050711286
20190227,1.6661085203123622,915,0.0205344784093274,0.0012247517622348749
20190227,1.6708688303703976,915,0.014769584994407036,0.016610644293115998
20190227,1.6756291404284327,913,0.021987510876407042,0.00612024747755635
20190227,1.6803894504864683,912,0.02968241067772196,0.003323498247770521
20190227,1.6851497605445034,912,0.02529421490885689,0.013558160510177745
20190227,1.689910070602539,912,0.015265859241006893,0.03675131581899658
20190227,1.694670380660574,912,0.015413978520699713,0.03450257408588593
20190227,1.6994306907186096,912,0.015413978520699714,0.03831165648660648
20190227,1.7041910007766448,911,0.015503418888525772,0.04078922192700121
20190227,1.7089513108346799,910,0.01984217275745421,0.03218902675145272
20190227,1.7137116208927154,909,0.014490990253724769,0.031737801676332125
20190227,1.7184719309507506,908,0.02661591021258361,0.014298320314731706
20190227,1.7232322410087861,908,0.026322559857051026,0.01250333272956923
20190227,1.7279925510668213,906,0.03676559174866716,0.012406154100399738
20190227,1.7327528611248566,903,0.02287369096233132,0.03993572093123896
20190227,1.737513171182892,903,0.020800078369274364,0.06463526679150632
20190227,1.7422734812409273,901,0.03642600071973746,0.00039689260338454695
20190227,1.7470337912989626,901,0.029426500568695474,0.022991801566372625
20190227,1.751794101356998,901,0.01447202409337838,0.07832607481859252
20190227,1.7565544114150333,901,0.01595795463776567,0.06937335984172256
20190227,1.7613147214730687,898,0.03075840867940198,0.03438520070205912
20190227,1.7660750315311038,896,0.03214117645013378,0.037777267057351537
20190227,1.7708353415891394,895,0.019877560537771805,0.09341299626445543
20190227,1.7755956516471745,895,0.03386955144763687,0.05314318177995692
20190227,1.78035596170521,894,0.04336453239632054,0.009346518383493499
20190227,1.7851162717632452,893,0.042864837523031996,0.005411074278696159
20190227,1.7898765818212805,892,0.04716365149086618,0.025080698799680615
20190227,1.7946368918793159,890,0.02651588337069332,0.08240619642338073
20190227,1.7993972019373512,890,0.05309693927101613,0.0206011472212024
20190227,1.8041575119953865,889,0.048183329102230735,0.02202985138724117
20190227,1.8089178220534219,886,0.0625073689005586,0.05008405944654657
20190227,1.813678132111457,884,0.04226499606222077,0.10644652815724581
20190227,1.8184384421694926,883,0.04923823499189561,0.04500042945450452
20190227,1.8231987522275277,882,0.0372973318304936,0.08832019494131789
20190227,1.827959062285563,882,0.03500448980346512,0.13169010486762556
20190227,1.8327193723435984,880,0.04366564738780286,0.08596241113301721
20190227,1.8374796824016337,878,0.09103900898017997,0.37347436466381717
20190227,1.842239992459669,876,0.05598291417209641,0.13548637893856366
20190227,1.8470003025177042,876,0.06237066049939802,0.14910151974873415
20190227,1.8517606125757398,876,0.046627245019761385,0.07703232275534215
20190227,1.8565209226337749,876,0.04543729536695143,0.03018269884377675
20190227,1.8612812326918104,876,0.0324659908917012,0.06170720016769052
20190227,1.8660415427498456,876,0.03562336227278396,0.04486202989717034
20190227,1.870801852807881,874,0.0522552239752797,0.08842803133808919
20190227,1.8755621628659163,874,0.02847647824247976,0.07056651519633544
20190227,1.8803224729239516,873,0.04291560230201704,0.0059939119099520835
20190227,1.885082782981987,872,0.049063070798213586,0.04085144481439004
20190227,1.8898430930400223,870,0.031744838106544,0.04185238094261249
20190227,1.8946034030980576,868,0.05288501504801782,0.27206773621163993
20190227,1.899363713156093,866,0.09103066993154339,0.5348670012957847
20190227,1.904124023214128,866,0.08207133856842544,0.43070984960718184
20190227,1.9088843332721634,861,0.09434393089387373,0.6436980242850846
20190227,1.913644643330199,860,0.08485604309979199,0.5743971747450214
20190227,1.9184049533882344,859,0.06416500006912172,0.47649713902637114
20190227,1.9231652634462695,859,0.06416500006912172,0.3482921068130688
20190227,1.9279255735043046,859,0.051461844702804314,0.37613779700275646
20190227,1.9326858835623404,859,0.05584184372632192,0.4112510386191771
20190227,1.9374461936203755,858,0.04905809773068496,0.4571423706052288
20190227,1.9422065036784109,855,0.13269143180897366,1.4133902397522298
20190227,1.946966813736446,854,0.07024399258701695,0.8030341493919652
20190227,1.9517271237944813,852,0.14957381622635352,1.9002967008755425
20190227,1.9564874338525169,849,0.1513756540048994,2.1610309952483755
20190227,1.961247743910552,849,0.1364178963220268,1.8299736256395616
20190227,1.9660080539685874,848,0.133525386041879,2.061235834873704
20190227,1.9707683640266225,847,0.21289190186283385,3.658534729854231
20190227,1.9755286740846583,847,0.1603658978478904,2.4496850082004538
20190227,1.9802889841426934,846,0.18567473310178553,2.9811593022208256
20190227,1.9850492942007285,846,0.10748642325287647,1.711620108287507
20190227,1.9898096042587639,845,0.17935668213902092,2.9249015125649813
20190227,1.9945699143167994,845,0.17103404527446409,2.8266287469673212
20190227,1.9993302243748348,845,0.17883421905544386,3.0332482256795283
20190227,2.00409053443287,845,0.11338547462552309,2.4105648304523775
20190227,2.008850844490905,844,0.2242878369049362,4.298141696743453
20190227,2.013611154548941,844,0.22428783690493614,4.298411068581867
20190227,2.018371464606976,844,0.22428783690493614,4.2984573711642176
20190227,2.023131774665011,843,0.22617728524549865,4.377549063964445
20190227,2.0278920847230464,843,0.13728501143418925,2.571348580600003
20190227,2.032652394781082,842,0.22719147971698514,4.415710393938536
20190227,2.037412704839117,841,0.2294403272818947,4.492798857691167
20190227,2.0421730148971524,840,0.23203571021518232,4.585879652629721
20190227,2.0469333249551878,840,0.23203571021518232,4.585879652629721
20190227,2.0516936350132235,839,0.23254252909365294,4.605968810907022
20190227,2.0564539450712584,839,0.23254252909365294,4.606658936264046
20190227,2.061214255129294,839,0.23254252909365294,4.606528596391276
20190227,2.065974565187329,839,0.23254252909365294,4.606612162795637
20190227,2.0707348752453645,839,0.23254252909365294,4.606612162795637
20190227,2.0754951853034,839,0.23254252909365294,4.606631616988154
20190227,2.080255495361435,839,0.23254252909365294,4.606631616988154
20190227,2.0850158054194705,838,0.13697855746868484,2.7370594160922623
20190227,2.0897761154775054,837,0.2369170131107113,4.771993548000667
20190227,2.094536425535541,837,0.2369170131107113,4.771993548000667
20190227,2.0992967355935765,837,0.2369170131107113,4.771993548000667
20190227,2.1040570456516114,836,0.23739166454373214,4.7964488801631235
20190227,2.108817355709647,835,0.23874289856737857,4.8294289667517
20190227,2.1135776657676826,835,0.23874289856737857,4.8294289667517
20190227,2.1183379758257175,834,0.24008559120756306,4.886786659882459
20190227,2.123098285883753,834,0.13021928324840848,2.831842008496585
20190227,2.127858595941788,833,0.2426599544802704,5.008733998013527
20190227,2.132618905999824,833,0.15576508603432634,3.0551211370596145
20190227,2.137379216057859,832,0.24517037858224555,5.123875197088149
20190227,2.142139526115894,832,0.24517037858224555,5.123875197088149
20190227,2.1468998361739295,832,0.24517037858224555,5.123875197088149
20190227,2.151660146231965,832,0.24517037858224555,5.123909922334634
20190227,2.1564204562900002,832,0.21623543278720422,4.194007606825636
20190227,2.1611807663480356,831,0.2461857776800954,5.189872670528417
20190227,2.165941076406071,831,0.2461857776800954,5.189872670528417
20190227,2.1707013864641063,831,0.2461857776800954,5.189872670528417
20190227,2.1754616965221416,831,0.21661656479426686,4.218058318444007
20190227,2.180222006580177,830,0.24739162169352533,5.236645552237629
20190227,2.184982316638212,830,0.24739162169352533,5.236645552237629
20190227,2.1897426266962476,830,0.24739162169352533,5.236645552237629
20190227,2.194502936754283,830,0.24739162169352533,5.237025356758097
20190227,2.199263246812318,830,0.24739162169352533,5.237025356758097
20190227,2.2040235568703532,829,0.22425101234133812,4.456768629990357
20190227,2.2087838669283886,828,0.22791561879991468,4.590802114442682
20190227,2.2135441769864244,827,0.2511258874319985,5.399915121093615
20190227,2.2183044870444593,827,0.2511258874319985,5.399915121093615
20190227,2.2230647971024946,827,0.2511258874319985,5.399233470134406
20190227,2.22782510716053,827,0.2511258874319985,5.399233470134406
20190227,2.2325854172185653,826,0.128753620106062,3.164389150615243
20190227,2.2373457272766006,825,0.2534826502342049,5.522774432499591
20190227,2.242106037334636,825,0.2064248044072275,4.121725843395987
20190227,2.2468663473926713,824,0.25751990742713377,5.719651411661085
20190227,2.2516266574507067,824,0.25751990742713377,5.719651411661085
20190227,2.256386967508742,824,0.25751990742713377,5.719651411661085
20190227,2.2611472775667774,824,0.25751990742713377,5.719697805488578
20190227,2.2659075876248123,824,0.1800574271840082,3.7183818674722238
20190227,2.270667897682848,824,0.1778313153299577,3.448713115891924
20190227,2.2754282077408834,822,0.2613867846842116,5.939447789823124
20190227,2.2801885177989183,822,0.2613867846842116,5.93947171023111
20190227,2.2849488278569536,822,0.26138678468421156,5.939692745215772
20190227,2.2897091379149894,821,0.2628512009600669,6.007252473914802
20190227,2.2944694479730248,821,0.2628512009600669,6.007252473914802
20190227,2.2992297580310597,821,0.2628512009600669,6.0070390197056565
20190227,2.303990068089095,821,0.2628512009600669,6.0070390197056565
20190227,2.308750378147131,821,0.2628512009600669,6.0070434822977985
20190227,2.3135106882051657,820,0.2645045354784728,6.075282278406453
20190227,2.318270998263201,820,0.2645045354784728,6.075285309165316
20190227,2.3230313083212364,819,0.26553038189850237,6.12596217065312
20190227,2.3277916183792717,819,0.2655303818985024,6.12657665539203
20190227,2.332551928437307,819,0.2655303818985024,6.126627025758123
20190227,2.3373122384953424,819,0.2655303818985024,6.126627025758123
20190227,2.3420725485533778,819,0.2655303818985024,6.126627025758123
20190227,2.3468328586114127,819,0.26553038189850237,6.126635212905633
20190227,2.3515931686694485,819,0.26553038189850237,6.126635212905633
20190227,2.356353478727484,819,0.26553038189850237,6.126662453922813
20190227,2.361113788785519,819,0.26553038189850237,6.126662453922813
20190227,2.365874098843554,819,0.26553038189850237,6.126662453922813
20190227,2.37063440890159,819,0.26553038189850237,6.126662453922813
20190227,2.375394718959625,818,0.2659212868155171,6.149789613750184
20190227,2.38015502901766,818,0.2659212868155171,6.149789613750184
20190227,2.3849153390756954,818,0.2659212868155171,6.149789613750184
20190227,2.389675649133731,818,0.2659212868155171,6.14979792158941
20190227,2.394435959191766,818,0.23954499607988092,5.21838832585724
20190227,2.3991962692498014,817,0.26893726411435387,6.320553156813631
20190227,2.403956579307837,817,0.26893726411435387,6.320553156813631
20190227,2.4087168893658726,817,0.26893726411435387,6.320495557071009
20190227,2.4134771994239075,816,0.2702939727714187,6.395425385692218
20190227,2.418237509481943,816,0.2702939727714187,6.395425385692218
20190227,2.422997819539978,816,0.2702939727714187,6.395425385692218
20190227,2.4277581295980135,816,0.2702939727714187,6.395425385692218
20190227,2.432518439656049,816,0.2702939727714187,6.395425385692218
20190227,2.437278749714084,816,0.2702939727714187,6.395425385692218
20190227,2.4420390597721195,816,0.2702939727714187,6.395443520011861
20190227,2.4467993698301544,815,0.2719541414490585,6.474289651143859
20190227,2.4515596798881902,815,0.2719541414490585,6.474289651143859
20190227,2.4563199899462256,815,0.2719541414490585,6.474289651143859
20190227,2.4610803000042605,815,0.2719541414490585,6.474289651143859
20190227,2.465840610062296,815,0.2719541414490585,6.4743758796577255
20190227,2.4706009201203316,815,0.27195414144905855,6.474436952217617
20190227,2.4753612301783665,815,0.27195414144905855,6.474436952217617
20190227,2.480121540236402,815,0.27195414144905855,6.474436952217617
20190227,2.484881850294437,815,0.27195414144905855,6.474436952217617
20190227,2.489642160352473,815,0.27195414144905855,6.474436952217617
20190227,2.494402470410508,815,0.27195414144905855,6.474440538240789
20190227,2.4991627804685432,815,0.27195414144905855,6.474440538240789
20190227,2.5039230905265786,815,0.27195414144905855,6.474440538240789
20190227,2.508683400584614,814,0.1936767225590588,3.9964388985495036
20190227,2.5134437106426493,813,0.2466723789671506,5.615919613227792
20190227,2.5182040207006846,812,0.2753858080413002,6.644829825042537
20190227,2.52296433075872,812,0.2753858080413002,6.644829825042537
20190227,2.5277246408167553,812,0.2753858080413002,6.644829825042537
20190227,2.5324849508747906,812,0.2753858080413002,6.644830879525503
20190227,2.537245260932826,812,0.2753858080413002,6.644830879525503
20190227,2.542005570990861,812,0.2753858080413002,6.644830879525503
20190227,2.5467658810488967,812,0.2753858080413002,6.644987872424066
20190227,2.551526191106932,812,0.2753858080413002,6.644987872424066
20190227,2.556286501164967,812,0.2753858080413002,6.6452842120911155
20190227,2.5610468112230023,812,0.2753858080413002,6.6452842120911155
20190227,2.5658071212810376,812,0.2753858080413002,6.645338430586876
20190227,2.5705674313390734,812,0.2753858080413002,6.645338430586876
20190227,2.5753277413971083,812,0.23175791186128109,5.17526072868333
20190227,2.5800880514551436,811,0.2781426094877155,6.782242954703417
20190227,2.584848361513179,811,0.2781426094877155,6.782242954703417
20190227,2.5896086715712143,810,0.2793812321217061,6.8332958785519295
20190227,2.5943689816292497,810,0.2793812321217061,6.8332958785519295
20190227,2.599129291687285,810,0.2793812321217061,6.8332958785519295
20190227,2.6038896017453204,810,0.2793812321217061,6.8332958785519295
20190227,2.6086499118033557,810,0.2793812321217061,6.8332958785519295
20190227,2.613410221861391,810,0.2793812321217061,6.8332958785519295
20190227,2.6181705319194264,810,0.2793812321217061,6.83339841689467
20190227,2.6229308419774613,810,0.2793812321217061,6.83339841689467
20190227,2.627691152035497,810,0.2793812321217061,6.833408271014571
20190227,2.6324514620935324,809,0.23757145601281654,5.447469265704494
20190227,2.6372117721515673,808,0.2813992167807085,7.017526093221888
20190227,2.6419720822096027,808,0.18151940699043395,4.482545143234131
20190227,2.6467323922676385,807,0.28555552709973064,7.1842139125785796
20190227,2.651492702325674,807,0.28555552709973064,7.1842139125785796
20190227,2.6562530123837087,807,0.28555552709973064,7.184237449006496
20190227,2.661013322441744,807,0.23919970874000712,5.487927039803249
20190227,2.66577363249978,806,0.2550690837824719,6.114804976286281
20190227,2.6705339425578147,805,0.2817162576568613,7.178807355516702
20190227,2.67529425261585,805,0.23253309940347522,5.547303542854468
20190227,2.6800545626738854,804,0.23297413617287036,5.772891681520218
20190227,2.6848148727319208,803,0.2935908923128244,7.811910288849004
20190227,2.689575182789956,803,0.2935908923128244,7.811910288849004
20190227,2.6943354928479915,803,0.2935908923128244,7.811910288849004
20190227,2.699095802906027,803,0.2935908923128244,7.811910288849004
20190227,2.7038561129640617,803,0.2935908923128244,7.811982095409091
20190227,2.7086164230220975,803,0.2935908923128244,7.811982095409091
20190227,2.713376733080133,803,0.2935908923128244,7.811982095409091
20190227,2.718137043138168,803,0.2935908923128244,7.811982095409091
20190227,2.722897353196203,803,0.2935908923128244,7.811982095409091
20190227,2.727657663254239,803,0.2935908923128244,7.811982095409091
20190227,2.732417973312274,803,0.2935908923128244,7.811982095409091
20190227,2.737178283370309,803,0.2935908923128244,7.8123473169143445
20190227,2.7419385934283445,803,0.2935908923128244,7.8123473169143445
20190227,2.7466989034863802,803,0.2935908923128244,7.8123473169143445
20190227,2.751459213544415,803,0.2935908923128244,7.8123473169143445
20190227,2.7562195236024505,803,0.2935908923128244,7.812349893396758
20190227,2.760979833660486,803,0.2935908923128244,7.812349893396758
20190227,2.7657401437185216,803,0.2935908923128244,7.812349893396758
20190227,2.7705004537765565,803,0.29359089231282437,7.812660671409095
20190227,2.775260763834592,803,0.18153072740044823,4.978068344670354
20190227,2.780021073892627,802,0.2944689629004518,7.910243358069679
20190227,2.7847813839506625,802,0.2944689629004518,7.910243358069679
20190227,2.789541694008698,802,0.2944689629004518,7.910243358069679
20190227,2.7943020040667332,802,0.2944689629004518,7.910254181017464
20190227,2.7990623141247686,802,0.2944689629004518,7.910254181017464
20190227,2.8038226241828035,802,0.2944689629004518,7.910254181017464
20190227,2.8085829342408393,802,0.2944689629004518,7.910252403759741
20190227,2.8133432442988746,802,0.2944689629004518,7.910252403759741
20190227,2.8181035543569095,802,0.2944689629004518,7.910252403759741
20190227,2.822863864414945,802,0.1700162671462866,4.914121404031548
20190227,2.8276241744729806,801,0.2955699805157503,7.977376052483592
20190227,2.8323844845310155,801,0.2955699805157503,7.977376052483592
20190227,2.837144794589051,801,0.2955699805157503,7.977376052483592
20190227,2.8419051046470862,801,0.1722846552473992,4.983758093783556
20190227,2.846665414705122,800,0.29711560996186964,8.03294311710487
20190227,2.851425724763157,800,0.29711560996186964,8.03294311710487
20190227,2.8561860348211923,800,0.29711560996186964,8.03294311710487
20190227,2.8609463448792276,800,0.29711560996186964,8.03294311710487
20190227,2.865706654937263,800,0.2127725804093145,5.150887275272911
20190227,2.8704669649952983,799,0.27209586324291146,7.168566059074824
20190227,2.8752272750533336,797,0.302416695567818,8.436079754467313
20190227,2.879987585111369,797,0.302416695567818,8.436079754467313
20190227,2.8847478951694043,797,0.302416695567818,8.436079754467313
20190227,2.8895082052274397,797,0.302416695567818,8.436091691660021
20190227,2.894268515285475,797,0.302416695567818,8.436091691660021
20190227,2.89902882534351,797,0.302416695567818,8.436091691660021
20190227,2.9037891354015457,797,0.302416695567818,8.436257496101717
20190227,2.908549445459581,797,0.302416695567818,8.436257496101717
20190227,2.913309755517616,797,0.302416695567818,8.436257496101717
20190227,2.9180700655756513,797,0.302416695567818,8.436257496101717
20190227,2.922830375633687,797,0.302416695567818,8.436257496101717
20190227,2.9275906856917224,796,0.30301527181701976,8.48995582976557
20190227,2.9323509957497573,796,0.30301527181701976,8.48995582976557
20190227,2.9371113058077927,796,0.30301527181701976,8.48995582976557
20190227,2.941871615865828,796,0.30301527181701976,8.48995582976557
20190227,2.9466319259238634,796,0.30301527181701976,8.48995582976557
20190227,2.9513922359818987,796,0.24318571837417993,6.408635298885966
20190227,2.956152546039934,795,0.30529551737748284,8.592091029224665
20190227,2.9609128560979694,795,0.30529551737748284,8.592091029224665
20190227,2.9656731661560047,795,0.30529551737748284,8.592091029224665
20190227,2.97043347621404,795,0.30529551737748284,8.592091029224665
20190227,2.9751937862720754,795,0.30529551737748284,8.592091029224665
20190227,2.9799540963301103,795,0.30529551737748284,8.592091029224665
20190227,2.984714406388146,795,0.30529551737748284,8.592091029224665
20190227,2.9894747164461815,795,0.30529551737748284,8.592091029224665
20190227,2.9942350265042164,795,0.30529551737748284,8.592091029224665
20190227,2.9989953365622517,795,0.30529551737748284,8.592091029224665
20190228,0.004760310058035321,1000,0.001,0.0
20190228,0.009520620116070641,1000,0.001,0.0
20190228,0.014280930174105961,1000,0.001,0.0
20190228,0.019041240232141283,1000,0.001,0.0
20190228,0.023801550290176603,1000,0.001,0.0
20190228,0.028561860348211923,1000,0.001,0.0
20190228,0.03332217040624725,1000,0.001,0.0
20190228,0.038082480464282566,999,0.002,0.00013662206476007334
20190228,0.04284279052231788,999,0.002,0.00013662206476007334
20190228,0.047603100580353205,999,0.002,0.00013662206476007334
20190228,0.05236341063838852,999,0.002,0.00013662206476007334
20190228,0.057123720696423845,998,0.002,0.00023328228693046376
20190228,0.06188403075445917,998,0.002,0.00023328228693046376
20190228,0.0666443408124945,998,0.002,0.00023328228693046376
20190228,0.0714046508705298,997,0.002,0.0003151029500596783
20190228,0.07616496092856513,997,0.002,0.0003151029500596783
20190228,0.08092527098660045,997,0.002,0.0003151029500596783
20190228,0.08568558104463576,997,0.002,0.0003151029500596783
20190228,0.0904458911026711,997,0.002,0.0003151029500596783
20190228,0.09520620116070641,995,0.002,0.00045027654448202527
20190228,0.09996651121874173,995,0.002,0.00045027654448202527
20190228,0.10472682127677704,995,0.002,0.00045027654448202527
20190228,0.10948713133481237,995,0.002,0.00045027654448202527
20190228,0.11424744139284769,994,0.002,0.0005096654680451022
20190228,0.119007751450883,994,0.002,0.0005096654680451022
20190228,0.12376806150891834,994,0.002,0.0005096654680451022
20190228,0.12852837156695365,994,0.002,0.0005096654680451022
20190228,0.133288681624989,993,0.002,0.0005634285953067626
20190228,0.13804899168302429,993,0.002,0.0005634285953067626
20190228,0.1428093017410596,993,0.002,0.0005634285953067626
20190228,0.14756961179909495,993,0.002,0.0005634285953067626
20190228,0.15232992185713026,993,0.002,0.0005634285953067626
20190228,0.15709023191516558,993,0.002,0.0005634285953067626
20190228,0.1618505419732009,993,0.002,0.0005634285953067626
20190228,0.16661085203123624,991,0.002,0.0006582855059486523
20190228,0.17137116208927153,991,0.002,0.0006582855059486523
20190228,0.17613147214730684,990,0.002,0.0007025853573356466
20190228,0.1808917822053422,989,0.002,0.0008165327059314449
20190228,0.1856520922633775,988,0.002,0.0008628219452007773
20190228,0.19041240232141282,986,0.002,0.0009882165141116555
20190228,0.19517271237944817,986,0.002,0.0009882165141116555
20190228,0.19993302243748345,986,0.002,0.0009882165141116555
20190228,0.20469333249551877,983,0.002,0.0011032081227630797
20190228,0.2094536425535541,982,0.002,0.0011349789169016117
20190228,0.21421395261158943,982,0.002,0.0011349789169016117
20190228,0.21897426266962475,981,0.002,0.0011726071336717494
20190228,0.22373457272766006,981,0.002,0.0011726071336717494
20190228,0.22849488278569538,981,0.002,0.0011726071336717494
20190228,0.2332551928437307,981,0.002,0.0011726071336717494
20190228,0.238015502901766,976,0.003,0.0013843098382655362
20190228,0.24277581295980136,976,0.003,0.0013843098382655362
20190228,0.24753612301783667,975,0.003,0.0014203931415769054
20190228,0.252296433075872,975,0.003,0.0014203931415769054
20190228,0.2570567431339073,975,0.003,0.0014203931415769054
20190228,0.26181705319194265,973,0.003,0.0014879536606242263
20190228,0.266577363249978,973,0.003,0.0014879536606242263
20190228,0.2713376733080133,972,0.003,0.0015212913992391944
20190228,0.27609798336604857,972,0.003,0.0015212913992391944
20190228,0.2808582934240839,971,0.003,0.0015892580265107902
20190228,0.2856186034821192,971,0.003,0.0015892580265107902
20190228,0.29037891354015455,971,0.003,0.0015892580265107902
20190228,0.2951392235981899,970,0.003,0.0016195455258368552
20190228,0.2998995336562252,969,0.003,0.0016498065665108306
20190228,0.3046598437142605,969,0.003,0.0016498065665108306
20190228,0.3094201537722958,968,0.003,0.0016807002186304528
20190228,0.31418046383033116,968,0.003,0.0016807002186304528
20190228,0.3189407738883665,967,0.003,0.0017106990119039928
20190228,0.3237010839464018,967,0.003,0.0017106990119039928
20190228,0.32846139400443713,967,0.003,0.0017106990119039928
20190228,0.3332217040624725,967,0.003,0.001935657585724125
20190228,0.3379820141205077,966,0.003,0.0019642973133436794
20190228,0.34274232417854306,966,0.003,0.0019642973133436794
20190228,0.3475026342365784,965,0.003,0.0019905389283844483
20190228,0.3522629442946137,965,0.003,0.0019905389283844483
20190228,0.35702325435264903,965,0.003,0.0019905389283844483
20190228,0.3617835644106844,965,0.003,0.0019905389283844483
20190228,0.36654387446871967,965,0.003,0.0019905389283844483
20190228,0.371304184526755,964,0.003,0.002014384238854036
20190228,0.37606449458479035,964,0.003,0.002014384238854036
20190228,0.38082480464282564,964,0.003,0.002015836671686893
20190228,0.385585114700861,964,0.003,0.002015836671686893
20190228,0.39034542475889633,964,0.003,0.002114838723126928
20190228,0.3951057348169316,964,0.003,0.002114838723126928
20190228,0.3998660448749669,964,0.003,0.002114838723126928
20190228,0.40462635493300225,964,0.003,0.002114838723126928
20190228,0.40938666499103754,964,0.003,0.002114838723126928
20190228,0.4141469750490729,964,0.003,0.002114838723126928
20190228,0.4189072851071082,963,0.003,0.0021780216712442156
20190228,0.4236675951651435,961,0.003,0.002452217521849727
20190228,0.42842790522317886,961,0.003,0.002452217521849727
20190228,0.43318821528121415,961,0.003,0.002452217521849727
20190228,0.4379485253392495,961,0.003,0.002452217521849727
20190228,0.44270883539728484,961,0.003,0.002452217521849727
20190228,0.4474691454553201,960,0.003,0.002476791907861368
20190228,0.45222945551335547,959,0.003,0.002529539595497866
20190228,0.45698976557139076,958,0.003,0.002547257985896817
20190228,0.46175007562942605,957,0.003,0.002542498196788379
20190228,0.4665103856874614,957,0.003,0.002542498196788379
20190228,0.47127069574549674,957,0.003,0.002542498196788379
20190228,0.476031005803532,957,0.003,0.002542498196788379
20190228,0.48079131586156737,956,0.003,0.0025572936343102263
20190228,0.4855516259196027,956,0.003,0.0025572936343102263
20190228,0.490311935977638,956,0.003,0.0025572936343102263
20190228,0.49507224603567335,956,0.003,0.0025572936343102263
20190228,0.4998325560937087,956,0.003,0.0025572936343102263
20190228,0.504592866151744,956,0.003,0.0025572936343102263
20190228,0.5093531762097793,956,0.003,0.0025572936343102263
20190228,0.5141134862678146,956,0.003,0.0025572936343102263
20190228,0.51887379632585,956,0.003,0.0025572936343102263
20190228,0.5236341063838853,956,0.003,0.0025572936343102263
20190228,0.5283944164419206,954,0.003,0.0025968662795677624
20190228,0.533154726499956,954,0.003,0.0025968662795677624
20190228,0.5379150365579912,954,0.003,0.0025968662795677624
20190228,0.5426753466160266,954,0.003,0.0025968662795677624
20190228,0.5474356566740619,954,0.0029999999999999996,0.0025976999484688536
20190228,0.5521959667320971,954,0.0029999999999999996,0.0025976999484688536
20190228,0.5569562767901325,954,0.0029999999999999996,0.0025976999484688536
20190228,0.5617165868481678,954,0.0029999999999999996,0.0025976999484688536
20190228,0.5664768969062031,954,0.003,0.002685392303431542
20190228,0.5712372069642384,953,0.003,0.0027337846404737404
20190228,0.5759975170222738,953,0.003,0.0027337846404737404
20190228,0.5807578270803091,953,0.003,0.0027337846404737404
20190228,0.5855181371383444,951,0.003,0.002706924789093705
20190228,0.5902784471963798,951,0.003,0.002706924789093705
20190228,0.595038757254415,951,0.003,0.002706924789093705
20190228,0.5997990673124504,951,0.003,0.002706924789093705
20190228,0.6045593773704857,950,0.003,0.0027228660357353565
20190228,0.609319687428521,950,0.003,0.0027228660357353565
20190228,0.6140799974865564,949,0.003,0.0025787454774124194
20190228,0.6188403075445916,949,0.003,0.0025787454774124194
20190228,0.623600617602627,949,0.003,0.0025787454774124194
20190228,0.6283609276606623,948,0.003,0.0026501370209910343
20190228,0.6331212377186977,948,0.003,0.0026501370209910343
20190228,0.637881547776733,948,0.003,0.0026501370209910343
20190228,0.6426418578347683,948,0.003,0.0026501370209910343
20190228,0.6474021678928036,948,0.003,0.0026501370209910343
20190228,0.6521624779508389,948,0.003,0.0026501370209910343
20190228,0.6569227880088743,948,0.003,0.0026501370209910343
20190228,0.6616830980669096,946,0.003,0.002773563607387143
20190228,0.666443408124945,946,0.003,0.0027882599239597437
20190228,0.6712037181829802,946,0.003,0.0027882599239597437
20190228,0.6759640282410154,945,0.003,0.0028405539033476744
20190228,0.6807243382990508,945,0.003,0.0028405539033476744
20190228,0.6854846483570861,945,0.003,0.0028405539033476744
20190228,0.6902449584151215,944,0.003,0.002878410666484474
20190228,0.6950052684731568,944,0.003,0.0027152523441939047
20190228,0.6997655785311921,944,0.003,0.0027152523441939047
20190228,0.7045258885892274,944,0.003,0.0027152523441939047
20190228,0.7092861986472627,944,0.003,0.0027152523441939047
20190228,0.7140465087052981,944,0.003,0.0027152523441939047
20190228,0.7188068187633334,944,0.003,0.0027152523441939047
20190228,0.7235671288213688,944,0.003,0.0027152523441939047
20190228,0.728327438879404,941,0.003,0.0026219139172921485
20190228,0.7330877489374393,941,0.003,0.0026219139172921485
20190228,0.7378480589954747,941,0.003,0.0026219139172921485
20190228,0.74260836905351,941,0.003,0.0027187942045182717
20190228,0.7473686791115454,941,0.003,0.0027187942045182717
20190228,0.7521289891695807,941,0.003,0.0027187942045182717
20190228,0.7568892992276159,941,0.003,0.0027187942045182717
20190228,0.7616496092856513,941,0.003,0.0027187942045182717
20190228,0.7664099193436866,940,0.003,0.0025961799219649125
20190228,0.771170229401722,940,0.003,0.0025961799219649125
20190228,0.7759305394597573,940,0.003,0.0025961799219649125
20190228,0.7806908495177927,940,0.003,0.0025961799219649125
20190228,0.7854511595758279,940,0.003,0.0025961799219649125
20190228,0.7902114696338632,940,0.003,0.0025961799219649125
20190228,0.7949717796918985,940,0.003,0.0025961799219649125
20190228,0.7997320897499338,940,0.003,0.0025961799219649125
20190228,0.8044923998079692,939,0.003,0.0026601239776822792
20190228,0.8092527098660045,939,0.003,0.0026601239776822792
20190228,0.8140130199240397,939,0.003,0.0026601239776822792
20190228,0.8187733299820751,938,0.003,0.0025383569799274372
20190228,0.8235336400401104,938,0.003,0.0025383569799274372
20190228,0.8282939500981458,938,0.003,0.0025383569799274372
20190228,0.8330542601561811,938,0.003,0.0025383569799274372
20190228,0.8378145702142163,938,0.003,0.0025383569799274372
20190228,0.8425748802722517,938,0.003,0.0025383569799274372
20190228,0.847335190330287,938,0.003,0.0025383569799274372
20190228,0.8520955003883224,938,0.003,0.0025383569799274372
20190228,0.8568558104463577,936,0.004,0.002789837422201507
20190228,0.8616161205043931,936,0.004,0.002789837422201507
20190228,0.8663764305624283,936,0.004,0.002789837422201507
20190228,0.8711367406204636,936,0.004,0.002791252617036354
20190228,0.875897050678499,936,0.004,0.002882443675020395
20190228,0.8806573607365343,936,0.004,0.002882443675020395
20190228,0.8854176707945697,936,0.004,0.002882443675020395
20190228,0.890177980852605,936,0.004,0.002882443675020395
20190228,0.8949382909106403,936,0.004,0.002882443675020395
20190228,0.8996986009686756,935,0.004,0.0029758601938490803
20190228,0.9044589110267109,934,0.004,0.003066580397873544
20190228,0.9092192210847463,934,0.004,0.003066580397873544
20190228,0.9139795311427815,934,0.004,0.0031324398651946814
20190228,0.9187398412008169,934,0.004,0.0031324398651946814
20190228,0.9235001512588521,934,0.004,0.0031324398651946814
20190228,0.9282604613168874,934,0.004,0.0031654436651423084
20190228,0.9330207713749228,934,0.004,0.0031654436651423084
20190228,0.9377810814329581,934,0.004,0.0032295662194384575
20190228,0.9425413914909935,934,0.004,0.0032295662194384575
20190228,0.9473017015490288,934,0.004,0.0032295662194384575
20190228,0.952062011607064,933,0.004,0.0028909346312101544
20190228,0.9568223216650995,933,0.004,0.0029585720349269637
20190228,0.9615826317231347,933,0.004,0.002948786589692839
20190228,0.9663429417811702,933,0.004,0.0029553773152185586
20190228,0.9711032518392054,933,0.004,0.003045441506909439
20190228,0.9758635618972407,931,0.004,0.002509584861220103
20190228,0.980623871955276,930,0.004,0.002709070564773557
20190228,0.9853841820133112,930,0.004,0.0027137376531955596
20190228,0.9901444920713467,930,0.004,0.0029637696380366047
20190228,0.9949048021293819,930,0.004,0.0030802422741986863
20190228,0.9996651121874174,930,0.004,0.003405223568841105
20190228,1.0044254222454525,930,0.004,0.0036966555557453136
20190228,1.009185732303488,930,0.004,0.00402784611978214
20190228,1.0139460423615232,930,0.004,0.00436936510492432
20190228,1.0187063524195585,930,0.003756177768578161,0.004973884720898732
20190228,1.0234666624775939,930,0.003756177768578161,0.006318612214029173
20190228,1.0282269725356292,930,0.003,0.007429345414135122
20190228,1.0329872825936646,930,0.003,0.007908709972456927
20190228,1.0377475926517,930,0.0035230632367887135,0.010692439206282524
20190228,1.0425079027097353,930,0.0035230632367887135,0.014289561064754343
20190228,1.0472682127677706,930,0.0035230632367887135,0.01587460313939647
20190228,1.0520285228258057,929,0.00356820691172122,0.012774692476254103
20190228,1.0567888328838413,929,0.00356820691172122,0.013424276531184609
20190228,1.0615491429418764,929,0.00356820691172122,0.013944276096671373
20190228,1.066309452999912,929,0.00356820691172122,0.013943785064344103
20190228,1.071069763057947,929,0.00356820691172122,0.014283612603017587
20190228,1.0758300731159824,929,0.00356820691172122,0.014479420568621892
20190228,1.0805903831740178,929,0.00356820691172122,0.014668056256657094
20190228,1.0853506932320531,929,0.00356820691172122,0.014884906032861526
20190228,1.0901110032900885,929,0.0036779350636891627,0.015285013721269773
20190228,1.0948713133481238,929,0.0036779350636891627,0.01568811110040971
20190228,1.099631623406159,929,0.0036779350636891627,0.015538154394416664
20190228,1.1043919334641943,929,0.0036779350636891627,0.015505705459341669
20190228,1.1091522435222296,929,0.0036779350636891627,0.01570859411594751
20190228,1.113912553580265,929,0.0036779350636891627,0.015640565497026398
20190228,1.1186728636383003,929,0.0036779350636891627,0.01591663746860359
20190228,1.1234331736963357,929,0.0036779350636891627,0.015949327853234965
20190228,1.128193483754371,929,0.0036779350636891627,0.016015059014643562
20190228,1.1329537938124061,928,0.0036779350636891627,0.01592334927184613
20190228,1.1377141038704417,928,0.0036779350636891627,0.01590385298065828
20190228,1.1424744139284768,928,0.0036779350636891627,0.01596914852948187
20190228,1.1472347239865124,928,0.0036779350636891627,0.01610784947517098
20190228,1.1519950340445475,928,0.0036779350636891627,0.016321248908962308
20190228,1.1567553441025828,928,0.0036779350636891627,0.016137862710833485
20190228,1.1615156541606182,928,0.0036779350636891627,0.01605077315285094
20190228,1.1662759642186535,928,0.0036779350636891627,0.01605077315285094
20190228,1.1710362742766889,928,0.0036779350636891627,0.01711699914653256
20190228,1.1757965843347242,928,0.0036779350636891627,0.01722712019828455
20190228,1.1805568943927596,928,0.0036779350636891627,0.017253522658787435
20190228,1.185317204450795,928,0.0036779350636891627,0.017253522658787435
20190228,1.19007751450883,928,0.0036779350636891627,0.017656893125325725
20190228,1.1948378245668656,928,0.0036779350636891627,0.017656893125325725
20190228,1.1995981346249007,928,0.0036779350636891627,0.017829013811777795
20190228,1.2043584446829363,928,0.0036779350636891627,0.017874937057360707
20190228,1.2091187547409714,928,0.0036779350636891627,0.017851640081796665
20190228,1.2138790647990068,928,0.0036779350636891627,0.017792838455782643
20190228,1.218639374857042,928,0.0036779350636891627,0.017933080459935094
20190228,1.2233996849150772,928,0.0036779350636891627,0.01784036723588425
20190228,1.2281599949731128,928,0.0036779350636891627,0.018116103799186337
20190228,1.232920305031148,928,0.0036779350636891627,0.01817000182097659
20190228,1.2376806150891833,928,0.0036779350636891627,0.018069155860547553
20190228,1.2424409251472186,928,0.0036779350636891627,0.01817877108067819
20190228,1.247201235205254,928,0.0036779350636891627,0.018107360666973903
20190228,1.2519615452632893,928,0.004046254092345538,0.01886305009075153
20190228,1.2567218553213246,928,0.004046254092345538,0.018917622410156296
20190228,1.26148216537936,928,0.004184133597895516,0.019273943993087645
20190228,1.2662424754373953,928,0.004184133597895516,0.01970419108546947
20190228,1.2710027854954304,927,0.004184133597895516,0.020210032022718587
20190228,1.275763095553466,927,0.004184133597895516,0.020340165092266143
20190228,1.2805234056115011,927,0.004184133597895516,0.021293612873277776
20190228,1.2852837156695367,927,0.004055655067590623,0.0214796517703645
20190228,1.2900440257275718,927,0.004055655067590623,0.021622276930962116
20190228,1.2948043357856072,927,0.004055655067590623,0.021929493582248008
20190228,1.2995646458436425,927,0.004055655067590623,0.022197842763688812
20190228,1.3043249559016779,927,0.004055655067590623,0.02234048220584397
20190228,1.3090852659597132,927,0.004691392649395105,0.023158998616375763
20190228,1.3138455760177485,927,0.004691392649395106,0.023092216642935804
20190228,1.3186058860757837,927,0.004691392649395106,0.023296033548472123
20190228,1.3233661961338192,926,0.0048481709698203505,0.024120754234921715
20190228,1.3281265061918544,926,0.006134987231172715,0.02571962729872531
20190228,1.33288681624989,926,0.006134987231172715,0.025885354120750624
20190228,1.337647126307925,926,0.006134987231172715,0.025859627704890604
20190228,1.3424074363659604,926,0.006134987231172715,0.025570471616468436
20190228,1.3471677464239957,926,0.006134987231172715,0.025525791584964274
20190228,1.3519280564820308,925,0.006134987231172715,0.02396156342703554
20190228,1.3566883665400664,925,0.006134987231172715,0.023122394927033253
20190228,1.3614486765981015,925,0.006134987231172715,0.02345393268599808
20190228,1.366208986656137,925,0.006134987231172715,0.023426929753144646
20190228,1.3709692967141722,925,0.006134987231172715,0.02368979271519409
20190228,1.3757296067722076,925,0.006134987231172715,0.023770127441910243
20190228,1.380489916830243,925,0.006134987231172715,0.02379961373091056
20190228,1.3852502268882783,925,0.006134987231172715,0.023896179445338124
20190228,1.3900105369463136,925,0.006290424901881576,0.024046530897255076
20190228,1.394770847004349,925,0.006290424901881576,0.02401917060272618
20190228,1.3995311570623843,925,0.006290424901881576,0.024174228243977212
20190228,1.4042914671204196,925,0.004691392649395106,0.023182265331465654
20190228,1.4090517771784548,925,0.004691392649395106,0.02355240245322592
20190228,1.4138120872364903,925,0.004055655067590623,0.02304597902152039
20190228,1.4185723972945254,925,0.004055655067590623,0.023092305395347613
20190228,1.423332707352561,925,0.004055655067590623,0.023093871317203137
20190228,1.4280930174105961,925,0.004055655067590623,0.02325497445922502
20190228,1.4328533274686315,925,0.004055655067590623,0.023414825665020633
20190228,1.4376136375266668,925,0.004824857939049393,0.024023310631287924
20190228,1.4423739475847022,925,0.004824857939049393,0.024786262939274717
20190228,1.4471342576427375,924,0.004824857939049393,0.025386266206516593
20190228,1.4518945677007729,924,0.004824857939049393,0.025242328776858454
20190228,1.456654877758808,924,0.005114626355827866,0.026531975437469386
20190228,1.4614151878168435,923,0.005114626355827866,0.023407065915219273
20190228,1.4661754978748787,923,0.005114626355827866,0.02385768919367599
20190228,1.470935807932914,923,0.005114626355827866,0.024168227129185104
20190228,1.4756961179909494,923,0.005114626355827866,0.02411923322181304
20190228,1.4804564280489847,923,0.005114626355827866,0.023950241785566026
20190228,1.48521673810702,923,0.004824857939049393,0.023523987794419648
20190228,1.4899770481650552,923,0.005770124311547417,0.02403015812228018
20190228,1.4947373582230907,923,0.005770124311547417,0.02440097769019412
20190228,1.4994976682811259,923,0.005770124311547417,0.025237593814422147
20190228,1.5042579783391614,923,0.005770124311547417,0.02561259355841226
20190228,1.5090182883971965,923,0.005625952483220748,0.026017623032446525
20190228,1.5137785984552319,923,0.005625952483220748,0.026107337409358777
20190228,1.5185389085132672,923,0.006245428489547396,0.027624157617540782
20190228,1.5232992185713026,921,0.0074373080819147295,0.024783975768036863
20190228,1.528059528629338,921,0.0074373080819147295,0.024221581579496453
20190228,1.5328198386873733,921,0.0074373080819147295,0.024888373331930926
20190228,1.5375801487454086,921,0.0074373080819147295,0.0253768979373033
20190228,1.542340458803444,921,0.0074373080819147295,0.025299395076571488
20190228,1.547100768861479,921,0.0074373080819147295,0.0260053038162252
20190228,1.5518610789195146,921,0.0074373080819147295,0.028473596446344066
20190228,1.5566213889775498,920,0.008489745125407414,0.030500831598414616
20190228,1.5613816990355853,920,0.00882935550651711,0.03406498744734013
20190228,1.5661420090936204,920,0.00882935550651711,0.03497687455870225
20190228,1.5709023191516558,920,0.007886972144032122,0.034552704544750415
20190228,1.5756626292096911,920,0.007886972144032122,0.03487712913928466
20190228,1.5804229392677265,920,0.007886972144032122,0.03434925173313143
20190228,1.5851832493257618,920,0.007886972144032122,0.03451090866208238
20190228,1.589943559383797,920,0.008270498870171028,0.03439235385964735
20190228,1.5947038694418323,920,0.008270498870171028,0.035300940555097575
20190228,1.5994641794998676,920,0.008270498870171028,0.03614803874693768
20190228,1.604224489557903,920,0.007642599510184933,0.034182044323633254
20190228,1.6089847996159383,920,0.007642599510184933,0.0343239652060133
20190228,1.6137451096739737,919,0.007642599510184933,0.03503426794439868
20190228,1.618505419732009,919,0.007642599510184933,0.03509075033352742
20190228,1.6232657297900444,919,0.009272996512430135,0.03830710001712761
20190228,1.6280260398480795,918,0.009272996512430135,0.03896027886952851
20190228,1.632786349906115,917,0.009272996512430135,0.03961201837711097
20190228,1.6375466599641502,917,0.013853822248421787,0.047728569419920194
20190228,1.6423069700221857,917,0.010160566444280702,0.0446240510008917
20190228,1.6470672800802209,917,0.010160566444280702,0.044398669656960536
20190228,1.6518275901382562,917,0.007642599510184933,0.042645872330131236
20190228,1.6565879001962915,917,0.007642599510184933,0.04236428989078145
20190228,1.6613482102543269,916,0.010344254929566707,0.046828096032068174
20190228,1.6661085203123622,916,0.010344254929566707,0.04987661292244832
20190228,1.6708688303703976,915,0.010344254929566707,0.04893622960607748
20190228,1.6756291404284327,915,0.010344254929566707,0.05036656159904105
20190228,1.6803894504864683,915,0.010344254929566707,0.05208689886662871
20190228,1.6851497605445034,915,0.012485710243538554,0.05880271037932673
20190228,1.689910070602539,915,0.012485710243538554,0.05883382637412084
20190228,1.694670380660574,915,0.012485710243538554,0.05874632775016016
20190228,1.6994306907186096,914,0.014603573902616941,0.06737860119325965
20190228,1.7041910007766448,914,0.012096251713619518,0.06115306034632235
20190228,1.7089513108346799,913,0.010199216227387257,0.053440825740737184
20190228,1.7137116208927154,913,0.011087891832550678,0.05690186712657289
20190228,1.7184719309507506,913,0.011262418469847714,0.05731879180463681
20190228,1.7232322410087861,913,0.011262418469847714,0.05931675831700518
20190228,1.7279925510668213,912,0.015605189553429866,0.06082731728534545
20190228,1.7327528611248566,912,0.010873000729929798,0.05372293910393858
20190228,1.737513171182892,912,0.010873000729929798,0.05399961333098348
20190228,1.7422734812409273,912,0.010965557800722914,0.05573874151695395
20190228,1.7470337912989626,912,0.010965557800722914,0.053646779165085166
20190228,1.751794101356998,912,0.010719464000379115,0.04835782137622693
20190228,1.7565544114150333,912,0.010719464000379115,0.052584644038929255
20190228,1.7613147214730687,911,0.015224512092441696,0.06487300451777016
20190228,1.7660750315311038,911,0.01823625837954622,0.07508051164736614
20190228,1.7708353415891394,911,0.01823625837954622,0.07832641077616086
20190228,1.7755956516471745,911,0.015304186373710386,0.07131542794113169
20190228,1.78035596170521,911,0.01370295229237751,0.06424535805634025
20190228,1.7851162717632452,911,0.01570102477498837,0.06758119397707135
20190228,1.7898765818212805,911,0.013009893415769191,0.06564908771076361
20190228,1.7946368918793159,910,0.016925285258299453,0.04116706071586751
20190228,1.7993972019373512,909,0.016111818966558885,0.03514009262698488
20190228,1.8041575119953865,909,0.01264919296909421,0.03370928694859384
20190228,1.8089178220534219,909,0.010169306584665742,0.029208918307234426
20190228,1.813678132111457,908,0.010977850597776166,0.018820545359143424
20190228,1.8184384421694926,907,0.021164345949554686,0.04960520121740387
20190228,1.8231987522275277,907,0.013792576712165145,0.03155164660870587
20190228,1.827959062285563,907,0.012626461379745348,0.020426740169324328
20190228,1.8327193723435984,905,0.015871542852744135,0.01868028293232461
20190228,1.8374796824016337,905,0.014465172414604844,0.013593870729542216
20190228,1.842239992459669,904,0.015420697352309111,0.0198668285464545
20190228,1.8470003025177042,903,0.014924633375784901,0.03411133931747407
20190228,1.8517606125757398,901,0.02330513833840849,0.04384145260568311
20190228,1.8565209226337749,900,0.019435173844963984,0.022224847416591843
20190228,1.8612812326918104,899,0.02301369605403002,0.019212332253540666
20190228,1.8660415427498456,899,0.015019784472634192,0.0006140482507343689
20190228,1.870801852807881,898,0.03247564033728323,0.02762455898728648
20190228,1.8755621628659163,898,0.01746387897972342,0.012730392499909838
20190228,1.8803224729239516,898,0.01548615031426129,0.01295434259639244
20190228,1.885082782981987,898,0.023157702277255172,0.02094956766136571
20190228,1.8898430930400223,896,0.022919079958665257,0.006207872143598134
20190228,1.8946034030980576,896,0.027876148964439705,0.0005146811407855355
20190228,1.899363713156093,895,0.02635932657388451,0.016086776560685155
20190228,1.904124023214128,893,0.020535614715014482,0.018271466725995538
20190228,1.9088843332721634,891,0.024527657236365498,0.0035358732095666446
20190228,1.913644643330199,891,0.017792362210569162,0.013734390667822128
20190228,1.9184049533882344,891,0.02536466760971437,0.022037367842244162
20190228,1.9231652634462695,890,0.027522044343176552,0.030669193191148744
20190228,1.9279255735043046,888,0.03609423716785773,0.03304335303990637
20190228,1.9326858835623404,888,0.04131961362297979,0.05568187845480211
20190228,1.9374461936203755,887,0.047558707081173476,0.10186516287740051
20190228,1.9422065036784109,886,0.022979849523385637,0.023254868471135927
20190228,1.946966813736446,886,0.02672592505748969,0.009791534999966517
20190228,1.9517271237944813,885,0.04394893643113584,0.07319965516874123
20190228,1.9564874338525169,885,0.034415615096267005,0.02249079282889893
20190228,1.961247743910552,883,0.04209701015300542,0.05887716024340113
20190228,1.9660080539685874,881,0.03842381933402233,0.0005467706097974402
20190228,1.9707683640266225,880,0.025005432213353676,0.0911220213695386
20190228,1.9755286740846583,879,0.045675772968384376,0.02028661826129683
20190228,1.9802889841426934,877,0.03638095998677443,0.0384914216014299
20190228,1.9850492942007285,877,0.03788366553913745,0.026711733247290412
20190228,1.9898096042587639,873,0.05236866207006244,0.04694513221123965
20190228,1.9945699143167994,870,0.04760099102489195,0.06762613407628128
20190228,1.9993302243748348,866,0.04903492712817607,0.11177606320431695
20190228,2.00409053443287,864,0.11351368496213926,0.7846036017584677
20190228,2.008850844490905,864,0.04333982918097072,0.2346765683129106
20190228,2.013611154548941,862,0.14080336902649782,1.3509726464657486
20190228,2.018371464606976,862,0.05490954624006795,0.32713408547605494
20190228,2.023131774665011,860,0.06067684063688818,0.40533520120246636
20190228,2.0278920847230464,858,0.12053597375495548,1.1748075181257838
20190228,2.032652394781082,856,0.1076505506649732,1.3282007372262177
20190228,2.037412704839117,855,0.16811316424852374,2.1333724315595837
20190228,2.0421730148971524,855,0.12300893696605704,1.2935135410136156
20190228,2.0469333249551878,855,0.08578384694787514,0.9365253968747016
20190228,2.0516936350132235,854,0.14139371298856507,1.6612399629230945
20190228,2.0564539450712584,854,0.0663817496459093,1.0248822756529905
20190228,2.061214255129294,852,0.19403210719385677,2.9523375325865207
20190228,2.065974565187329,852,0.1336929216975092,1.6165178434009528
20190228,2.0707348752453645,852,0.09302084422819962,1.1403637511239024
20190228,2.0754951853034,850,0.10925514842556104,1.698418981990718
20190228,2.080255495361435,850,0.09718568676544122,1.2960010741005814
20190228,2.0850158054194705,850,0.07442422234338418,1.0365755993608754
20190228,2.0897761154775054,849,0.14738444761004443,1.9778411910671763
20190228,2.094536425535541,847,0.11143148935216578,1.6698504961842793
20190228,2.0992967355935765,847,0.16326419269601758,2.4881518236028586
20190228,2.1040570456516114,847,0.1076873333071484,1.7969376339076406
20190228,2.108817355709647,846,0.18544032209336084,3.091049891358512
20190228,2.1135776657676826,845,0.21714321744331547,4.033723679574388
20190228,2.1183379758257175,844,0.2134653040050661,3.9316997389862722
20190228,2.123098285883753,844,0.135379976296143,2.4631590634957274
20190228,2.127858595941788,844,0.135379976296143,2.4631893790157373
20190228,2.132618905999824,842,0.2216974708200455,4.231127544976786
20190228,2.137379216057859,842,0.2216974708200455,4.231127544976786
20190228,2.142139526115894,842,0.2216974708200455,4.231127544976786
20190228,2.1468998361739295,842,0.2216974708200455,4.231127544976786
20190228,2.151660146231965,842,0.2216974708200455,4.2311754879344186
20190228,2.1564204562900002,842,0.2216974708200455,4.2311754879344186
20190228,2.1611807663480356,842,0.12142509510863271,2.491096549973305
20190228,2.165941076406071,841,0.2247007952937285,4.385190936901145
20190228,2.1707013864641063,841,0.22470079529372852,4.3851286822767115
20190228,2.1754616965221416,841,0.22470079529372852,4.3851286822767115
20190228,2.180222006580177,841,0.22470079529372852,4.3851286822767115
20190228,2.184982316638212,841,0.22470079529372852,4.3851286822767115
20190228,2.1897426266962476,841,0.22470079529372852,4.3851286822767115
20190228,2.194502936754283,840,0.22648304279562004,4.4379593027163855
20190228,2.199263246812318,840,0.22648304279562004,4.4379593027163855
20190228,2.2040235568703532,840,0.22648304279562004,4.438011270333881
20190228,2.2087838669283886,840,0.22648304279562004,4.438011270333881
20190228,2.2135441769864244,840,0.22648304279562,4.437828956844393
20190228,2.2183044870444593,840,0.22648304279562,4.437828956844393
20190228,2.2230647971024946,840,0.22648304279562,4.43783497026895
20190228,2.22782510716053,840,0.13592847406855058,2.2702798839255456
20190228,2.2325854172185653,837,0.23073069235275384,4.586807881134197
20190228,2.2373457272766006,837,0.23073069235275384,4.586807881134197
20190228,2.242106037334636,836,0.23172059011934973,4.6278005247928995
20190228,2.2468663473926713,836,0.23172059011934973,4.6278005247928995
20190228,2.2516266574507067,835,0.16915281325852458,3.0809367625904076
20190228,2.256386967508742,834,0.23453599681380569,4.751344554157048
20190228,2.2611472775667774,834,0.23453599681380569,4.751419573351484
20190228,2.2659075876248123,833,0.23657049271243463,4.829120560399862
20190228,2.270667897682848,833,0.23657049271243463,4.829215271777974
20190228,2.2754282077408834,833,0.2365704927124346,4.828810254902222
20190228,2.2801885177989183,833,0.2365704927124346,4.828810254902222
20190228,2.2849488278569536,833,0.2365704927124346,4.828810254902222
20190228,2.2897091379149894,832,0.2389826720930588,4.93683242634697
20190228,2.2944694479730248,832,0.12700453868619202,2.8908744195146667
20190228,2.2992297580310597,830,0.24132377036611355,5.046122565389015
20190228,2.303990068089095,829,0.24206727652788587,5.083326744463594
20190228,2.308750378147131,828,0.2428085108340194,5.114755725098312
20190228,2.3135106882051657,828,0.2428085108340194,5.114755725098312
20190228,2.318270998263201,828,0.2428085108340194,5.114755725098312
20190228,2.3230313083212364,828,0.2428085108340194,5.114755725098312
20190228,2.3277916183792717,828,0.2428085108340194,5.114755725098312
20190228,2.332551928437307,828,0.2428085108340194,5.114760969587035
20190228,2.3373122384953424,828,0.2428085108340194,5.114724773046278
20190228,2.3420725485533778,828,0.2428085108340194,5.114724773046278
20190228,2.3468328586114127,827,0.19017670622755722,3.659420964540262
20190228,2.3515931686694485,826,0.24568228564815342,5.306735215276975
20190228,2.356353478727484,826,0.24568228564815342,5.306735215276975
20190228,2.361113788785519,825,0.24889011137613104,5.428624199227429
20190228,2.365874098843554,825,0.248890111376131,5.4286247924848885
20190228,2.37063440890159,825,0.248890111376131,5.4286247924848885
20190228,2.375394718959625,825,0.248890111376131,5.4286247924848885
20190228,2.38015502901766,825,0.1714667475767467,3.481533962844882
20190228,2.3849153390756954,824,0.24983877852875333,5.474331442089608
20190228,2.389675649133731,824,0.24983877852875333,5.474331442089608
20190228,2.394435959191766,824,0.24983877852875333,5.474256772357479
20190228,2.3991962692498014,822,0.21346909448079737,4.380378014464137
20190228,2.403956579307837,821,0.2537573237988487,5.704838142403877
20190228,2.4087168893658726,821,0.2537573237988487,5.7047565421657795
20190228,2.4134771994239075,821,0.2537573237988487,5.7047565421657795
20190228,2.418237509481943,821,0.12161612964787406,2.7368032184202464
20190228,2.422997819539978,819,0.2558660293256707,5.879312395052
20190228,2.4277581295980135,819,0.12928042145145704,3.095206419484478
20190228,2.432518439656049,817,0.25840927773095745,6.086194140482911
20190228,2.437278749714084,817,0.25840927773095745,6.086382710635462
20190228,2.4420390597721195,817,0.2584092777309575,6.086397338988747
20190228,2.4467993698301544,816,0.23033349607574374,5.265844274311486
20190228,2.4515596798881902,815,0.26028129092507934,6.265459219841789
20190228,2.4563199899462256,814,0.1907514140180332,4.396173516453763
20190228,2.4610803000042605,813,0.2626853016369363,6.406465902079208
20190228,2.465840610062296,812,0.2641530974217918,6.474023099570682
20190228,2.4706009201203316,812,0.2641530974217918,6.474023099570682
20190228,2.4753612301783665,812,0.22081971602928258,5.054017731676855
20190228,2.480121540236402,811,0.2654878563618117,6.53580880071784
20190228,2.484881850294437,810,0.24412708285783102,5.770308974667004
20190228,2.489642160352473,809,0.2723798827471255,6.821318316757636
20190228,2.494402470410508,809,0.2723798827471255,6.821318316757636
20190228,2.4991627804685432,809,0.27237988274712555,6.821221185275823
20190228,2.5039230905265786,808,0.27346232298785783,6.864751392080339
20190228,2.508683400584614,808,0.1557248505758604,4.234527708012959
20190228,2.5134437106426493,807,0.27446232298785783,6.916935174449863
20190228,2.5182040207006846,807,0.27446232298785783,6.916935174449863
20190228,2.52296433075872,807,0.27446232298785783,6.917041361965015
20190228,2.5277246408167553,806,0.1900967873293432,4.661221802206236
20190228,2.5324849508747906,805,0.2785481387033743,7.105994036730961
20190228,2.537245260932826,805,0.2785481387033743,7.1064339644362615
20190228,2.542005570990861,805,0.2785481387033743,7.1064339644362615
20190228,2.5467658810488967,805,0.2785481387033743,7.1064339644362615
20190228,2.551526191106932,805,0.2785481387033743,7.1064339644362615
20190228,2.556286501164967,805,0.2785481387033743,7.1064339644362615
20190228,2.5610468112230023,805,0.19624674511693513,4.814757062808852
20190228,2.5658071212810376,804,0.28092356004204716,7.242212096504803
20190228,2.5705674313390734,803,0.2818878167002704,7.287037031194662
20190228,2.5753277413971083,803,0.13753872822443453,3.6733049451241184
20190228,2.5800880514551436,801,0.2846418130178282,7.413945958373776
20190228,2.584848361513179,801,0.2846418130178282,7.413945958373776
20190228,2.5896086715712143,801,0.2846418130178282,7.413945958373776
20190228,2.5943689816292497,801,0.23558422523497233,5.785453668407079
20190228,2.599129291687285,800,0.2876853356573936,7.616263302168241
20190228,2.6038896017453204,800,0.2876853356573937,7.616270975272143
20190228,2.6086499118033557,800,0.2876853356573937,7.616270975272143
20190228,2.613410221861391,800,0.2876853356573937,7.616270975272143
20190228,2.6181705319194264,800,0.2876853356573937,7.616267863831827
20190228,2.6229308419774613,800,0.2876853356573937,7.616267863831827
20190228,2.627691152035497,800,0.2876853356573937,7.616267863831827
20190228,2.6324514620935324,800,0.2876853356573937,7.616267863831827
20190228,2.6372117721515673,800,0.2876853356573936,7.617529808495291
20190228,2.6419720822096027,800,0.2876853356573936,7.617529808495291
20190228,2.6467323922676385,800,0.2876853356573937,7.617816384802058
20190228,2.651492702325674,799,0.29404391566165994,7.930648160346758
20190228,2.6562530123837087,799,0.29404391566165994,7.930648160346758
20190228,2.661013322441744,799,0.29404391566165994,7.930648160346758
20190228,2.66577363249978,799,0.2940439156616599,7.9305996462933015
20190228,2.6705339425578147,799,0.14761330056648592,4.8600185854270155
20190228,2.67529425261585,798,0.29459750664226314,7.985443709909353
20190228,2.6800545626738854,798,0.29459750664226314,7.985443709909353
20190228,2.6848148727319208,798,0.29459750664226314,7.985443709909353
20190228,2.689575182789956,798,0.29459750664226314,7.985443709909353
20190228,2.6943354928479915,798,0.29459750664226314,7.985443709909353
20190228,2.699095802906027,798,0.29459750664226314,7.985443709909353
20190228,2.7038561129640617,798,0.29459750664226314,7.985443709909353
20190228,2.7086164230220975,797,0.2978124882326402,8.142102493166043
20190228,2.713376733080133,797,0.2978124882326402,8.142102493166043
20190228,2.718137043138168,797,0.2978124882326402,8.142102493166043
20190228,2.722897353196203,797,0.2978124882326402,8.142102493166043
20190228,2.727657663254239,797,0.29781248823264034,8.142095679683004
20190228,2.732417973312274,797,0.29781248823264034,8.142095679683004
20190228,2.737178283370309,797,0.29781248823264034,8.142095679683004
20190228,2.7419385934283445,797,0.29781248823264034,8.142095679683004
20190228,2.7466989034863802,797,0.29781248823264034,8.142095679683004
20190228,2.751459213544415,797,0.29781248823264034,8.142095679683004
20190228,2.7562195236024505,797,0.2429394681228075,6.215620883132999
20190228,2.760979833660486,796,0.2992411001841111,8.229207194112126
20190228,2.7657401437185216,796,0.2992411001841111,8.22933773674869
20190228,2.7705004537765565,796,0.2992411001841111,8.22933773674869
20190228,2.775260763834592,796,0.2992411001841111,8.22933773674869
20190228,2.780021073892627,796,0.2992411001841111,8.22933773674869
20190228,2.7847813839506625,796,0.2992411001841111,8.22933773674869
20190228,2.789541694008698,796,0.2992411001841111,8.22933773674869
20190228,2.7943020040667332,796,0.2992411001841111,8.22933773674869
20190228,2.7990623141247686,796,0.2992411001841111,8.229353283721789
20190228,2.8038226241828035,796,0.2992411001841111,8.229353283721789
20190228,2.8085829342408393,796,0.2992411001841111,8.229353283721789
20190228,2.8133432442988746,796,0.2992411001841111,8.229353283721789
20190228,2.8181035543569095,796,0.2992411001841111,8.229353283721789
20190228,2.822863864414945,796,0.2992411001841111,8.229353283721789
20190228,2.8276241744729806,796,0.2992411001841111,8.229353283721789
20190228,2.8323844845310155,796,0.2992411001841111,8.229353283721789
20190228,2.837144794589051,796,0.2992411001841111,8.229353283721789
20190228,2.8419051046470862,796,0.15168354420379507,5.094342178691489
20190228,2.846665414705122,795,0.30100305149782697,8.318814816651678
20190228,2.851425724763157,795,0.2287617421110338,5.960823896233851
20190228,2.8561860348211923,794,0.3028385986797656,8.435927243781718
20190228,2.8609463448792276,794,0.3028385986797656,8.435927243781718
20190228,2.865706654937263,794,0.3028385986797656,8.435935201284254
20190228,2.8704669649952983,794,0.3028385986797656,8.436018791806214
20190228,2.8752272750533336,794,0.3028385986797656,8.436018791806214
20190228,2.879987585111369,794,0.3028385986797656,8.436018791806214
20190228,2.8847478951694043,794,0.3028385986797656,8.436018791806214
20190228,2.8895082052274397,794,0.3028385986797656,8.436018791806214
20190228,2.894268515285475,794,0.3028385986797656,8.436018791806214
20190228,2.89902882534351,794,0.3028385986797656,8.436018791806214
20190228,2.9037891354015457,794,0.3028385986797656,8.436091183285193
20190228,2.908549445459581,794,0.3028385986797656,8.436091183285193
20190228,2.913309755517616,794,0.3028385986797656,8.436091183285193
20190228,2.9180700655756513,794,0.3028385986797656,8.436091183285193
20190228,2.922830375633687,794,0.3028385986797656,8.436091183285193
20190228,2.9275906856917224,793,0.30429243333153955,8.493192685359308
20190228,2.9323509957497573,793,0.30429243333153955,8.493192685359308
20190228,2.9371113058077927,793,0.30429243333153955,8.493192685359308
20190228,2.941871615865828,793,0.30429243333153955,8.493192685359308
20190228,2.9466319259238634,793,0.30429243333153955,8.493192685359308
20190228,2.9513922359818987,793,0.30429243333153955,8.493192685359308
20190228,2.956152546039934,792,0.3061392123994718,8.549152144040006
20190228,2.9609128560979694,792,0.3061392123994718,8.549152144040006
20190228,2.9656731661560047,792,0.3061392123994718,8.549152144040006
20190228,2.97043347621404,791,0.30793016400048917,8.589836544243896
20190228,2.9751937862720754,791,0.30793016400048917,8.589812195154305
20190228,2.9799540963301103,791,0.30793016400048917,8.589812195154305
20190228,2.984714406388146,791,0.30793016400048917,8.589812195154305
20190228,2.9894747164461815,791,0.30793016400048917,8.589812195154305
20190228,2.9942350265042164,791,0.30793016400048917,8.589812195154305
20190228,2.9989953365622517,791,0.30793016400048917,8.589897986306585
