step,t_over_tff,m_big_over_mbar,mass_ratio_q,split_f,old_contact_sep,new_contact_sep,placement_ratio,placement_ratio_closed_form,u,u_prime,speed_ratio,speed_ratio_closed_form,t_cm_over_ebind_big,t_cm_over_ebind_pair
260,0.06188403075445917,1.0,1.0,0.3221469500206072,0.01,0.00985230631886421,0.9852306318864209,0.9852306318864209,1.6988293965036365,1.8177116158368807,1.0699789040488208,1.0699789040488208,0.09008798835772465,0.02837593821864539
549,0.13067051109306957,1.0,1.0,0.12330882472511101,0.01,0.009164768136261641,0.9164768136261641,0.9164768136261641,1.963776533627854,2.986356656526158,1.520721225346961,1.5207212253469613,0.12037920938252383,0.03791707496768605
718,0.170895131083468,1.0,1.0,0.3812010229890028,0.01,0.009935919284750138,0.9935919284750138,0.9935919284750138,2.027539980306243,2.0873131480176204,1.029480635791137,1.0294806357911372,0.12832350338112267,0.0404193707765331
796,0.18946034030980577,1.0,1.0,0.39659688496558665,0.01,0.009951707437271185,0.9951707437271184,0.9951707437271184,2.1112110398831248,2.1578598241820153,1.0220957466675018,1.0220957466675018,0.1391331606417534,0.0438241994577375
985,0.23444527035823953,1.0,1.0,0.3469796603789022,0.01,0.00989211636291538,0.989211636291538,0.9892116362915379,2.074992652886931,2.1795719223844436,1.050399826405174,1.0503998264051737,0.13440037520573198,0.04233346545886768
1168,0.2780021073892627,1.0,1.5520867106394016,0.3595942754404091,0.00931848429167196,0.009283472279934334,0.9962427353374501,0.9962427353374501,3.2829086443967763,3.3395455717633826,1.0172520570937218,1.0172520570937218,0.26364498771380523,0.11509428952955858
1625,0.38677519221536977,2.0,2.0,0.10703508198928875,0.011299605249474366,0.010368079440437002,0.9175612078058483,0.9175612078058482,2.6575487997405247,4.052235898607428,1.5248020653479915,1.5248020653479912,0.09258740837152109,0.0471049444639919
1731,0.412004835522957,1.0,1.0,0.4532531931829119,0.01,0.009990256115273977,0.9990256115273977,0.9990256115273976,2.6083122922415525,2.619787276520693,1.0043993904845188,1.0043993904845188,0.21236675485167936,0.06689133618387375
3042,0.7240431598271723,1.0,1.0,0.4214562420575091,0.01,0.009972327505544061,0.9972327505544061,0.9972327505544061,1.9504132501604137,1.974932658918414,1.0125713916043093,1.012571391604309,0.11874644914858766,0.03740278772064418
3080,0.7330877489374393,1.0,1.0,0.4922501910148448,0.01,0.009999733044960168,0.9999733044960167,0.9999733044960168,5.643654314049694,5.644332346775353,1.0001201407258362,1.000120140725836,0.9942329759461144,0.31316376372353316
3402,0.809728740871808,1.0,1.0,0.12801222800028703,0.01,0.009193336720831313,0.9193336720831313,0.9193336720831312,3.406609592040052,5.09813631668005,1.4965425825702046,1.4965425825702043,0.3622530780952609,0.11410256962035766
3459,0.8232956245372087,2.0,2.0,0.447491512640115,0.011299605249474366,0.011433057482031425,1.0118103446634357,1.0118103446634354,3.3936124419936533,3.21731888574572,0.9480513584679204,0.9480513584679205,0.15097808710593671,0.0768118962771659
3607,0.8585219189666701,1.0,1.0,0.22053048701628755,0.01,0.009603581768252316,0.9603581768252316,0.9603581768252313,5.383302090845346,6.492095066965045,1.2059689308547765,1.2059689308547765,0.9046172344259393,0.28493657393773153
3653,0.8694706321001513,1.0,1.0,0.4182441163295212,0.01,0.009969994491817166,0.9969994491817166,0.9969994491817167,4.027011642475042,4.08194902780684,1.0136422216296432,1.0136422216296432,0.5062128028828673,0.15944704151960215
3679,0.8756590351755973,2.0,2.0,0.37812056784708126,0.011299605249474366,0.011369846020474762,1.0062162145888824,1.0062162145888824,3.6585761502307563,3.5566210510533165,0.9721325742608885,0.9721325742608886,0.17547434484043864,0.08927465855180661
3708,0.8825614847597485,1.0,1.0,0.4880066981717367,0.01,0.00999936057799878,0.9999360577998779,0.9999360577998779,4.547869528391962,4.549178417864769,1.0002878027754833,1.0002878027754836,0.6456294740022884,0.2033605411820095
3930,0.9354009264039405,2.3557060999587853,2.3557060999587853,0.3848208387828408,0.011652890465205543,0.011811295408316866,1.0135936181314247,1.0135936181314247,5.609211573996586,5.272885716676036,0.9400404401075361,0.9400404401075361,0.33062549387701295,0.18332920425105317
3942,0.9382571124387618,1.0,1.0,0.4591675850206487,0.01,0.009992571466065556,0.9992571466065556,0.9992571466065556,10.449509369770531,10.484529275775964,1.003351344524054,1.003351344524054,3.4084674738229253,1.0735999795378766
3959,0.9423033759880917,1.0,1.0,0.24537354735500574,0.01,0.00967918584068304,0.967918584068304,0.9679185840683041,11.604987820573774,13.484498836153808,1.1619571726088298,1.1619571726088298,4.203942163678541,1.324158806139798
3972,0.9453975775258147,1.0,1.0,0.3738697756295436,0.01,0.009927564421023084,0.9927564421023084,0.9927564421023082,13.003375230408302,13.437967498198867,1.0334214971182463,1.033421497118246,5.2781234574277205,1.662504711989273
3976,0.9463496395374217,1.0,1.0,0.450823119817632,0.01,0.009989212986236604,0.9989212986236603,0.9989212986236602,4.024108910624854,4.043714801151387,1.0048721073315803,1.0048721073315803,0.5054832939699287,0.15921726061072788
3984,0.9482537635606358,1.0,1.0,0.46814989103318105,0.01,0.009995484633230526,0.9995484633230526,0.9995484633230525,9.96092080780169,9.98119182190263,1.0020350542376628,1.0020350542376628,3.097179166120296,0.9755503066727028
3989,0.9494438410751447,1.0,1.0,0.12376728900723313,0.01,0.009167598142094323,0.9167598142094323,0.9167598142094323,4.1151996409645175,6.2481039057422,1.5182990986745357,1.5182990986745357,0.5286267946604155,0.16650700653277808
3994,0.9506339185896535,1.0,1.0,0.21522455365161017,0.01,0.00958593481178018,0.958593481178018,0.9585934811780178,6.715078829296955,8.16963226659192,1.2166100315827941,1.2166100315827937,1.4075686487773147,0.4433563424416556
4002,0.9525380426128676,1.0,1.3373640571989833,0.39857779835863405,0.009538232991566576,0.009516145314710907,0.9976843009732307,0.9976843009732308,12.972584992248759,13.109275991098091,1.010536912953818,1.010536912953818,4.4949414414776765,1.772540556931024
4024,0.9577743836767065,1.0,1.0,0.16985390750981927,0.01,0.00940935414084332,0.9409354140843319,0.9409354140843319,10.690110119723915,14.234333870181315,1.331542305061768,1.3315423050617679,3.5672349338730225,1.1236085957767417
4028,0.9587264456883137,1.0,1.0,0.1069017336918534,0.01,0.00905641097388638,0.9056410973886381,0.9056410973886379,8.579520357138934,13.883245901245862,1.618184388325829,1.618184388325829,2.2977002560203488,0.7237302297272192
4033,0.9599165232028225,1.0,1.0,0.29922588245610704,0.01,0.009809038738619326,0.9809038738619326,0.9809038738619326,5.322725289012273,5.811864118300515,1.0918963130218224,1.0918963130218224,0.8843729679562197,0.2785600295715113
4049,0.9637247712492507,1.0,1.0,0.3636301443022697,0.01,0.009914968961065541,0.9914968961065541,0.9914968961065539,11.682693900493016,12.143063424422525,1.0394061102559644,1.0394061102559644,4.26042917689956,1.3419511003905111
4059,0.9661049262782683,1.0,1.0,0.2877104798294969,0.01,0.009784761822446524,0.9784761822446524,0.9784761822446522,6.730403439303838,7.433699208882737,1.1044953361148948,1.1044953361148946,1.414000458233973,0.4453822354724947
4059,0.9661049262782683,1.0,1.0,0.18102292904281903,0.01,0.009457534113746164,0.9457534113746163,0.9457534113746162,5.9615190325936975,7.7414849500474325,1.2985759011624458,1.298575901162446,1.1093822786554133,0.3494335213145738
4061,0.9665809572840718,1.0,1.0,0.40783600086935856,0.01,0.00996176349332233,0.9961763493322329,0.996176349332233,5.719806132558716,5.819524933232697,1.017433947648392,1.017433947648392,1.0212450690474786,0.32167203989856535
4065,0.9675330192956789,1.0,1.0,0.34791943916730994,0.01,0.009893486216753903,0.9893486216753903,0.9893486216753903,9.355884537062789,9.821207429010025,1.04973585235088,1.0497358523508802,2.7323546051431618,0.860637770699266
4081,0.9713412673421072,1.0,1.0,0.4638546530833294,0.01,0.009994182122589129,0.9994182122589129,0.9994182122589128,17.236237132702975,17.281452237389907,1.002623258448977,1.002623258448977,9.27368361677967,2.9210272997114815
4096,0.9749114998856336,1.0,1.0,0.18387879404905397,0.01,0.009469317716248815,0.9469317716248815,0.9469317716248813,5.829452806799745,7.524101410365525,1.2907045754944722,1.2907045754944726,1.060774169957552,0.33412292647857034
4114,0.9791957789378654,1.0,1.0,0.20211296413591398,0.01,0.009539842103734923,0.9539842103734923,0.9539842103734923,6.758405739116541,8.414851869426,1.245094212193006,1.2450942121930058,1.4257910245845182,0.4490960311563033
4127,0.9822899804755884,1.0,1.0,0.2835206675398471,0.01,0.009775484972798659,0.9775484972798658,0.9775484972798657,16.77703926681853,18.611917994576576,1.1093684468741187,1.1093684468741187,8.78613752008925,2.7674599022078965
4133,0.983718073492999,1.0,1.0,0.20324286911300923,0.01,0.00954395916396827,0.9543959163968271,0.954395916396827,15.318792753757872,19.033730112049827,1.2425084938485533,1.2425084938485533,7.325148542089468,2.3072772104463155
4141,0.985622197516213,2.0,2.0,0.2624443302643995,0.011299605249474366,0.011132374566497533,0.9852003075076794,0.9852003075076794,15.485467661836223,16.592127194414186,1.0714643920832507,1.0714643920832507,3.1436781960654057,1.599383646684638
4145,0.9865742595278203,1.0,1.0,0.22530253624957836,0.01,0.009618983283827815,0.9618983283827814,0.9618983283827816,12.699868399237639,15.199178576663156,1.1967981162368224,1.1967981162368226,5.034609556609137,1.5858026395934366
4151,0.9880023525452307,1.0,1.0,0.2366078068942965,0.01,0.009653773244115874,0.9653773244115874,0.9653773244115875,7.50850039547212,8.833540816906229,1.1764720452346455,1.1764720452346453,1.7598423736806228,0.554315612774294
4158,0.9896684610655432,1.0,1.0,0.38808141257210427,0.01,0.009943266299078667,0.9943266299078667,0.9943266299078665,10.064492447891508,10.326511636496596,1.0260340190984971,1.0260340190984973,3.161921700371225,0.9959429271042741
4163,0.990858538580052,1.0,1.0,0.4454421120529032,0.01,0.00998671209415082,0.998671209415082,0.998671209415082,8.823283601972463,8.87628346814591,1.0060068188402784,1.0060068188402782,2.4301206283873635,0.765440033372249
4164,0.9910965540829536,1.0,1.0,0.3190822060705708,0.01,0.009846895426982336,0.9846895426982336,0.9846895426982335,15.312859802104711,16.425843320170944,1.0726829300633483,1.0726829300633485,7.3194755968523735,2.3054903446665365
4165,0.9913345695858555,1.401548235087786,1.401548235087786,0.38513503208107713,0.010595505847792891,0.010565286430320307,0.9971479023364535,0.9971479023364536,8.549930542248553,8.661216813550189,1.013016043902547,1.013016043902547,1.5173735532776458,0.6184250440298228
4177,0.9941907556206768,1.0530152264448094,1.0530152264448094,0.2512264130495675,0.010086841682966165,0.00978035274739765,0.9696149751129644,0.9696149751129644,13.842319161099606,15.952402786578833,1.1524371458945328,1.1524371458945326,5.62945643763878,1.8501371793981438
4180,0.9949048021293819,1.526784386211407,1.526784386211407,0.4273583931953235,0.010757437616907221,0.010784953100312127,1.0025578101760646,1.0025578101760646,18.53811280519225,18.32519573784358,0.9885146309343292,0.9885146309343292,6.40385859150637,2.7656100345419135
4196,0.9987130501758101,1.0,1.0,0.4082859635813861,0.01,0.009962140703550573,0.9962140703550573,0.9962140703550574,10.810395084134909,10.996979361870778,1.0172597094078177,1.0172597094078175,3.6479635231587535,1.1490365080190943
4198,0.9991890811816139,1.0,1.3750235172592624,0.17704429789509818,0.009496417495604724,0.008990481693159904,0.946723508872795,0.946723508872795,13.896991238792529,17.975406942886625,1.2934747265803457,1.2934747265803452,5.0765772979391075,2.0416189565118255
4203,1.0003791586961226,1.0,1.2701106287856048,0.10338158134288394,0.00961696044905603,0.008699013516682487,0.9045491621561524,0.9045491621561524,18.434664055242177,30.059625614725608,1.63060338526634,1.6306033852663397,9.345892544752543,3.5504085484120527
4210,1.002045267216435,1.7439755439994258,1.7439755439994258,0.4560291204052285,0.0110184335225072,0.011102198467765084,1.007602255355698,1.0076022553556983,13.405221156288654,12.95328224026109,0.9662863513582878,0.9662863513582877,2.8218774782333673,1.3257808559773987
4210,1.002045267216435,1.6602921849803614,1.6602921849803614,0.29821300845184384,0.01092058806782353,0.010785363589652524,0.9876174728566649,0.9876174728566648,13.981447352102409,14.802978417753522,1.058758656737178,1.0587586567371783,3.271768693339392,1.491218332721488
4211,1.0022832827193369,1.0,1.0,0.40325093442413074,0.01,0.009957808763159784,0.9957808763159783,0.9957808763159781,20.009481365168526,20.39493245862844,1.0192634224958417,1.0192634224958415,12.497956787771576,3.93660970939748
4214,1.002997329228042,1.0,1.2246318624674737,0.26301032583540385,0.009673420071346122,0.009419530869155594,0.9737539360104314,0.9737539360104315,20.211071061045878,22.835832670290475,1.1298675167346015,1.1298675167346013,11.463516359964894,4.238675709582511
4223,1.005139468754158,1.30416112166538,1.30416112166538,0.16111532803157563,0.010462780545668827,0.009821897773747952,0.9387464193554003,0.9387464193554002,10.849678116377934,14.62682531174106,1.348134493470493,1.348134493470493,2.6719646861511426,1.0348118391488508
4225,1.0056154997599613,1.0,1.0,0.262751653917042,0.01,0.009725808014649284,0.9725808014649284,0.9725808014649283,14.179559242620996,16.108425879678702,1.1360314946363006,1.1360314946363006,6.276142814034498,1.9768611108871272
4229,1.0065675617715686,2.06436046386395,2.06436046386395,0.40070339621756035,0.011366467337655591,0.011477150117834158,1.009737658754527,1.009737658754527,8.025937732901378,7.679205365424429,0.9567985226130573,0.9567985226130574,0.8094537694971516,0.4190522601448264
4230,1.0068055772744704,1.0816648299587026,1.0816648299587026,0.4617412705008421,0.01013256243043453,0.010127689244403541,0.9995190568955834,0.9995190568955835,9.171275991100842,9.191162082281435,1.002168301466436,1.0021683014664362,2.3939639073464,0.8039964023564623
4233,1.0075196237831754,1.0,1.0,0.4114482301917206,0.01,0.009964737004716647,0.9964737004716646,0.9964737004716645,10.760494439200707,10.933325993706783,1.016061674069218,1.0160616740692183,3.6143633459614577,1.1384531153863267
4238,1.0087097012976844,1.0,1.0,0.24293810003439917,0.01,0.009672257520103707,0.9672257520103706,0.9672257520103706,12.30767071766773,14.349354414331302,1.1658870913513086,1.1658870913513084,4.728453163036944,1.4893694183880601
4239,1.008947716800586,1.0,1.0,0.2545540971574907,0.01,0.00970441796336179,0.9704417963361789,0.9704417963361788,8.358669418123979,9.59420606202005,1.1478149908904252,1.1478149908904247,2.180929632544893,0.6869497880957004
4240,1.009185732303488,1.0,1.0,0.14477585099369225,0.01,0.009287463090994798,0.9287463090994797,0.9287463090994799,16.117387576971918,22.90216888560852,1.4209603619838809,1.420960361983881,8.10880121012711,2.554112333513042
4243,1.0098997788121933,1.0,1.0,0.4571009734743644,0.01,0.00999179837718861,0.999179837718861,0.9991798377188608,14.142530332703997,14.19487324079523,1.0037010992276392,1.003701099227639,6.243406213898039,1.9665497279836484
4245,1.0103758098179967,1.0,1.0,0.12998604533271038,0.01,0.009205026974276779,0.9205026974276779,0.9205026974276778,8.793891947857148,13.074938493917381,1.4868204625943144,1.4868204625943144,2.4139574165586235,0.7603489406680142
4250,1.0115658873325055,1.0,1.0,0.11270886798212791,0.01,0.009096419194657658,0.9096419194657658,0.9096419194657657,17.892892043971802,28.29035723618823,1.5810947255851455,1.581094725585145,9.99374900414581,3.147833684422308
4250,1.0115658873325055,2.0,2.0,0.4879451787316361,0.011299605249474366,0.011446402940074544,1.0129913999081523,1.0129913999081521,17.27825169981389,16.294828500832555,0.9430831766971003,0.9430831766971004,3.9137134450826676,1.991148231937154
4255,1.0127559648470144,2.0,2.0,0.16168787548812055,0.011299605249474366,0.010728117518670859,0.9494240977285386,0.9494240977285385,17.51722274845182,22.429386493581244,1.2804190947199985,1.2804190947199985,4.0227212222076725,2.046607234170075
4255,1.0127559648470144,2.0,2.0,0.3580392743008626,0.011299605249474366,0.011341402388339937,1.0036989910658618,1.003698991065862,10.306045690449057,10.133657991428647,0.9832731481891093,0.9832731481891093,1.3924305999091977,0.7084156175480616
4256,1.0129939803499162,1.0,1.0,0.1591341680189176,0.01,0.009359735254679919,0.9359735254679918,0.935973525467992,16.76247008963184,22.911997250809026,1.3668628267966831,1.366862826796683,8.77088438611895,2.7626554660663847
4256,1.0129939803499162,1.0,1.0,0.29673262471298983,0.01,0.009803931350679175,0.9803931350679175,0.9803931350679175,25.179749141481008,27.559955937595944,1.0945286143535797,1.0945286143535795,19.791109999053347,6.233809022148054
4259,1.0137080268586216,1.0,1.0,0.22233722949719595,0.01,0.009609464459228584,0.9609464459228584,0.9609464459228583,14.934015505534276,17.957457749079527,1.2024534019282904,1.2024534019282904,6.961784093573515,2.192824581079143
4260,1.0139460423615232,2.0,2.0,0.49961935570183347,0.011299605249474366,0.01144714168838765,1.0130567781489666,1.0130567781489666,23.83533074196602,22.47217184461505,0.9428093147895404,0.9428093147895403,7.447865015972207,3.789189849065815
4263,1.0146600888702286,1.0,1.0,0.21345535006348645,0.01,0.009579925141062276,0.9579925141062275,0.9579925141062275,15.191086406087031,18.537178223112626,1.2202667885349414,1.2202667885349414,7.203524249696905,2.2689679589053258
4265,1.015136119876032,1.0,1.0,0.13036793717661796,0.01,0.009207268988807018,0.9207268988807018,0.9207268988807018,10.498264377782846,15.589577348254329,1.4849671133493334,1.4849671133493338,3.4403479251642253,1.0836416924691399
4265,1.015136119876032,2.0,2.0,0.22760917109941872,0.011299605249474366,0.011019331239218885,0.9751961237523303,0.9751961237523304,13.588530013192527,15.277517442432865,1.124295080306742,1.124295080306742,2.420663309772421,1.2315412298323458
4266,1.0153741353789338,1.7524654219855338,1.7524654219855338,0.3176931589880805,0.011028183864967539,0.010950151649510458,0.9929242913962506,0.9929242913962505,11.541781973546225,11.9229007496363,1.0330207915002727,1.0330207915002727,2.0786828784586606,0.9794919744267714
4267,1.0156121508818357,2.0,2.0,0.48828348098270313,0.011299605249474366,0.01144644387132348,1.0129950222691138,1.0129950222691138,12.202782135048354,11.508053341120974,0.9430679998840586,0.9430679998840585,1.9521228583290275,0.993165706285848
4268,1.0158501663847372,1.0,3.835298853602457,0.4355602138645623,0.008194260032222058,0.008558364887008816,1.0444341347913049,1.0444341347913049,28.098238969257054,22.95210251647641,0.8168519935213323,0.8168519935213321,10.193709013168835,6.928279197707054
4270,1.016326197390541,2.0,2.0,0.20705696965974968,0.011299605249474366,0.01094077907544782,0.9682443619839518,0.9682443619839519,20.177382011899315,23.47429940916849,1.1633966881989382,1.163396688198938,5.337268663671857,2.715398869172784
4271,1.0165642128934427,2.0,2.0,0.2926252584091833,0.011299605249474366,0.011212864319690666,0.9923235433567261,0.9923235433567262,21.374215285718616,22.14640527923567,1.036127173942755,1.0361271739427549,5.9892134397247165,3.0470835227309836
4276,1.0177542904079515,2.0,2.0,0.22228912117837318,0.011299605249474366,0.010999912460448812,0.9734775877201998,0.9734775877201997,11.85133933652235,13.436711268084645,1.1337715414726708,1.1337715414726708,1.841298919873099,0.93678271038969
4278,1.0182303214137551,1.637954141914362,1.637954141914362,0.2966460945116,0.010893915663368165,0.010751558609716862,0.9869324255804557,0.9869324255804557,10.632886980568022,11.29350000269362,1.062129224483707,1.062129224483707,1.925593797303023,0.8702062004329117
4280,1.0187063524195585,1.8669584491364388,1.8669584491364388,0.4619240490558687,0.01115670325701127,0.011268080429981023,1.0099829824639066,1.0099829824639064,12.412153622203908,11.865498586041403,0.9559580832785857,0.955958083278586,2.2126554953666586,1.0825199034922708
4281,1.0189443679224603,1.0,1.0,0.18847261338063684,0.01,0.009487837830399816,0.9487837830399816,0.9487837830399815,14.827125208775865,18.956198282409726,1.278481028216444,1.278481028216444,6.862482730351247,2.161546611627395
4281,1.0189443679224603,2.0,2.0,0.48743573985920896,0.011299605249474366,0.011446339102905993,1.0129857504038429,1.0129857504038429,26.20234194007951,24.711608103936204,0.9431068474889622,0.9431068474889625,9.00056248871403,4.579143143032094
4282,1.0191823834253622,1.0,1.0,0.26012704011444554,0.01,0.009719073641287176,0.9719073641287176,0.9719073641287175,19.642479963293653,22.386953426279735,1.1397213319354147,1.1397213319354147,12.043701750790389,3.7935283386191374
4282,1.0191823834253622,1.0,1.0,0.3608723604322362,0.01,0.009911389138089088,0.9911389138089088,0.9911389138089088,14.892082725356484,15.504395369546124,1.0411166561106369,1.0411166561106369,6.922743406171744,2.1805275351141784
4282,1.0191823834253622,1.0,1.0,0.36973073786255595,0.01,0.009922604276397308,0.9922604276397308,0.9922604276397308,15.671330115549024,16.231924762380352,1.03577198889296,1.03577198889296,7.666181068854989,2.4146957252389947
4283,1.019420398928264,1.0,1.0,0.4609685609484392,0.01,0.009993213761691062,0.9993213761691061,0.9993213761691061,15.343872260828531,15.390838365808696,1.003060903022509,1.003060903022509,7.349153240241328,2.314838216570791
4284,1.0196584144311656,1.0,2.248836153669468,0.13043406172256047,0.008816372280649666,0.008261567289092955,0.9370710566777668,0.9370710566777667,29.042557192246647,39.8051424173769,1.3705798065193615,1.3705798065193608,16.20836646301941,8.779219806950168
4284,1.0196584144311656,1.0,3.8465667504554606,0.17298719404253002,0.008191137958518373,0.008078105745276757,0.9862006703080775,0.9862006703080776,19.84374841272922,21.230638521968856,1.069890530780464,1.069890530780464,5.072365921850764,3.4509794038186614
4285,1.0198964299340674,1.0,1.0,0.31067561837290836,0.01,0.00983146849096358,0.983146849096358,0.983146849096358,19.861063451788194,21.458882292515884,1.0804498130025273,1.0804498130025273,12.313240221747066,3.878427636947836
4286,1.0201344454369692,1.0,4.436208161360332,0.4471099690484048,0.008042981874633624,0.008482857789666225,1.054690651040742,1.054690651040742,34.54453035597421,26.919228961864253,0.7792616858433793,0.7792616858433793,13.704394671368355,9.766064488302145
4286,1.0201344454369692,1.0,1.0,0.2780048367417328,0.01,0.009762899801421065,0.9762899801421066,0.9762899801421063,22.00996809664726,24.563830807738473,1.1160320950887812,1.116032095088781,15.12189369219647,4.76309804426771
4288,1.0206104764427728,1.0,2.0581374429502897,0.15027089982359396,0.008930778269135051,0.008437462340981965,0.9447622689437944,0.9447622689437944,21.815495060936325,28.639641038567017,1.3128118779137987,1.3128118779137987,9.715619455104743,5.021492114970285
4291,1.021324522951478,1.0,1.0,0.4024651789052181,0.01,0.009957110670734333,0.9957110670734333,0.9957110670734333,17.15748911874511,17.493550837551698,1.019586882234384,1.019586882234384,9.189138954353286,2.8943973997496677
4291,1.021324522951478,1.1343617035412439,1.1343617035412439,0.40204458191735426,0.010214594269575852,0.010174887198148748,0.9961127118337563,0.9961127118337565,19.14889303613795,19.488567690039286,1.0177386052165156,1.0177386052165154,9.860879219048236,3.4386517902704727
4291,1.021324522951478,1.0,1.0,0.10965784941028255,0.01,0.00907564036023415,0.907564036023415,0.9075640360234147,25.071457392877658,40.11910676702133,1.600190453165217,1.6001904531652167,19.62124292171105,6.180304245541134
4292,1.0215625384543798,1.8656382964587561,1.8656382964587561,0.12711862664834786,0.01115525175089891,0.010358197018011094,0.9285489246960663,0.9285489246960663,17.735402589717403,25.377637744698365,1.4309028293167567,1.430902829316757,4.521748969808964,2.211311414105578
4292,1.0215625384543798,1.0,1.0,0.30806668422244704,0.01,0.00982650354041854,0.982650354041854,0.9826503540418537,14.056385349616484,15.222611750593485,1.0829677311748442,1.0829677311748442,6.167578187334214,1.9426653962737104
4293,1.0218005539572816,1.0,1.0,0.20974214754326984,0.01,0.0095671029560341,0.95671029560341,0.95671029560341,24.18249110700316,29.699133318204844,1.2281254725491901,1.2281254725491901,18.254478399403826,5.749800397565039
4295,1.022276584963085,1.0,1.0,0.3958776067406109,0.01,0.009951022045941088,0.9951022045941088,0.9951022045941088,23.408231596783075,23.932919212639682,1.0224146627090238,1.0224146627090238,17.104270878552846,5.387507730748152
4295,1.022276584963085,2.0,2.0,0.23797641036821604,0.011299605249474366,0.01105545395515184,0.9783929359537685,0.9783929359537686,19.71263573441738,21.821634498418664,1.1069871524242223,1.1069871524242223,5.094233238776123,2.591751708140274
4296,1.0225146004659869,1.0,1.263016628085288,0.1562425020153043,0.009625588361441078,0.009009414269001169,0.9359858255617676,0.9359858255617677,16.659781810115284,22.78650317069348,1.3677551981418057,1.3677551981418055,7.656816226970466,2.89679055368474
4296,1.0225146004659869,1.0,1.0,0.4754328350531291,0.01,0.009997315173364146,0.9997315173364145,0.9997315173364145,11.589326734511035,11.60334148941814,1.0012092811971012,1.0012092811971012,4.192603267643012,1.320587277690365
4297,1.0227526159688884,1.3786487632541833,1.3786487632541833,0.496966784918855,0.010564863929138931,0.010594935850294238,1.0028464087523516,1.0028464087523519,18.38990624776647,18.155741986583095,0.9872666963045658,0.9872666963045659,7.165672781834354,2.887104488362607
4298,1.0229906314717905,1.7745822640357443,2.8560050404497592,0.42387892120095194,0.010320041881848683,0.010592991397638966,1.0264484891549093,1.0264484891549093,22.81641037702059,20.23538252193252,0.8868784435220567,0.8868784435220566,5.750297380695953,3.486523521902955
4298,1.0229906314717905,2.0,2.0,0.31071676231889545,0.011299605249474366,0.011254310859169173,0.9959915068442502,0.9959915068442503,18.348465100517693,18.69012832535896,1.0186208068614757,1.0186208068614755,4.413558750970564,2.2454504722586215
4298,1.0229906314717905,1.3243170553000376,1.3243170553000376,0.44550803228601615,0.010490779392540003,0.010499752355080298,1.000855318961971,1.0008553189619713,17.035182356851703,16.969615614864875,0.9961510983203267,0.996151098320327,6.463497328299026,2.53101806912167
4300,1.0234666624775939,2.0,2.0,0.3674859778373159,0.011299605249474366,0.011355382128657736,1.0049361794462657,1.0049361794462657,19.936148252208174,19.493038142626414,0.9777735345877216,0.9777735345877215,5.210410505486889,2.6508582734134873
4300,1.0234666624775939,1.0,1.0,0.2980000653322515,0.01,0.009806537818515013,0.9806537818515013,0.9806537818515011,12.506390709318275,13.671786918958913,1.0931840557941568,1.0931840557941568,4.8823773143677505,1.5378524879752817
4301,1.0237046779804957,2.0,2.0,0.28341943329345654,0.011299605249474366,0.011189876861029232,0.9902891839119567,0.9902891839119565,22.727471810925955,23.773741992412763,1.0460354847292705,1.0460354847292708,6.771606095555961,3.445135085575052
4302,1.0239426934833975,2.0,2.0,0.11461639413441006,0.011299605249474366,0.010427372628895988,0.9228085759350795,0.9228085759350795,15.13905063763937,22.402850256918406,1.4798054906573508,1.479805490657351,3.004600360038361,1.5286261445852358
4303,1.024180708986299,1.0,1.0,0.25187509564971294,0.01,0.009697197035922766,0.9697197035922765,0.9697197035922763,22.60018321117682,26.03168580670691,1.1518351671517892,1.1518351671517888,15.943779304249878,5.021975790075665
4303,1.024180708986299,1.0,1.0,0.15852318057237913,0.01,0.00935680044835246,0.9356800448352459,0.9356800448352459,4.158460025556528,5.692919835262915,1.3689971288111706,1.3689971288111709,0.539799423795477,0.17002616419026123
4303,1.024180708986299,2.0,2.0,0.3907491920109936,0.011299605249474366,0.011385313952940037,1.0075851059902874,1.0075851059902876,25.88106432494123,25.005110266944943,0.9661546354122638,0.9661546354122639,8.78119650778439,4.4675380929423865
4303,1.024180708986299,1.0,1.0,0.38619357006039856,0.01,0.00994129762106239,0.994129762106239,0.9941297621062392,8.56434911750782,8.795208326579035,1.026955838196656,1.026955838196656,2.289581354488714,0.7211729359917867
4304,1.0244187244892011,1.2082447865187784,1.2082447865187784,0.4610514036332619,0.01032543368450001,0.010328696196818539,1.000315968550883,1.000315968550883,17.922989124164157,17.897498947567254,0.9985777943388618,0.9985777943388616,8.00573233401414,2.9303124200282085
4306,1.0248947554950045,1.0,1.0245761008469656,0.23502585579540602,0.009959698355513996,0.009610314586480402,0.9649202459188773,0.9649202459188772,20.479943099902833,24.14824374677789,1.1791167401677234,1.1791167401677236,12.93363902362132,4.156593888741431
4306,1.0248947554950045,1.1204742666166518,1.1204742666166518,0.4937138799737463,0.01019322692300877,0.010196709403195735,1.0003416464887194,1.0003416464887196,12.786870660588212,12.767225532518326,0.9984636484882548,0.9984636484882546,4.462295199098796,1.5411317386659886
4308,1.025370786500808,1.0,1.0,0.2444548811191041,0.01,0.009676584208666943,0.9676584208666943,0.9676584208666942,15.622238359887827,18.175388612922667,1.163430501712891,1.1634305017128905,7.618226387667873,2.3995909471718333
4308,1.025370786500808,1.5805157049134602,1.253841651386764,0.21428539804030117,0.011225380709665366,0.010772258955076892,0.9596341748838573,0.9596341748838572,20.013389324424374,24.232035049942613,1.2107911687087303,1.2107911687087303,8.176787168103813,3.0769103825347672
4309,1.0256088020037097,1.0,1.0,0.28273995186731604,0.01,0.009773729556452934,0.9773729556452934,0.9773729556452933,10.874247566900026,12.073614637538109,1.1102942583621895,1.1102942583621895,3.6911847820920367,1.1626503515023445
4310,1.0258468175066118,1.1965393349285411,1.1965393349285411,0.24289733508915062,0.010308180281692553,0.009979120537704042,0.9680778047146764,0.9680778047146766,20.587309182492373,23.907564140693108,1.1612767811844158,1.1612767811844151,10.688240536072131,3.883466332064744
4311,1.0260848330095134,1.0,1.0,0.4269034062181778,0.01,0.009976062534479482,0.9976062534479482,0.9976062534479483,24.07173673230438,24.33317086422082,1.0108606260870905,1.0108606260870905,18.08765244639748,5.697253515099671
4311,1.0260848330095134,1.0,1.6425851734383712,0.4100619790809418,0.009237672318864396,0.009266316157377944,1.0031007636474671,1.0031007636474671,23.341308597018482,23.016125159495985,0.986068328766964,0.986068328766964,12.871191657246586,5.827070392854256
4311,1.0260848330095134,1.1950696421895637,1.1950696421895637,0.11504359509585323,0.01030600606975607,0.009399076786526635,0.9119999273151116,0.9119999273151115,11.223297032301346,17.517680446890395,1.5608319370389487,1.560831937038949,3.1812257153468044,1.1547890819456625
4312,1.0263228485124152,1.2888151375844903,1.3579480190278703,0.34835523134365787,0.010354937469572376,0.010271826218052126,0.9919737563105071,0.9919737563105071,10.335042185711396,10.720202147509852,1.0372673816785145,1.0372673816785143,2.3879609017554966,0.9519381752057761
4312,1.0263228485124152,1.5493949275008432,1.5493949275008432,0.2834322355631782,0.010785719584454505,0.010599007629816862,0.9826889663526251,0.9826889663526253,14.904089770856412,16.14716007290281,1.083404644037847,1.083404644037847,4.062528260620816,1.7714874606085533
4313,1.0265608640153168,1.5695508926967798,2.379166320156863,0.1889307399111808,0.010163348141881093,0.009839216744415968,0.9681078131989354,0.9681078131989355,25.376060862620736,29.59012210920751,1.1660644364545223,1.1660644364545223,8.808850956732186,4.908453195074627
4313,1.0265608640153168,1.7806843011794349,1.7806843011794349,0.17842842888768315,0.011060367785186681,0.01054349984954039,0.9532684675876204,0.9532684675876205,5.712201426008312,7.15962978482309,1.2533923877796869,1.2533923877796864,0.49864875441226136,0.23723939802330282
4316,1.0272749105240222,1.537692780422373,1.3947858994709739,0.27667476642617306,0.010936358859134913,0.010706327462339859,0.9789663635074562,0.9789663635074565,21.979046004944657,24.229493513356083,1.102390590924881,1.1023905909248806,9.452977344972776,3.8397537825197285
4316,1.0272749105240222,2.0,2.0,0.3302849491073222,0.011299605249474366,0.011293903838300388,0.9994954327121965,0.9994954327121964,19.243846646096923,19.28840023437064,1.0023152121866838,1.0023152121866838,4.854820827393999,2.4699477982944273
4317,1.027512926026924,1.0,1.0,0.29526424671008644,0.01,0.009800885295265214,0.9800885295265214,0.9800885295265211,12.636561060321826,13.850974225813502,1.0961031375304213,1.0961031375304215,4.98454079785909,1.5700319688206132
4318,1.0277509415298258,1.0,1.0,0.146283908604637,0.01,0.009295392053485896,0.9295392053485896,0.9295392053485898,31.207050730924962,44.15376274378661,1.4148649651161032,1.4148649651161034,30.399945739166927,9.575382888109592
4318,1.0277509415298258,1.0,1.0,0.32972404981159725,0.01,0.009865205619738235,0.9865205619738234,0.9865205619738233,20.336407753489237,21.6292825616275,1.0635743944461598,1.0635743944461595,12.909690683840106,4.066297760050472
4320,1.0282269725356292,2.2126670092068013,2.2126670092068013,0.4984767042615713,0.011515414117441506,0.011711471289381594,1.0170256292948368,1.0170256292948365,19.029034446368758,17.621427207366803,0.9260284465315809,0.926028446531581,4.1440129204478575,2.2258967354624977
4321,1.0284649880385308,1.0,1.0,0.469589905325424,0.01,0.009995884251063084,0.9995884251063083,0.9995884251063084,18.237371486229065,18.271196244749614,1.0018546948251885,1.0018546948251885,10.382258638603902,3.2702065510574863
4321,1.0284649880385308,1.4439903265165344,1.4439903265165344,0.2561399720790794,0.01065142669810206,0.010379620778659495,0.9744817359076416,0.9744817359076416,16.018720666432735,18.04372492113127,1.1264148552725521,1.1264148552725524,5.130708427134069,2.1344468108668297
4322,1.0287030035414328,1.7104482980126154,1.7104482980126154,0.12213690210968507,0.01097961635972777,0.010133981174094496,0.9229813539993086,0.9229813539993086,24.002869345996398,35.370415575426534,1.4735911388579968,1.4735911388579965,9.278460235705701,4.307817376416198
4322,1.0287030035414328,1.3803477932010526,1.5494132187451497,0.364540079701258,0.010378242107828908,0.010345531909248567,0.9968481946903449,0.9968481946903447,23.66761975874763,24.009397085706972,1.0144407139561644,1.0144407139561649,11.064724375872967,4.824870254463223
4322,1.0287030035414328,1.0,1.7684094401863644,0.10620504328559849,0.00913468469160908,0.008341779630259576,0.9131984202938227,0.9131984202938227,27.96531276700531,43.60027732373859,1.559084201453312,1.559084201453312,17.6362558473536,8.355912732387669
4323,1.0289410190443347,1.0,3.020730441280962,0.10061318256470024,0.00845885758128421,0.007867156680376453,0.9300495492184506,0.9300495492184505,44.81010145072748,64.39116061066422,1.436978683957406,1.4369786839574057,31.177712396062255,19.357797248721585
4323,1.0289410190443347,1.172247576032981,1.172247576032981,0.15159741546764913,0.010272012752802314,0.009582979385405675,0.9329212897239965,0.9329212897239965,23.94136154292272,33.27379261256176,1.3898036898573043,1.3898036898573045,14.817427925987598,5.30016667290981
4323,1.0289410190443347,1.0,2.1532500833588863,0.13383636399361346,0.0088720282162175,0.008316770386690838,0.9374147809278057,0.9374147809278057,35.881867265359524,49.04297619340884,1.3667899674985726,1.3667899674985724,25.49112513683492,13.498404334789976
4323,1.0289410190443347,1.0,1.3689945795954648,0.2321331742684432,0.009503008445287231,0.009186156732292885,0.9666577468789391,0.9666577468789391,30.78944284447549,36.01862002630669,1.1698366939682854,1.1698366939682856,24.982560247054,10.016124465744369
4323,1.0289410190443347,1.5110902377617916,1.5110902377617916,0.20519908322749256,0.010737642317023082,0.010303716538053091,0.9595883559762407,0.9595883559762408,18.096426309797625,21.936069386978346,1.2121768691480201,1.2121768691480201,6.1829215285604535,2.652002128524058
4324,1.0291790345472362,1.0,2.489433052463887,0.3777116292313384,0.008689236702048816,0.00882223584737232,1.0153061943049777,1.0153061943049777,36.14572955887959,33.711364350916945,0.9326513743761298,0.9326513743761298,23.375261041373605,13.31473225902785
4324,1.0291790345472362,2.232257792832642,1.3854393655793769,0.34553730341541117,0.012396268975359517,0.012295923202538174,0.991905163318027,0.9919051633180269,22.51908532512082,23.366098746912463,1.0376131361271042,1.0376131361271044,7.770236355322599,3.141469145724208
4324,1.0291790345472362,1.0,1.195474079558996,0.3162484455085788,0.009711110414792942,0.009565923085147207,0.985049358575455,0.985049358575455,19.10715416775818,20.463240699777646,1.0709727110648302,1.0709727110648306,10.381522550512923,3.7694744310163113
4325,1.029417050050138,1.0,1.7218029620559818,0.3874833742269579,0.009171659509608441,0.00919284090570963,1.0023094398651626,1.0023094398651626,19.44858098005713,19.245867223932542,0.989576938475231,0.989576938475231,8.675939340690903,4.044465364780083
4325,1.029417050050138,1.5426413938364012,1.8631945049937435,0.4706796152834596,0.010472337106035848,0.010578961444414968,1.0101815227393383,1.0101815227393385,16.122952281616563,15.399293961768578,0.9551162648621678,0.9551162648621677,4.2454687497598185,2.0746167809634217
4325,1.029417050050138,1.0,1.0,0.3881740924074538,0.01,0.009943362032686906,0.9943362032686905,0.9943362032686907,11.20175772986775,11.492882727690583,1.025989224623792,1.0259892246237923,3.9168749425217877,1.233738297472243
4325,1.029417050050138,1.0,1.0,0.3083297632960454,0.01,0.009827008053040624,0.9827008053040623,0.9827008053040623,17.875060345327906,19.353532773365387,1.082711464995077,1.0827114649950773,9.973839788564936,3.1415626744729988
4328,1.0301310965588435,1.0,1.0,0.4105200612146588,0.01,0.009963984864703731,0.9963984864703731,0.9963984864703729,22.611121670467284,22.98213671884173,1.016408520275181,1.016408520275181,15.959216576063518,5.026838226003403
4328,1.0301310965588435,1.6322424119018921,1.6322424119018921,0.3142223496166281,0.010887056769360307,0.010781414958611778,0.9902965683943304,0.9902965683943306,18.347744514945937,19.18398964604296,1.0455775439000594,1.0455775439000596,5.759441841797378,2.597038315240271
4328,1.0301310965588435,1.0,1.0,0.10658904179761325,0.01,0.009054200967925244,0.9054200967925243,0.9054200967925243,13.297681846640078,21.54586953784208,1.6202725998656728,1.620272599865673,5.5197477434611795,1.7386115930241166
4329,1.030369112061745,1.0,1.0,0.41421610065057096,0.01,0.009966931206898772,0.9966931206898773,0.9966931206898773,15.154180781523733,15.382264147268888,1.0150508542186087,1.0150508542186085,7.168565903437355,2.2579567698248457
4330,1.030607127564647,1.4962498087005742,1.4962498087005742,0.17058848842681912,0.010718797346136462,0.010134375170702578,0.9454768891918144,0.9454768891918143,22.26336766385347,29.003137260157885,1.3027291152922487,1.3027291152922487,9.475925054461493,4.037833337400669
4330,1.030607127564647,1.0,1.0,0.45524184827081643,0.01,0.009991069933695532,0.9991069933695532,0.9991069933695531,20.67400702351418,20.757340333993486,1.0040308252959635,1.0040308252959635,13.341869041885223,4.2024254127029845
4330,1.030607127564647,1.0,1.0,0.15305323793401904,0.01,0.009329985115640529,0.9329985115640529,0.9329985115640528,16.37366970303035,22.73875659292824,1.3887391773097677,1.3887391773097675,8.368727086228054,2.635983854191028
4332,1.0310831585704503,1.0,1.0,0.40412951867300023,0.01,0.009958582258248246,0.9958582258248246,0.9958582258248246,20.35917851957554,20.744073008511407,1.0189052072295446,1.0189052072295446,12.938616945205245,4.075408961447647
4332,1.0310831585704503,2.0,2.0,0.2838607700198509,0.011299605249474366,0.011191009220663763,0.9903893962299565,0.9903893962299565,25.12681684747383,26.2711930938393,1.045544019893651,1.045544019893651,8.276836570872678,4.210938980428549
4332,1.0310831585704503,1.0,1.0,0.3823428229404223,0.01,0.009937171422018696,0.9937171422018696,0.9937171422018694,10.051780223831754,10.342196177565013,1.0288919919920962,1.0288919919920962,3.1539392466894047,0.9934286117483901
4332,1.0310831585704503,1.1635117673409576,1.1635117673409576,0.48477056596393064,0.010258884077024227,0.010264354341171452,1.0005332221425014,1.0005332221425014,7.9691768209673794,7.9500733814260345,0.9976028340228212,0.9976028340228212,1.656600652592669,0.589165116721407
4333,1.031321174073352,1.0,1.0,0.10201886704256308,0.01,0.009021214882202432,0.9021214882202432,0.9021214882202431,23.579739879119092,38.95248419864975,1.6519471545631386,1.651947154563139,17.355829466599367,5.466743720838562
4334,1.0315591895762541,1.0,2.9082517893769633,0.4001404395851229,0.00850288599516195,0.008719305413199211,1.0254524661580082,1.025452466158008,26.20350985560631,23.337907753816175,0.8906405242053086,0.8906405242053088,10.968159294808315,6.702181688445288
4334,1.0315591895762541,1.0,1.0,0.4863839730805375,0.01,0.009999175790525656,0.9999175790525656,0.9999175790525656,24.880559655726874,24.88979031191398,1.000370998736155,1.0003709987361553,19.323582450758003,6.0865470722722925
4335,1.0317972050791557,1.0,1.0,0.19303897451110857,0.01,0.009505733068866607,0.9505733068866608,0.9505733068866606,16.396527036688028,20.77175029129275,1.266838413086805,1.266838413086805,8.392108564802237,2.6433485584493477
4335,1.0317972050791557,1.0,1.0,0.11713574301937975,0.01,0.009125664438104319,0.9125664438104318,0.9125664438104317,15.94431461520777,24.79043651535155,1.5548135566583907,1.5548135566583907,7.935587144243354,2.4995533215768364
4335,1.0317972050791557,1.0,1.2259829905505675,0.37672903681163056,0.009671702616802608,0.009615913615226464,0.9942317290154039,0.9942317290154039,21.949374381010763,22.531470274075456,1.0265199309538537,1.0265199309538535,13.512005117381095,5.000239500706753
4337,1.0322732360849591,1.0,1.0,0.3958710181761924,0.01,0.009951015744352584,0.9951015744352584,0.9951015744352582,21.756405741721554,22.244132046735842,1.0224175955718178,1.0224175955718178,14.775481876603674,4.653985159668293
4338,1.032511251587861,1.0,1.0,0.411330912891189,0.01,0.009964642390741307,0.9964642390741306,0.9964642390741305,23.691052508745166,24.07260389858643,1.016105295013821,1.016105295013821,17.520079202305805,5.518479145702615
4338,1.032511251587861,1.7959622659148737,1.7959622659148737,0.45435575512580184,0.011077650754799148,0.011171123814969704,1.008437985836488,1.0084379858364878,13.460116235885687,12.957263838544385,0.9626413034977618,0.9626413034977622,2.737992114855359,1.3093086267415905
4339,1.032749267090763,2.0,2.0,0.3355089996356436,0.011299605249474366,0.01130359961100836,1.0003534956704951,1.0003534956704951,14.9055231667837,14.881418432082745,0.9983828320260055,0.9983828320260058,2.912620349436922,1.4818302209560477
4339,1.032749267090763,1.0,1.0,0.4216085412730577,0.01,0.009972435712414084,0.9972435712414084,0.9972435712414084,25.669301278830865,25.990726300086482,1.0125217674514846,1.0125217674514846,20.56816033518814,6.478564540979082
4340,1.0329872825936646,0.8432170825461154,1.0194746755469035,0.20832538908375017,0.009417145971234971,0.009004895027409011,0.9562233669218683,0.9562233669218685,28.695511041007883,35.32802131044144,1.2311340704110563,1.2311340704110565,28.520727663214352,9.128315723973222
4340,1.0329872825936646,1.0,1.6778519811481625,0.2503624226016522,0.009207771256973873,0.008990743182490124,0.9764299016095374,0.9764299016095372,20.47040433202819,22.856326378498846,1.116554710291561,1.1165547102915607,9.769304007414668,4.482036822393608
4340,1.0329872825936646,1.4094715065798271,1.4094715065798271,0.20169256122264584,0.010606030263463993,0.01014927570981256,0.9569344474506286,0.9569344474506286,9.347407354678829,11.478033722037697,1.2279376822378867,1.227937682237887,1.8008893383623958,0.7368479338350601
4342,1.0334633135994682,2.0,2.0,0.493979840436501,0.011299605249474366,0.011446958028515765,1.013040524495159,1.013040524495159,16.690416072304583,15.737015914049698,0.9428773881894461,0.9428773881894462,3.651941047701622,1.8579684134529704
4343,1.0337013291023698,1.0,1.0,0.3549379283125564,0.01,0.009903411473291223,0.9903411473291223,0.990341147329122,21.586511878088036,22.55669758163492,1.0449440701224035,1.0449440701224035,14.545621989061784,4.581583831958169
4343,1.0337013291023698,0.8228964603834412,3.258625456060721,0.36477589747430184,0.007845841523877139,0.008063783637158844,1.0277780417331202,1.0277780417331202,20.48164450997212,18.03582653517512,0.8805848830348472,0.8805848830348469,7.003160660026842,4.483003622288517
4343,1.0337013291023698,1.707432182790726,1.707432182790726,0.24931958487460787,0.010976099577387639,0.010719518979877041,0.9766236999125636,0.9766236999125637,25.707891680083588,28.679717264001066,1.115599739601354,1.1155997396013542,10.667853522536024,4.947511783806869
4344,1.0339393446052716,1.0181143583903156,1.0181143583903156,0.33577558553352416,0.010030010115545895,0.009904751378580434,0.9875116041237768,0.9875116041237766,13.633494544435624,14.433701604698463,1.0586942003500808,1.0586942003500812,5.681568499048249,1.8164337544702946
4344,1.0339393446052716,1.089516303458367,1.089516303458367,0.28175036370971446,0.010144951069396842,0.009915154439756919,0.9773486704797301,0.9773486704797304,29.06123516133767,32.271207909085675,1.1104554823608623,1.1104554823608626,23.83182135344899,8.050147728789852
4345,1.0341773601081734,1.0,1.0,0.47701766441106386,0.01,0.009997650659755565,0.9997650659755565,0.9997650659755564,34.73838014193179,34.775135166488376,1.0010580523445944,1.001058052344594,37.66920730664255,11.865056804623176
4346,1.0344153756110752,1.2082579636476152,1.2082579636476152,0.21141598369830802,0.010325453044172667,0.009894282112901371,0.9582419357846352,0.9582419357846351,18.25648992954013,22.2563742500376,1.2190938310669133,1.2190938310669137,8.306326495958432,3.0403629586871364
4347,1.034653391113977,2.92659788589086,2.92659788589086,0.2899896251740479,0.012151948126702037,0.012258345482415747,1.008755580142736,1.0087555801427361,20.491933306513477,19.675440075536116,0.9601553831566574,0.9601553831566576,3.263157877363797,1.999320702788076
4347,1.034653391113977,1.6230547732387264,1.6230547732387264,0.24271650693467098,0.01087599020368793,0.010586647242114815,0.9733961730238594,0.9733961730238595,26.632414495576896,30.17108082293117,1.1328706538395898,1.13287065383959,12.223313655237279,5.4920184065808035
4347,1.034653391113977,1.0,1.0,0.12708344363408186,0.01,0.009187775696923996,0.9187775696923997,0.9187775696923994,20.635309256409897,30.977768764162075,1.5012020599855815,1.5012020599855815,13.291968958882597,4.186707871461357
4348,1.0348914066168786,0.8082590373460005,1.1385920929732987,0.3038471403088039,0.009117807830383297,0.00895631614584095,0.9822883211023369,0.9822883211023368,20.4601567130397,22.196535736606332,1.0848663599169794,1.0848663599169797,14.083813288306533,4.9255409810023645
4348,1.0348914066168786,1.0,1.0481792128543304,0.11352120722524488,0.009922187540771019,0.009031595989038405,0.910242419015655,0.910242419015655,32.34057785312551,50.9594717035875,1.5757130851223362,1.5757130851223362,31.88048700673098,10.438487959794177
4348,1.0348914066168786,1.0,1.0,0.4155263865033915,0.01,0.009967944533444111,0.9967944533444111,0.996794453344411,26.321037011858905,26.70491757566367,1.0145845531705993,1.0145845531705993,21.625857964057918,6.811718417738314
4348,1.0348914066168786,1.3223550645535471,1.1862825874795857,0.13951969287759952,0.01067236477226334,0.009889715387511981,0.9266657951211146,0.9266657951211145,21.345087385254136,30.69004290315194,1.4378035727487157,1.4378035727487153,10.79911600970284,3.898144851876327
4349,1.0351294221197804,1.1386726491386996,1.1386726491386996,0.3829767074815834,0.010221191640650811,0.010162432791061753,0.9942512720967517,0.9942512720967513,18.650204787851862,19.14263744544905,1.0264036059227588,1.0264036059227588,9.311528680491747,3.2567064028941846
4350,1.0353674376226822,1.0,1.5707003021763704,0.2529617711695309,0.00930135771993772,0.009073065430050929,0.9754560251566886,0.9754560251566886,36.38668305124739,40.80739038540681,1.1214924517283769,1.1214924517283769,32.15369125400057,14.146010249483465
4350,1.0353674376226822,2.0,2.0,0.352841148375305,0.011299605249474366,0.011333246060069024,1.002977166887863,1.0029771668878629,28.45738783645027,28.07331602464955,0.9865036167757895,0.9865036167757891,10.616454364336054,5.40124734056576
4350,1.0353674376226822,2.0,1.1193057246712967,0.47839519832893307,0.01236692795485295,0.01236872104919329,1.0001449910880766,1.0001449910880766,9.416409700875418,9.410266025552406,0.9993475564978401,0.99934755649784,1.6454616593310838,0.5678229698479225
4350,1.0353674376226822,1.0488068239234998,1.0488068239234998,0.1408011010261204,0.010080056070619743,0.009340929658380116,0.9266743749180173,0.9266743749180171,17.290412190721266,24.848616045919638,1.4371326589457716,1.4371326589457714,8.824904791256225,2.8909074123258005
4350,1.0353674376226822,1.0355019177155471,1.0355019177155471,0.1008860533330358,0.010058483140272287,0.009065850175537613,0.9013138511153479,0.901313851115348,14.099752454257244,23.404129488998056,1.6598964815110262,1.6598964815110264,5.95728263581215,1.9312886634980369
4351,1.035605453125584,1.1917409626539996,1.1917409626539996,0.24774787968362244,0.010301075138855139,0.009985977055520331,0.9694111460126843,0.9694111460126843,7.657881755929046,8.835348448835369,1.1537587978548611,1.1537587978548611,1.4860640449377223,0.53830109659411
4351,1.035605453125584,1.0,1.0,0.33930664407420263,0.01,0.009880565394613978,0.9880565394613977,0.9880565394613977,17.47627983035512,18.455373663585114,1.0560241563269874,1.0560241563269877,9.5337845787009,3.002953968967097
4351,1.035605453125584,3.0,3.0,0.18491238751524872,0.012211247851537042,0.011935900998659654,0.9774513746486008,0.9774513746486007,14.391983329559439,16.052258093379855,1.115361081638443,1.115361081638443,1.5541674785266721,0.9622027400049512
4352,1.0358434686284859,1.901646239635264,1.8164413749636104,0.12976753829723917,0.011271587490180304,0.01047508181719799,0.9293350937766112,0.9293350937766113,29.133518469117806,41.48606487243249,1.4239977542159443,1.4239977542159439,12.25733410343678,5.901066027691458
4352,1.0358434686284859,1.9234990272247547,1.9234990272247547,0.3758898708249222,0.01121823782205353,0.011269469118073056,1.004566786409075,1.004566786409075,18.698267647240147,18.31401125812157,0.9794496262237805,0.9794496262237808,4.82728003263588,2.4026150254478447
4353,1.0360814841313875,1.80808194178608,2.5051543703990564,0.19588946759232942,0.01057631301046735,0.01029211075692987,0.9731284188302478,0.9731284188302476,23.742971719395946,27.013555777260933,1.1377495663355908,1.137749566335591,6.765215138553572,3.8650980665535535
4356,1.0367955306400927,1.0,1.0,0.20272981792839984,0.01,0.00954209323813221,0.954209323813221,0.9542093238132209,23.099989410449528,28.728980139217068,1.2436793640356045,1.2436793640356048,16.656774877676035,5.246555322936034
4357,1.0370335461429947,1.2278996451051034,1.2278996451051034,0.30372496040686664,0.01035415527925633,0.01017764198692711,0.9829524198190412,0.982952419819041,18.698690438127695,20.22396705021397,1.081571306671624,1.081571306671624,8.544412242413722,3.165635757164743
4357,1.0370335461429947,2.0,2.0,0.20253333517379693,0.011299605249474366,0.010922150271646166,0.9665957376833356,0.9665957376833355,14.109940407376923,16.550624915425377,1.1729762449437717,1.1729762449437722,2.609995693624136,1.3278663304419605
4358,1.0372715616458963,1.811597421734812,1.811597421734812,0.4078798589547722,0.011095236608436598,0.011159520823871606,1.005793857103158,1.005793857103158,13.115674080494724,12.776069906766564,0.9741069981120367,0.9741069981120366,2.5703029618346362,1.2354691703126497
4359,1.037509577148798,1.0,2.941021947250296,0.42822471937344203,0.008489827140628488,0.008730189051454312,1.0283117555686805,1.0283117555686805,33.44366504984581,29.410715485530798,0.8794106579436153,0.8794106579436155,17.71806240998871,10.87840559266974
4359,1.037509577148798,2.515417648614622,2.515417648614622,0.1781371741324335,0.011799965441554674,0.011399080666380712,0.9660266144710722,0.9660266144710723,14.358423674439026,16.930038245898626,1.1791014549903278,1.1791014549903278,1.979522975937228,1.1331372204831096
4359,1.037509577148798,1.0,1.0,0.1362306642868595,0.01,0.009240908300498063,0.9240908300498063,0.9240908300498061,18.690807618523184,27.243427379282565,1.4575842807500443,1.457584280750044,10.904945245656965,3.4348425157385574
4359,1.037509577148798,1.3405519003768056,2.705090388812689,0.21593680193836573,0.009469863486200172,0.009318946361982862,0.98406343191354,0.98406343191354,21.112819178675753,22.777153261544765,1.0788304995549818,1.078830499554982,6.177819910641308,3.657128333605373
4359,1.037509577148798,1.0,1.0,0.2216576124526757,0.01,0.00960725907541934,0.9607259075419341,0.960725907541934,25.58478645303972,30.798185762905327,1.203769506516487,1.2037695065164868,20.43294412387315,6.435974103248385
4360,1.0377475926517,2.6561508175967696,2.8494877433001227,0.19319525784245603,0.011808745237570483,0.011551352024496368,0.9782031699477097,0.97820316994771,27.89576694592564,30.98391620238085,1.1107031494219683,1.1107031494219683,6.580151112862893,3.985739898281752
4360,1.0377475926517,2.284531170087343,2.284531170087343,0.25376799766121055,0.011585200972451689,0.01144694666574043,0.9880663005294416,0.9880663005294416,15.535706273050018,16.42860911161915,1.057474235343781,1.057474235343781,2.6447699826958835,1.444089380410611
4361,1.0379856081546015,1.5256007192818735,1.5256007192818735,0.41692591034558013,0.010755949380050749,0.010775320986000245,1.0018010131198112,1.0018010131198112,15.829097194429924,15.700756610083705,0.9918921096528878,0.9918921096528879,4.673594472384096,2.0173349516290364
4361,1.0379856081546015,1.0,1.0,0.4648664970383303,0.01,0.009994503881463048,0.9994503881463048,0.9994503881463046,11.153306665688724,11.180943508421505,1.0024779057512874,1.0024779057512874,3.8830648312481686,1.2230887797490129
4362,1.0382236236575033,2.09704214413461,1.4379855967786914,0.40860966218139033,0.012069946818374503,0.012068381658947344,0.999870325905266,0.999870325905266,16.42528218594523,16.43491807765006,1.000586649994548,1.000586649994548,4.216839984114906,1.7492805020610382
4362,1.0382236236575033,1.1843279982612829,1.1843279982612829,0.4771647328814363,0.010290060876519722,0.010295842239561283,1.0005618395372913,1.000561839537291,25.9773005838149,25.91167925751429,0.997473897409437,0.9974738974094371,17.230036839059892,6.211690077509048
4362,1.0382236236575033,1.0,1.6216403977838523,0.4346170978590911,0.009255838634038654,0.009297474007266368,1.0044982820978101,1.00449828209781,29.242498679932098,28.654570063478566,0.9798947202532661,0.9798947202532662,20.363535756200225,9.144407640595546
4363,1.0384616391604053,1.0,1.0,0.3848780402555295,0.01,0.009939904713769238,0.9939904713769238,0.9939904713769238,27.616441528996234,28.378898835154594,1.0276088179339764,1.0276088179339762,23.806896815880364,7.498702607750725
4363,1.0384616391604053,1.0,1.0,0.36243926174235974,0.01,0.009913432958540327,0.9913432958540327,0.9913432958540327,30.770207156095807,32.00530892102231,1.0401395336294257,1.0401395336294257,29.554811562949798,9.309182303459213
4363,1.0384616391604053,1.0,1.2946875317520246,0.301081677049321,0.009587559208715032,0.009425446665699558,0.9830913646021487,0.983091364602149,16.45957359290555,17.7918918775579,1.0809448845762695,1.0809448845762695,7.3707376662175825,2.8395311497948588
4364,1.038699654663307,2.0,2.0,0.43961204085273653,0.011299605249474366,0.011428488301743676,1.0114059782995788,1.0114059782995786,25.54228221933826,24.25907600209962,0.9497614893524621,0.9497614893524621,8.552810111933178,4.351343799548473
4364,1.038699654663307,1.0,1.0,0.30267309198472786,0.01,0.009815967441080374,0.9815967441080373,0.9815967441080373,28.183019207750043,30.672727928847024,1.0883407381850818,1.088340738185082,24.793759703722206,7.80954493918872
4364,1.038699654663307,1.4926427902559092,1.4926427902559092,0.24030849060315346,0.01071419820199973,0.010400720297650783,0.9707418232854382,0.9707418232854382,25.040092572072048,28.7243780306273,1.1471354567859882,1.1471354567859877,12.023712204381528,5.115227750359694
4365,1.0389376701662087,2.0,2.0,0.44747517457602526,0.011299605249474366,0.011433048679443912,1.0118095656461763,1.0118095656461765,22.827941942553604,21.642136475692215,0.9480546485598456,0.9480546485598456,6.831608188364369,3.4756618634509593
4365,1.0389376701662087,2.378829091020751,2.2823227054208735,0.1465361567486858,0.011744090497319531,0.011118386941860448,0.9467218380510697,0.9467218380510696,24.425656342778776,31.78985367269165,1.301494347851579,1.3014943478515788,6.367951263587626,3.4753030962358817
4366,1.0391756856691103,1.753382350549778,1.753382350549778,0.18063145791323987,0.011029235041244773,0.010519178448050021,0.9537541278894365,0.9537541278894364,27.642974273676987,34.555742094786325,1.2500732284691962,1.2500732284691964,11.915600793210468,5.616504640878805
4366,1.0391756856691103,2.8950583474428817,1.9564563813027422,0.2939387356928917,0.01282385655340941,0.01271896893037432,0.9918208986042343,0.9918208986042343,21.614711480411295,22.447265736661826,1.038517944456721,1.0385179444567207,4.856833468157268,2.4407185531662554
4367,1.0394137011720121,0.6053461839694557,1.0282377864262775,0.30381932030326214,0.008420224813521674,0.00826735473682031,0.9818448936831382,0.9818448936831383,37.73349093127025,41.01910867662666,1.0870743115536543,1.0870743115536543,61.24395754639292,19.740329477916298
4367,1.0394137011720121,1.0,1.0,0.1058297601037162,0.01,0.009048810089741321,0.9048810089741322,0.904881008974132,15.306874768344422,24.879550053121694,1.625384046688235,1.6253840466882348,7.3137550785332675,2.303688494304899
4367,1.0394137011720121,1.0,1.0,0.21076862345482875,0.01,0.009570676130286624,0.9570676130286624,0.9570676130286622,22.86408165994579,28.02971074160834,1.2259276868623115,1.2259276868623115,16.318298744067516,5.139942021530934
4368,1.039651716674914,1.0,1.0,0.4373443871269552,0.01,0.00998244993734843,0.9982449937348431,0.998244993734843,30.521153349830346,30.763648383478507,1.0079451464650995,1.0079451464650995,29.078314970123852,9.159095281583063
4368,1.039651716674914,1.0,4.724568963493687,0.25627030866549766,0.007979769062547945,0.008215310109712017,1.029517276166494,1.029517276166494,28.335723990804983,24.64426739466863,0.8697242887693909,0.869724288769391,8.756351475913428,6.358512372134634
4368,1.039651716674914,2.379402539564886,2.559232117956539,0.2117759641901394,0.011555156517479286,0.011323888790497855,0.9799857555688151,0.9799857555688152,20.78856609621834,22.8696696214559,1.1001080842038515,1.100108084203851,4.253157777716637,2.45452298489598
4368,1.039651716674914,1.0,1.0,0.35722259512289134,0.01,0.009906527345332997,0.9906527345332996,0.9906527345332997,8.332646975982378,8.69467244685566,1.0434466348948621,1.0434466348948621,2.1673713089278555,0.6826791837641023
4368,1.039651716674914,2.1497417001196304,2.1497417001196304,0.49343760562456407,0.01145305596040955,0.011634293130970325,1.015824350390609,1.0158243503906088,12.799797678604605,11.917597397024954,0.931077013580122,0.931077013580122,1.949565209022547,1.031470156732419
4369,1.0398897321778158,1.0,1.0,0.15475087952267827,0.01,0.009338413175173322,0.9338413175173322,0.9338413175173322,35.987167551670744,49.75179375774553,1.3824870681003554,1.3824870681003554,40.426178227062245,12.733448228769383
4369,1.0398897321778158,3.0888798320052424,3.041476272213469,0.26975992639936847,0.012307613245107412,0.012381708887317638,1.0060203096030564,1.0060203096030564,10.644392639161438,10.349074674544875,0.9722560060843614,0.9722560060843612,0.8252111360336483,0.5138137778118256
4369,1.0398897321778158,1.474496692165916,1.474496692165916,0.20880717994972356,0.010690947840991314,0.010267170334620601,0.9603610912078476,0.9603610912078477,25.402599502024408,30.66897786965082,1.2073165136980064,1.2073165136980062,12.567172987641063,5.302725363313175
4369,1.0398897321778158,1.693893524131962,1.5600447241288031,0.2925503581466087,0.011099353894917355,0.010931203518808611,0.9848504356469124,0.9848504356469123,16.795828359643714,18.012513415013213,1.0724397171319575,1.0724397171319577,4.841299103221273,2.1205299423229826
4370,1.0401277476807176,2.9972452177183544,2.728852329620143,0.16632463115380838,0.012367864379818325,0.011928484684776218,0.9644740852948647,0.9644740852948647,16.934435926268016,20.14692631820393,1.189701647337,1.1897016473369997,2.309663893810136,1.3726406890634004
4370,1.0401277476807176,1.177338174217622,1.177338174217622,0.1449851587416589,0.010279633140656249,0.009555368085955446,0.9295436865508057,0.9295436865508058,27.42580364262321,38.818208423967945,1.4153900075197605,1.41539000751976,19.34294976777339,6.9419519336336855
4370,1.0401277476807176,2.6083401653687566,2.6083401653687566,0.2695735466591423,0.011882687964246866,0.011860707369818636,0.9981502001487907,0.9981502001487909,9.065851293031752,9.1444239000159,1.00866687577862,1.00866687577862,0.7504658026187837,0.43694371928254644
4370,1.0401277476807176,1.4396327850820443,1.5811736009665227,0.34885954280868225,0.01049185504890944,0.010441483507614412,0.9951989861601963,0.9951989861601963,11.596981042785288,11.85372550797699,1.0221389053103116,1.0221389053103116,2.5513431707377814,1.1272998379713102
4371,1.0403657631836194,1.0780628781031218,1.0780628781031218,0.48084405086801774,0.010126858937944471,0.010126795109950008,0.9999936971577412,0.9999936971577411,27.544246009343386,27.545027421330403,1.0000283693366212,1.0000283693366212,21.678923614433977,7.261283520861203
4371,1.0403657631836194,1.403999869335497,2.3438936672297626,0.4685896167861696,0.009813593284489575,0.010000609093165483,1.0190568126530664,1.0190568126530666,26.75184006066074,24.544760843887936,0.9174980408163261,0.917498040816326,10.6563260078253,5.894087467034397
4371,1.0403657631836194,1.0,1.0,0.14562522050490695,0.01,0.009291939079493463,0.9291939079493463,0.9291939079493463,31.24968226912304,44.29687634708335,1.4175144555262211,1.4175144555262211,30.48306039687439,9.601562364809702
4371,1.0403657631836194,1.861656453394406,1.9226862787282881,0.4903113035677516,0.011097396470568396,0.011226119241729959,1.0115993667075833,1.0115993667075833,11.662623880674916,11.068272141463174,0.9490379055954477,0.9490379055954478,1.9198825553332843,0.9553262391570607
4372,1.040603778686521,1.0,1.737858142311362,0.36214841049839935,0.009158773136526133,0.009155099753720666,0.9995989219570449,0.9995989219570449,18.752636239596946,18.786913509296625,1.0018278640539777,1.0018278640539777,8.018831112651174,3.759384111321509
4373,1.0408417941894228,1.0,1.0,0.17065625990297298,0.01,0.00941293083126745,0.9412930831267451,0.9412930831267451,24.659950551414955,32.77432896730233,1.3290508794398934,1.3290508794398932,18.982427827700306,5.979090099557457
4373,1.0408417941894228,1.0,1.0,0.33643736773595556,0.01,0.009876076285651974,0.9876076285651973,0.9876076285651971,24.543725681437362,25.972719113616883,1.0582223518436844,1.0582223518436844,18.803917241703722,5.922862788325916
4374,1.0410798096923246,1.3618355878588584,1.3618355878588584,0.1798245822966493,0.010542149422944295,0.009991279848459782,0.9477459906529515,0.9477459906529517,22.176411999606433,28.531595248607097,1.2865740070627047,1.2865740070627045,10.580685318047797,4.226415200253659
4374,1.0410798096923246,1.0,1.0,0.3583069074838975,0.01,0.009907986571399977,0.9907986571399976,0.9907986571399975,19.281730310636693,20.105956380361793,1.0427464784771114,1.0427464784771114,11.605379935390774,3.6554656181566103
4374,1.0410798096923246,1.0,1.0,0.18824592059685016,0.01,0.009486936236419961,0.9486936236419962,0.9486936236419962,22.998527985930682,29.416772219303926,1.2790719578791998,1.2790719578792,16.51077406672645,5.200567949181759
4374,1.0410798096923246,1.0,1.0,0.33769935261098527,0.01,0.009878062203468534,0.9878062203468534,0.9878062203468533,29.817027872504475,31.52402416989281,1.0572490425500265,1.0572490425500267,27.752113123634917,8.741367875882847
4374,1.0410798096923246,1.0,3.9344228146640146,0.2879949145999155,0.00816720611866069,0.00837567084168618,1.0255246065786419,1.0255246065786419,22.78660693263293,20.227856238208627,0.8877081303947938,0.8877081303947939,6.569318403149611,4.503962453138245
4374,1.0410798096923246,1.0,1.7426801266129714,0.29765264101957967,0.009154933827376307,0.009053016658604364,0.9888675144251533,0.9888675144251532,32.57963956627174,34.29644518957919,1.0526956604235973,1.0526956604235973,24.160990868707994,11.34624802180905
4375,1.0413178251952264,1.0,3.230999407190617,0.3625995839101438,0.008382135826672878,0.008608454753090715,1.0270001502120336,1.0270001502120336,42.664818608284286,37.702969453414255,0.8837016231001488,0.8837016231001485,26.85926924986079,17.13631286106536
4375,1.0413178251952264,1.0,1.0,0.312940386813087,0.01,0.009835709867124821,0.9835709867124821,0.9835709867124821,13.736740928837579,14.812408963057326,1.0783059125735999,1.0783059125735999,5.890264130849043,1.8553169419743596
4376,1.0415558406981282,1.0420130541293093,2.8722924263581984,0.15563490863529666,0.008635092160985701,0.008304935483290126,0.9617657030706332,0.9617657030706334,33.49578396513909,40.44060872702089,1.2073342952387578,1.2073342952387576,17.59924581639937,10.696989458878608
4376,1.0415558406981282,1.993473001093069,1.4849242535215597,0.3506870569750509,0.011808504807927523,0.011737808179276714,0.9940130753384334,0.9940130753384336,19.704284291004253,20.2494280786243,1.027666256717019,1.027666256717019,6.158363024079792,2.6108616703665186
4376,1.0415558406981282,1.2762531447805925,1.2762531447805925,0.17260452577862057,0.010423532905162049,0.0098367595864427,0.9437068675219742,0.9437068675219741,28.19317221863651,37.02619960714453,1.3133037786598958,1.3133037786598956,18.528494363740084,7.063727014404837
4376,1.0415558406981282,1.0459646711778723,1.114404184828977,0.39588857130963007,0.009970937305190615,0.009925344231329056,0.9954274034159432,0.9954274034159434,23.801431660279253,24.299169472980804,1.020912095532984,1.020912095532984,16.233200697179292,5.5824995797023975
4377,1.0417938562010298,1.1072203218673964,1.1072203218673964,0.2484168509526973,0.010172668980387083,0.009857818614639802,0.969049384546542,0.9690493845465421,8.678681994601442,10.029558366557824,1.155654553628845,1.155654553628845,2.0849977428232216,0.713366032580295
4377,1.0417938562010298,1.5784627530903426,1.9410516557284263,0.4150297296779085,0.010488655137791576,0.010579835824588994,1.0086932676877596,1.0086932676877598,13.985897749728412,13.446205423482946,0.961411677969979,0.9614116779699792,3.062803747980683,1.5322980105103368
4377,1.0417938562010298,1.8975420664880525,1.802054138706741,0.16188670490842016,0.011276938505494417,0.010669888182506679,0.9461688717472417,0.9461688717472417,19.202859632318336,24.975623891994427,1.300620031089565,1.300620031089565,5.3603321476179895,2.5684861099269587
4378,1.0420318717039316,1.8268142238658525,2.088530546678255,0.2162984095431426,0.010894015905218582,0.010600429297001519,0.9730506536091593,0.9730506536091593,26.006948952809108,29.556696554859986,1.1364922739876973,1.1364922739876973,9.148741078647705,4.766243444644604
4381,1.042745918212637,1.0,1.0,0.3268542194164133,0.01,0.00986039942668389,0.986039942668389,0.9860399426683891,24.162675859643343,25.756296767100693,1.0659538255081684,1.0659538255081684,18.224575044369136,5.740381430947367
4381,1.042745918212637,1.0,1.0,0.12676906072162927,0.01,0.009185884517095677,0.9185884517095677,0.9185884517095678,15.013423604298053,22.562049574234354,1.5027917794696257,1.5027917794696257,7.036016210039872,2.2162062326076954
4382,1.0429839337155387,1.2353143541191554,1.8203509652599164,0.11278181924930807,0.00975874958130148,0.008964492790702116,0.918610803158509,0.9186108031585091,24.56222425894129,37.14559649755839,1.5123058932269304,1.5123058932269307,11.599642042654999,5.591537077692362
4382,1.0429839337155387,1.4329586649203057,1.4329586649203057,0.4149352496885471,0.010636998145987488,0.010640303770538106,1.000310766675452,1.0003107666754518,21.51148171861836,21.481286870660476,0.9985963380694622,0.9985963380694622,9.34216419344038,3.8661531170405623
4383,1.0432219492184405,1.442375430642224,1.442375430642224,0.3631564006104675,0.010649319142434882,0.01059722481327776,0.9951082009600464,0.9951082009600465,18.41944379646938,18.83388879407527,1.022500407839966,1.022500407839966,6.793377379110219,2.8239839885037896
4383,1.0432219492184405,1.0,1.0,0.14974961251393676,0.01,0.009313303144690959,0.9313303144690959,0.9313303144690959,18.45376836781983,25.85823014420118,1.4012438884457576,1.4012438884457576,10.630103293048995,3.34827272536731
4383,1.0432219492184405,1.0,1.8416234197435963,0.11198672415892086,0.009079150491128979,0.008338406705738623,0.9184126547837137,0.9184126547837137,27.7947731668932,42.09243264221442,1.5144010130779333,1.5144010130779328,16.972940743081327,8.237857426013374
4383,1.0432219492184405,1.0,1.0,0.1797808037587937,0.01,0.009452342791720558,0.9452342791720558,0.9452342791720558,24.697940801004954,32.158377292800864,1.302067146079334,1.3020671460793338,19.04096019632248,5.997526640389277
4383,1.0432219492184405,2.1171721962504266,1.1645696757125852,0.3459972165310349,0.012522695060377145,0.012393766512205834,0.9897044088712779,0.9897044088712776,16.631813825756982,17.431095519523144,1.0480573978364494,1.0480573978364491,4.838761562299937,1.7220961705628324
4384,1.0434599647213423,1.0,1.0,0.40421329442822995,0.01,0.009958655624037442,0.9958655624037441,0.9958655624037442,28.45642210721733,28.993430094015345,1.018871240550716,1.018871240550716,25.277140542970187,7.961800362809816
4385,1.0436979802242439,1.0,1.0,0.4960397045535274,0.01,0.009999930291980177,0.9999930291980177,0.9999930291980177,17.136296656721637,17.136834211312664,1.0000313693560396,1.0000313693560396,9.16645262677806,2.887251654335458
4386,1.043935995727146,1.0,1.4806069248701756,0.1841886581828292,0.009386890008561091,0.008927697591595583,0.9510815172494071,0.9510815172494074,28.212284285722042,35.70046529124856,1.2654227119537504,1.2654227119537504,20.03161207952283,8.475895797411102
4386,1.043935995727146,1.0,2.1132016164765552,0.4813286400710892,0.008896335627208655,0.009029799529200157,1.01500212082639,1.0150021208263902,19.121036170981156,17.869304813942662,0.9345364264862293,0.9345364264862293,7.331839494425124,3.843873562858593
4386,1.043935995727146,1.0,1.0,0.4914312779525618,0.01,0.009999673640064724,0.9999673640064723,0.9999673640064723,25.64494853121829,25.648715218908237,1.0001468783485903,1.0001468783485903,20.529152369091666,6.466277801579449
4387,1.0441740112300477,1.0,1.0,0.16470842113583029,0.01,0.009385970517306958,0.9385970517306957,0.9385970517306957,20.325599051522914,27.39910679027205,1.3480098038349895,1.3480098038349895,12.895971454844377,4.061976473700461
4387,1.0441740112300477,1.0,1.0,0.24226141144318997,0.01,0.00967031461816897,0.967031461816897,0.967031461816897,19.357638305162176,22.590224727051368,1.1669928103278562,1.1669928103278564,11.696935531235576,3.6843038237667436
4388,1.0444120267329493,2.1484176899404472,2.1484176899404472,0.45204686837203,0.011451730891693528,0.011620955853213863,1.0147772387528842,1.0147772387528842,20.834389767407117,19.48876691284417,0.935413378093367,0.9354133780933672,5.169566136169917,2.7342069869466257
4388,1.0444120267329493,1.8554153482147675,1.8554153482147675,0.4885907879798887,0.011143988384073388,0.011259556909472555,1.0103704815023258,1.0103704815023258,27.634736942152557,26.372403211423382,0.9543207618233673,0.9543207618233674,11.058035175692252,5.390524933235607
4388,1.0444120267329493,1.9664918107411669,1.2801310387496863,0.3591018825743707,0.012033429703181244,0.011944128302330338,0.9925788903867284,0.9925788903867284,14.275074395782829,14.765305896009167,1.0343417825108612,1.0343417825108614,3.554672077586102,1.3581797310330164
4389,1.0446500422358511,2.2560348823773886,1.5449270385599578,0.44211186236906996,0.012230311937888282,0.012275631784417103,1.0037055348022992,1.0037055348022994,14.495146694375261,14.254816090585829,0.9834199260720354,0.9834199260720354,2.996424714576985,1.304140656021708
4390,1.0448880577387527,1.4469418709690682,1.4469418709690682,0.17531543564662277,0.010655274619761757,0.010089355221296023,0.9468883328998247,0.9468883328998245,15.698820244260865,20.296207569526313,1.2928492239374578,1.292849223937458,4.915190352947728,2.0476358658152973
4390,1.0448880577387527,1.0,1.0007764301104567,0.40061638247803527,0.009998706619238018,0.009954157086852647,0.9955444704918478,0.9955444704918479,27.877222296468105,28.444786806015347,1.0203594355101566,1.0203594355101566,24.24922057864898,7.6429665782157565
4391,1.0451260732416545,1.0,1.0,0.38083096470062366,0.01,0.009935510642113737,0.9935510642113737,0.9935510642113737,22.05162542053544,22.705960085563316,1.0296728541569788,1.0296728541569784,15.179188982089569,4.781144929716745
4391,1.0451260732416545,1.4726123402258264,1.4726123402258264,0.3420447562049798,0.01068852253431047,0.010609011689919533,0.9925611005510159,0.9925611005510159,11.152665848197614,11.53791223084388,1.0345429862142355,1.0345429862142352,2.426273424442023,1.0228856354754032
4392,1.0453640887445566,1.6980714008610864,1.8303916858154656,0.4666901885590961,0.01084164815916508,0.010944474558116504,1.0094843881153346,1.0094843881153344,20.951611794513802,20.074225290094297,0.9581231977270002,0.9581231977270002,6.802706320912274,3.2898609835182353
4393,1.0456021042474581,1.0,1.0,0.20881933600931932,0.01,0.009563871773780708,0.9563871773780708,0.9563871773780706,17.261464153822878,21.233639875350867,1.2301181224333322,1.2301181224333324,9.300849478308628,2.9295840099061974
4394,1.04584011975036,1.3196108395906447,1.3196108395906447,0.3145224681161791,0.010484267491988702,0.010337048869063767,0.9859581393704969,0.985958139370497,26.19836005407892,27.94212714179423,1.066560161938221,1.0665601619382208,15.354411803817895,5.997235347638272
4394,1.04584011975036,1.0,1.0,0.180658331757944,0.01,0.009456014517813808,0.9456014517813808,0.9456014517813807,18.69303267282934,24.29339718525685,1.2995963581964816,1.2995963581964816,10.907541766913479,3.4356603686854523
4394,1.04584011975036,1.0,1.0,0.46755496120954376,0.01,0.009995314105868555,0.9995314105868555,0.9995314105868555,22.71615556562392,22.76413284305189,1.0021120333187263,1.0021120333187263,16.107829458692766,5.07364835078094
4396,1.0463161507561634,2.0,2.0,0.2676352999477639,0.011299605249474366,0.01114729483906176,0.9865207317379789,0.9865207317379788,13.199863166708798,14.05490043870212,1.0647762223891684,1.0647762223891681,2.284169299778993,1.1620982799378154
4397,1.0465541662590652,1.0,1.0,0.2257209347467498,0.01,0.00962031290190572,0.9620312901905719,0.962031290190572,24.475954633563333,29.273521207201703,1.1960114179595502,1.1960114179595505,18.700216460054243,5.890199088903233
4398,1.046792181761967,2.0,3.422718764100383,0.27658140301769807,0.010479733414040213,0.010630097830060711,1.0143481146017557,1.0143481146017554,30.525562198492942,28.54655026280245,0.9351686981939289,0.9351686981939289,8.286072042874062,5.405284092173341
4398,1.046792181761967,1.2276128598792029,1.1540966516524593,0.2597652460798521,0.010457727694525007,0.010168756056961208,0.9723676456296442,0.9723676456296443,5.6939791233193295,6.475846060674043,1.137314682829206,1.1373146828292058,0.8195767304869082,0.28965738903770377
4398,1.046792181761967,1.0,1.0,0.25326195348557645,0.01,0.009700949561011453,0.9700949561011453,0.9700949561011453,14.84246911268405,17.065029458167942,1.1497433027220882,1.1497433027220885,6.876693409459308,2.1660226950627814
4399,1.0470301972648688,1.9371194898187778,1.2601252794996392,0.2794997297944458,0.012003435365449854,0.011740343832839284,0.978081980316415,0.9780819803164147,10.510858890377532,11.633349736714587,1.106793446477021,1.106793446477021,1.9638288756714606,0.7417182986541211
4399,1.0470301972648688,1.0,1.0,0.24837345586019016,0.01,0.009687583147456953,0.9687583147456952,0.9687583147456951,16.14584180909855,18.68430950969304,1.1572211427938064,1.1572211427938064,8.137457638494578,2.563138542841786
4400,1.0472682127677706,1.590041113253553,1.3508081997370498,0.4821029467124587,0.011115159284927685,0.011141374264326974,1.002358488864378,1.002358488864378,22.512348437588255,22.274544729555355,0.9894367436301827,0.9894367436301827,9.879831126225902,3.923831418341573
4401,1.0475062282706722,1.0,1.0,0.36399215619563796,0.01,0.009915432922741066,0.9915432922741065,0.9915432922741064,13.848335335031239,14.390978598248305,1.0391847287120768,1.0391847287120768,5.986355408769035,1.8855837979150338
4402,1.047744243773574,1.4908918056850184,1.4908918056850184,0.4712650016251059,0.010711962930015546,0.010755122343044684,1.004029085361022,1.004029085361022,15.799426324916642,15.51521844885605,0.9820115066068963,0.9820115066068962,4.793959608249068,2.0378856455475347
4402,1.047744243773574,1.0,2.015506780736991,0.39941255605643394,0.008958298877088704,0.009036381670264982,1.0087162522982995,1.0087162522982995,17.751703516571446,17.063687043341872,0.9612422282409515,0.9612422282409516,6.524047471688163,3.333422553728033
4403,1.0479822592764758,2.0,2.0,0.13903731136876313,0.011299605249474366,0.010596061497983977,0.937737315954191,0.9377373159541909,14.09191851146827,19.20021183511998,1.3624980743036856,1.3624980743036856,2.6033327269001756,1.3244764669279263
4403,1.0479822592764758,1.0,1.0,0.3488602534820429,0.01,0.009894847858703796,0.9894847858703796,0.9894847858703795,11.03151162922435,11.572899519359257,1.0490764918110298,1.0490764918110296,3.79872109794259,1.1965221684944083
4404,1.0482202747793776,1.0,1.219719604980367,0.18664897580075288,0.0096796855257469,0.00918691131206981,0.9490919191159295,0.9490919191159295,18.91214882471886,24.150211952729205,1.2769681635100083,1.2769681635100087,10.059606340773806,3.708379147192991
4405,1.0484582902822794,1.0095203111106212,1.0095203111106212,0.38683044980129,0.01001581709631547,0.009957715881689437,0.9941990539496367,0.9941990539496366,25.28250704994418,25.95581387137086,1.0266313313033633,1.0266313313033637,19.73339685255486,6.264786642663608
4406,1.048696305785181,1.0,1.3523354939071106,0.3706505729132801,0.009521423515689237,0.0094726070986,0.9948729917318773,0.9948729917318773,12.52704502968759,12.822223477293857,1.0235632942091872,1.0235632942091872,4.164811650699804,1.6554040284512426
4408,1.0491723367909846,2.681731663962165,1.6347652409573292,0.2992100694457248,0.012843538973997117,0.012681841227908434,0.9874101876113699,0.98741018761137,15.340064891177047,16.256645668752824,1.059750775767771,1.0597507757677709,2.88868113413798,1.3038332569074433
4409,1.0494103522938862,2.5736048797292406,2.5736048797292406,0.4504242614883659,0.011851999061113713,0.012121297735085797,1.0227217933939643,1.0227217933939643,13.696065755952088,12.357640928979022,0.9022766938460843,0.9022766938460841,1.7449697460652005,1.0096715824774352
4409,1.0494103522938862,1.9863960811799073,1.1975710342659087,0.23654944294018398,0.012203969520516961,0.011791845439229499,0.9662303252564985,0.9662303252564985,8.399871978463386,9.843033508352082,1.171807562494863,1.171807562494863,1.2684962735561438,0.4611969899367018
4410,1.0496483677967883,1.7400279093345792,1.2573667647287952,0.14623381185390702,0.01158576468282892,0.010784770900175608,0.9308639693122326,0.9308639693122325,14.61584782833234,20.547524094097753,1.4058386715183948,1.4058386715183948,4.083874989784389,1.5399461098003142
4410,1.0496483677967883,1.42323235706468,1.42323235706468,0.3174997721524082,0.010624215340181407,0.010494517838299224,0.9877922747488316,0.9877922747488317,21.62328479594508,22.868696141199166,1.0575958443412647,1.0575958443412643,9.520543789929308,3.9215973814929295
4411,1.04988638329969,2.1026064035523957,1.2187713189327276,0.3536323625077164,0.012402284215888598,0.012293580679115762,0.9912352003162792,0.991235200316279,19.15326901746682,19.93313806466019,1.040717281550328,1.0407172815503283,6.289246772726834,2.3171177598162633
4412,1.0501243988025917,1.173870130854113,1.173870130854113,0.22433720444373767,0.010274444032738826,0.009886849812793405,0.9622758935947894,0.9622758935947895,19.66246333292856,23.49239119383979,1.1947837255211702,1.19478372552117,9.977603425150006,3.5727585419722807
4412,1.0501243988025917,2.4741607014875573,1.1021517325959098,0.4992667630832134,0.01330943025284153,0.013312923096829445,1.0002624337722623,1.000262433772262,11.413118900985756,11.39964791733826,0.9988196930423346,0.9988196930423349,2.1147386559814745,0.7209175255662378
4413,1.0503624143054935,1.0,2.1346799873643487,0.22352316080298232,0.008883223716985513,0.008672592202172676,0.976288842708071,0.9762888427080711,22.90001569172526,25.620254521413177,1.1187876404237946,1.1187876404237944,10.444212483615654,5.505223786864177
4413,1.0503624143054935,2.782841075460529,1.745230875328667,0.3886124581236812,0.012874249702243297,0.012910640172210393,1.0028266089914937,1.0028266089914937,8.203027086935771,8.098508879341177,0.9872585807060114,0.9872585807060116,0.7734658853464457,0.3635503090617603
4414,1.050600429808395,1.3022794930359143,1.6752944466954356,0.1909163326345924,0.010057503343783341,0.009621877130441067,0.9566864460839042,0.9566864460839042,25.862782646386265,31.83691497190729,1.2309934088378451,1.230993408837845,13.089009840713853,5.999375735735405
4414,1.050600429808395,1.168947226993217,1.168947226993217,0.37599171380607044,0.010267060489298542,0.010202124442745085,0.9936753030118853,0.9936753030118854,18.36204812355299,18.89666975315739,1.0291155771952607,1.0291155771952605,8.745688486312076,3.12155173496266
4414,1.050600429808395,1.0,1.6709784457677863,0.10553834361571078,0.009213532890826435,0.008395532098968053,0.9112174665732367,0.9112174665732368,17.91611919661478,28.221037953172246,1.575175831521849,1.575175831521849,7.502652870096379,3.433330624569335
4414,1.050600429808395,1.0,1.0,0.240803936470693,0.01,0.009666103307450317,0.9666103307450318,0.9666103307450316,28.020456575161305,32.766982336220096,1.1693950185403597,1.1693950185403599,24.508558566639532,7.719712210172617
4415,1.0508384453112969,1.0,1.0,0.1660637062895838,0.01,0.009392205566190491,0.9392205566190491,0.9392205566190491,17.623915335234383,23.679285908744404,1.3435882695943222,1.343588269594322,9.695543297837482,3.05390477277815
4419,1.0517905073229041,1.518060478690497,1.1949830209470713,0.39443435303074814,0.011161625273891966,0.011115179960628028,0.9958388395843589,0.9958388395843591,27.13635286371561,27.652423446602302,1.0190176839709635,1.0190176839709633,15.856588587481077,5.755645545991454
4420,1.0520285228258057,1.0,1.0,0.2687801456241626,0.01,0.00974087903652656,0.9740879036526561,0.9740879036526562,22.62782518216991,25.5205623075656,1.127839821198331,1.1278398211983305,15.982804386361202,5.034267920682148
4421,1.0522665383287078,1.225426093277615,1.225426093277615,0.4145044533371941,0.010350557622719792,0.010328382152267186,0.9978575578958248,0.9978575578958249,23.000359443276682,23.2240849037486,1.0097270419196565,1.0097270419196565,12.959711632119514,4.794226899937448
4421,1.0522665383287078,1.5512309136050837,1.6567673551964333,0.28301376214034457,0.010679499334307401,0.01051156065299955,0.9842746671870323,0.9842746671870322,14.39687213904915,15.484108241168034,1.0755189107479768,1.0755189107479766,3.6346490672811593,1.6544074961377555
4421,1.0522665383287078,1.0947290831870196,1.0947290831870196,0.49827710325963726,0.010153143340085487,0.010155439330323625,1.0002261359030629,1.000226135903063,17.720476878883684,17.702452777293896,0.9989828658837469,0.9989828658837472,8.810810497827905,2.9875408319192376
4422,1.0525045538316093,1.1253112257460895,1.1253112257460895,0.4851795978744203,0.010200689050926918,0.010203639395888496,1.0002892299673922,1.000289229967392,16.905291400113896,16.883298962388345,0.9986990796428743,0.9986990796428742,7.759582750268708,2.688986122010053
4422,1.0525045538316093,1.518392127058614,1.1528983585282018,0.29750202733921016,0.011227547591605106,0.011015374726250166,0.9811024746389333,0.9811024746389332,18.436079566477932,20.11282408750222,1.0909490824759234,1.0909490824759231,7.460850578780859,2.6347181668522426
4423,1.0527425693345112,1.6014396626392855,1.3501053462944348,0.20935279040247706,0.01114257467417927,0.010685267722960065,0.9589585921933353,0.9589585921933355,9.348302762234697,11.360528073427925,1.2152503360633786,1.2152503360633784,1.6960364108420685,0.6733420173322618
4425,1.0532186003403146,1.3534410419611131,2.7850158176801423,0.29177161086923253,0.009461776302901861,0.009524061223777074,1.0065827936405671,1.0065827936405671,13.533007971151328,13.125996668177983,0.9699245501191619,0.9699245501191622,2.468835187942412,1.4805578374770318
4426,1.0534566158432164,1.0,1.1096966658892937,0.3404852965132,0.00982949711097169,0.00971680691493123,0.988535507486474,0.9885355074864738,18.65737210233597,19.659441459803386,1.0537090299733023,1.053709029973302,10.300973739769534,3.530628758940437
4426,1.0534566158432164,2.197094100156708,2.197094100156708,0.13591755413987422,0.011500092799618606,0.010802900907947617,0.9393751073300808,0.9393751073300807,23.508812266688174,31.804182083350597,1.3528621404840986,1.3528621404840984,6.385636628709159,3.417377321045431
4428,1.05393264684902,1.0,1.0,0.31161278387453495,0.01,0.009833231279876804,0.9833231279876803,0.9833231279876805,11.831804759730835,12.77311927313962,1.0795579822794676,1.0795579822794676,4.369878316324411,1.3764254190540732
4429,1.0541706623519218,1.0,1.3990360995789326,0.3170787182974778,0.009470543901311357,0.009351182849165777,0.9873966000908299,0.9873966000908296,21.644200839694562,22.932445080510657,1.0595191409633156,1.0595191409633156,12.191122001121238,4.962462527363295
4431,1.0546466933577252,1.8364608187588467,1.8364608187588467,0.13428823878384746,0.011122994838577826,0.010370037197901664,0.9323062132453139,0.9323062132453138,18.69497735725495,26.195900989541325,1.4012266764995838,1.401226676499584,5.129590192225803,2.4855593287249245
4431,1.0546466933577252,1.6885725877883355,1.8305321375618877,0.2565337047729788,0.010821270219012382,0.010612028495434241,0.9806638482042048,0.9806638482042049,17.036795923842753,18.646857462696186,1.094504949525173,1.094504949525173,4.514662393552616,2.1834373021233464
4431,1.0546466933577252,1.0735666890608606,1.0735666890608606,0.3914408443296161,0.01011972161537501,0.010067173834639107,0.9948073887076038,0.9948073887076037,9.868796191689793,10.103601676871254,1.0237927180398338,1.0237927180398334,2.796758829429715,0.9336269611260798
4432,1.054884708860627,1.0,1.0,0.3525349499314284,0.01,0.009900073554168715,0.9900073554168715,0.9900073554168715,10.2564901427572,10.733948732396424,1.0465518499012443,1.0465518499012443,3.283710702713445,1.0343040590284387
4433,1.0551227243635288,1.2932368027450143,1.2932368027450143,0.16362075358326936,0.010447484745062352,0.009818655898959855,0.9398105035377351,0.939810503537735,20.8193858402122,27.908546614088518,1.3405076801153162,1.3405076801153162,9.941049547053042,3.8266096193194294
4436,1.055836770872234,3.414399988699506,3.4398166253226083,0.1663510936099935,0.012516726962794194,0.01222361816462995,0.9765826322619718,0.9765826322619721,9.525284503841515,10.685039847242878,1.1217554544364148,1.121755454436415,0.5626590369636972,0.36773000021087654
4436,1.055836770872234,1.0,1.239922731274097,0.21793405420436296,0.009654129504743078,0.009275027010979129,0.9607315715437942,0.9607315715437943,14.665102159890816,17.658960284415386,1.2041484670125788,1.2041484670125788,5.9942451216247115,2.2370231229111988
4437,1.0560747863751359,1.171567798698858,1.171567798698858,0.2647936382305858,0.010270993489235632,0.010001630274767713,0.9737743758916583,0.9737743758916583,18.56387240251571,20.97106533002048,1.1296708399686348,1.1296708399686348,8.914893423357533,3.187421842073505
4437,1.0560747863751359,1.0,1.0,0.15435653991583154,0.01,0.00933646405015297,0.9336464050152969,0.9336464050152968,11.770981530385276,16.290203811866565,1.3839290945972091,1.383929094597209,4.325065720314988,1.3623103358008963
4439,1.0565508173809395,1.0,1.0,0.45857706902636786,0.01,0.00999235449732297,0.9992354497322969,0.9992354497322969,21.63386940217593,21.708495112423577,1.003449485104137,1.003449485104137,14.609513761647172,4.6017084792570255
4439,1.0565508173809395,1.0,1.0647588338882665,0.27162131514419763,0.009896505579240213,0.009647964254290698,0.9748859511107761,0.9748859511107762,15.275695793584854,17.163140441923257,1.123558669525944,1.123558669525944,7.05553611888501,2.339734350850631
4439,1.0565508173809395,1.0,1.0,0.25849910236094703,0.01,0.009714842961953702,0.9714842961953701,0.9714842961953701,5.96222655212873,6.809153401729259,1.1420487534641142,1.142048753464114,1.1096456196618374,0.34951646853389734
4440,1.0567888328838413,2.472878793982993,4.600188730905814,0.20355517760469272,0.010826900663798364,0.010939061800847581,1.0103594870343873,1.010359487034387,23.114282970287558,21.986022285168335,0.9511877272347339,0.9511877272347337,3.257019195074575,2.3466156465630506
4441,1.0570268483867429,1.6861901828745591,1.1136408944573593,0.3740655793994867,0.01169269264528185,0.011611998881166187,0.9930987868608498,0.9930987868608498,13.539964975123155,13.97077930751825,1.031817979823923,1.0318179798239233,3.822347710914965,1.3137724097291823
4441,1.0570268483867429,1.0,1.0,0.4611407192643528,0.01,0.009993273628860181,0.9993273628860181,0.9993273628860181,14.1163729347995,14.159199723733021,1.0030338380213761,1.0030338380213764,6.220332516314978,1.9592819686626963
4446,1.0582169259012517,1.0,1.6912499040724407,0.33010541909912317,0.00919663059696817,0.009141960810680515,0.9940554547982303,0.9940554547982304,22.67496303933152,23.300588695144242,1.0275910331023483,1.0275910331023483,11.92714498416167,5.4991144840137185
4446,1.0582169259012517,1.0,1.5448485249881474,0.11516704445880314,0.009325218349801084,0.008542137984897094,0.9160255196683204,0.9160255196683202,22.730418298960874,34.777125802412,1.5299817779421088,1.5299817779421088,12.67506715000356,5.516414325258217
4447,1.0584549414041535,1.0,1.0,0.10410425333569329,0.01,0.009036428030067274,0.9036428030067274,0.9036428030067273,2.1146754207157747,3.4621888036208253,1.6372199580628524,1.6372199580628526,0.1395901549657855,0.04396814364987013
4450,1.0591689879128587,2.6788947540321337,2.6788947540321337,0.23604915387423905,0.011944194688131038,0.011826365929282916,0.9901350604268693,0.9901350604268693,27.953252973203767,29.285920891004114,1.0476748777352622,1.0476748777352622,6.874497024467418,4.051707404865991
4452,1.0596450189186624,2.017955190858164,2.017955190858164,0.106132580963288,0.011318400883750634,0.010381396581689947,0.9172140736412768,0.917214073641277,16.329514695389147,24.954871225198488,1.528206544450756,1.5282065444507564,3.454273915952616,1.7661245399029093
4453,1.0598830344215642,1.2913456360948352,1.2913456360948352,0.11344650434274112,0.010444828070661275,0.009523430377079548,0.9117843120682988,0.9117843120682987,16.76508090167982,26.217318236076416,1.5638050534816987,1.5638050534816987,6.457876263801555,2.4831876711362932
4454,1.0601210499244658,1.0,1.9388425042870796,0.23472842795523455,0.009009797988788752,0.008796542276423219,0.976330688808906,0.9763306888089058,15.84894160623223,17.717587387120957,1.1179035059447708,1.1179035059447704,5.336070617523675,2.6678737119509432
4458,1.061073111936073,1.6430294196803783,1.6430294196803783,0.43105518162968237,0.010899996911422755,0.010950458901746613,1.0046295417084912,1.0046295417084912,5.5521772361704365,5.437289858223683,0.9793076890272336,0.9793076890272338,0.5229479144376104,0.23679035371669996
4459,1.0613111274389748,1.0,1.6734095411660914,0.14381100732082644,0.00921149145691693,0.008612624606427697,0.9349869830211326,0.9349869830211326,12.150807002417762,16.755595418091893,1.3789697601778936,1.3789697601778943,3.447800291983019,1.5791983469323994
4460,1.0615491429418764,1.2618879935211107,1.0076881329198553,0.4342167836726195,0.01079243891374437,0.010771564931465569,0.9980658697773849,0.9980658697773849,9.654329533204073,9.738915676121932,1.0087614725214156,1.0087614725214158,2.48197915628762,0.7867702872100801
4461,1.0617871584447782,1.1420437124454954,1.1420437124454954,0.22478598524708562,0.010226339045319131,0.009839830566010132,0.9622046093331988,0.9622046093331988,14.312305365715234,17.10516252334893,1.1951367781967477,1.1951367781967477,5.464281405568476,1.9155363022563205
4461,1.0617871584447782,2.286070768895352,2.286070768895352,0.3317015794799896,0.011586679947075122,0.011644792786763624,1.0050154867446022,1.0050154867446022,23.902618300801876,23.359008908372175,0.9772573286495788,0.9772573286495787,6.254869843470823,3.4164327331084303
4461,1.0617871584447782,1.3060406792421957,1.2714173728918599,0.26862516482768545,0.01051038449342918,0.010253993012316501,0.9756058894636093,0.9756058894636093,19.30027533840518,21.615599158317334,1.1199632533378912,1.1199632533378914,8.568858022340144,3.2576789192333946
4463,1.0622631894505818,1.0,1.5977483925673037,0.1092304682974854,0.009276947059736336,0.008467506165370918,0.9127470611664326,0.9127470611664327,13.514438333973812,21.08145278727443,1.5599207504079526,1.5599207504079524,4.389310129784187,1.9524583348069726
4465,1.0627392204563852,1.0,1.0,0.12090433754102216,0.01,0.009149760605080158,0.9149760605080157,0.9149760605080157,30.64304355585902,46.99621622883997,1.533666724167619,1.533666724167619,29.311034828217057,9.232397443568107
4466,1.062977235959287,1.1091157758941936,1.450420551070497,0.4147725290745008,0.009747879687367357,0.00975314813329491,1.0005404709635861,1.0005404709635861,11.614590552340951,11.586250291747907,0.9975599432054596,0.9975599432054598,3.20759807499289,1.338449968200279
4466,1.062977235959287,1.0,1.0,0.20255807620871974,0.01,0.00954146733167401,0.9541467331674011,0.9541467331674011,9.362121316733266,11.64715768011221,1.2440725008866116,1.2440725008866111,2.735998680380898,0.8617855824741222
4469,1.0636912824679925,1.0,1.9037113699223605,0.41592050558971305,0.009034313434149607,0.009107367650538722,1.0080863052761675,1.0080863052761675,24.50873909468184,23.627998217364308,0.9640642109773553,0.9640642109773552,12.914745201298478,6.389966872094859
4469,1.0636912824679925,1.0,1.0,0.2195608377092879,0.01,0.00960039840746034,0.9600398407460339,0.9600398407460338,8.129562905045486,9.819519425925387,1.2078779069205623,1.2078779069205625,2.0630119627939854,0.6498080495272702
4470,1.063929297970894,1.9329254467106591,8.413171120931501,0.4866152576378894,0.009290731260327024,0.010263272407689886,1.1046786437054503,1.1046786437054505,26.894328595201735,16.580219454945105,0.6164950129263763,0.6164950129263763,3.091524844615806,2.5637697683585863
4470,1.063929297970894,3.67389993199547,3.67389993199547,0.18450683194440298,0.012715174951126026,0.012569539605757676,0.9885463357029584,0.9885463357029582,10.717359742552679,11.330672077501587,1.0572260659044397,1.05722606590444,0.6443799352360368,0.4314083340646593
4475,1.0651193754854031,1.1971273042385158,3.0407227478246637,0.47662881731359585,0.008973632150105439,0.009263149260675054,1.0322630909899972,1.032263090989997,20.617797353799368,17.814620466926712,0.8640409138391256,0.8640409138391254,5.825447243781496,3.6268162908036934
4484,1.0672615150115188,2.0342602646030565,1.0014077879706584,0.33852227387639977,0.012667775452839806,0.01251493622031078,0.9879348009365951,0.9879348009365952,7.6309763794687075,8.06303916002406,1.0566195934923643,1.0566195934923643,1.1314038162168814,0.3567877525501542
4489,1.0684515925260276,2.0,2.0,0.150775076652511,0.011299605249474366,0.010667044375503108,0.9440192059806087,0.9440192059806087,13.810561041869763,18.194030573084724,1.3173998158311966,1.3173998158311968,2.500414882893425,1.2721157905512999
4489,1.0684515925260276,1.3763167212371812,1.3763167212371812,0.11005274853333252,0.01056172442494761,0.009615358525094271,0.910396649090943,0.910396649090943,11.412606032044353,18.003507123919036,1.5775106118066924,1.5775106118066928,2.7655642532305142,1.1129453949429295
4490,1.0686896080289294,1.0,1.0,0.46574105314798386,0.01,0.00999477457029823,0.999477457029823,0.999477457029823,22.247587309182396,22.299994803332385,1.0023556484315204,1.0023556484315206,15.450167572399916,4.866497837217457
4491,1.068927623531831,1.4575965250620246,1.4575965250620246,0.3122812366304731,0.010669121685981092,0.010533637088739924,0.9873012417302175,0.9873012417302177,12.96524708844036,13.743916047534812,1.0600581657860344,1.0600581657860342,3.321672508608601,1.3907040266187993
4491,1.068927623531831,1.4234383538096842,1.5702463603331425,0.19723280969321563,0.01046353872623453,0.010018926171523527,0.9575083949757593,0.9575083949757593,13.11599093489773,16.070369588273508,1.2252501292536775,1.2252501292536775,3.3021670333418545,1.45251549845985
4491,1.068927623531831,1.078838705837565,1.078838705837565,0.20292117431809453,0.010128088490711992,0.009666567624018487,0.9544315921887191,0.9544315921887191,15.715953181385515,19.524677633149448,1.2423476583192619,1.2423476583192619,7.051589065234466,2.3632692495479786
4491,1.068927623531831,1.7458331127318363,1.7948079365098122,0.3035021665445702,0.010974671296925392,0.010875303720231405,0.9909457355026364,0.9909457355026363,8.417953939313811,8.776528857210263,1.0425964457018257,1.0425964457018255,1.0917503041212144,0.521875221637717
4493,1.0694036545376349,1.4766278785229972,2.3276002214518936,0.1201722002858093,0.009989951713115754,0.009311323100918468,0.9320688796416985,0.9320688796416985,23.715962418347612,33.43974502406793,1.4100100360336891,1.4100100360336894,8.137674920072076,4.485343888394281
4495,1.0698796855434383,1.9425409390663082,1.2653756959007787,0.41024892342962205,0.012006623250619195,0.011981477937197728,0.997905713130445,0.9979057131304447,13.345016542008095,13.47195202959426,1.009511826919554,1.0095118269195538,3.152452557015685,1.1943015036169897
4496,1.07011770104634,1.0,1.7527371730289738,0.1865671176373838,0.009146971701838192,0.00874630046481716,0.956196296426662,0.9561962964266619,7.414903551976135,9.154207329295929,1.23456863128803,1.23456863128803,1.2469344260816837,0.5876206264618133
4498,1.0705937320521437,2.19607590456974,2.1446334324373293,0.45265315584303056,0.01153875075796413,0.011708746687212689,1.0147326112518054,1.0147326112518056,15.436856557807555,14.442796489220443,0.9356047609262559,0.9356047609262558,2.800142686474082,1.4796258259747457
4499,1.0708317475550453,1.0,1.0,0.22063850871683824,0.01,0.009603935265930057,0.9603935265930057,0.9603935265930055,16.109745123229217,19.424441711715712,1.2057572334714914,1.2057572334714917,8.101113060258479,2.551690718049483
4501,1.071307778560849,1.5553255410056082,1.5553255410056082,0.3392164233447754,0.010793092178578916,0.01072130707007967,0.9933489766128638,0.9933489766128637,16.80648749734378,17.325002954087733,1.0308521014177354,1.0308521014177354,5.1407224719864475,2.2472390451432003
4502,1.0715457940637505,1.6885171505041325,1.6885171505041325,0.44270331246670686,0.010953949723755177,0.01102022257760995,1.0060501331050526,1.0060501331050526,18.833923021066493,18.326566252681623,0.9730615460296099,0.9730615460296099,5.808925458104936,2.6755736592676764
4505,1.072259840572456,2.6670755343457757,2.6670755343457757,0.37477075978360086,0.01193396709166556,0.01215212447413953,1.018280374061558,1.018280374061558,26.210450885474202,24.114030407730638,0.9200158560070633,0.9200158560070634,6.081391108310252,3.5770803969665432
4510,1.0734499180869648,1.0,1.0,0.21760269116228986,0.01,0.00959391340106969,0.959391340106969,0.959391340106969,17.82157490611348,21.595848872560012,1.211781168966824,1.2117811689668239,9.914241992098964,3.122790544899291
4512,1.0739259490927684,2.635627109437665,1.8022124903100532,0.31353778408154553,0.012581999361674381,0.012494081087697718,0.9930123765349672,0.9930123765349671,5.820135862977521,6.010101334863145,1.0326393535061635,1.0326393535061638,0.39552434552036303,0.18953151690561296
4513,1.07416396459567,2.0,2.303086151647927,0.20979965283561866,0.011069878696891012,0.01078928834967136,0.974652807415274,0.9746528074152742,23.180768580693826,26.15724688137317,1.1284029168540302,1.1284029168540302,6.398032588963889,3.507763077913317
4520,1.0758300731159824,2.501362291742008,2.501362291742008,0.3695255385158267,0.011787276427232991,0.011958693223023682,1.0145425278561089,1.0145425278561087,9.34677727751717,8.746960476061522,0.93582635130309,0.9358263513030901,0.8453431200561724,0.4826129111463865
4526,1.0772581661333929,2.1147965346793125,1.4012207810015609,0.13570211547506922,0.012153214754751458,0.011262364368963301,0.9266983753874778,0.9266983753874777,12.811340632462995,18.44126616327634,1.43944858639911,1.43944858639911,2.5900532157133145,1.0554382138781482
4536,1.0796383211624108,1.19157341114354,2.700284320432873,0.2912215828759858,0.009107454720070147,0.009152206191361895,1.0049137187795323,1.0049137187795325,19.82219972127377,19.375569580105445,0.9774681847903597,0.9774681847903597,5.898189850500117,3.4888000467890397
4541,1.0808283986769196,1.2751214765152805,1.2751214765152805,0.4692186758017155,0.010421929394892119,0.010434581078703584,1.001213948332606,1.0012139483326057,11.94252802015555,11.877416816685965,0.9945479547245194,0.9945479547245195,3.328262646993669,1.268029065096714
4545,1.0817804606885266,1.1902154481517313,1.1902154481517313,0.3860079373451877,0.010298812253350453,0.010246765934307067,0.9949463765565342,0.9949463765565342,16.44485043238521,16.825825692551618,1.02316684251601,1.0231668425160105,6.863621293847351,2.48380723555342
4546,1.0820184761914284,2.451022271798445,1.4034215701426849,0.3058853194434746,0.012762728384160612,0.012575703764249126,0.9853460314846475,0.9853460314846475,9.101838259367762,9.736397605238247,1.0697177128166815,1.069717712816681,1.1837521609352855,0.48290063067360134
4546,1.0820184761914284,1.6139220509777827,1.6139220509777827,0.29314279035434404,0.0108649483180719,0.010710808046907674,0.9858130690867769,0.9858130690867767,9.006276876078209,9.615867815232505,1.0676851208931235,1.0676851208931235,1.4080138791839545,0.6303621682009674
4549,1.0827325227001336,1.421458703526464,1.421458703526464,0.11241845147314884,0.01062187804177879,0.009693027639844613,0.9125530910559554,0.9125530910559553,15.539717415478217,24.222013491086543,1.5587164710576005,1.5587164710576007,4.924744298858705,2.026806646257178
4552,1.083446569208839,1.374119226373826,1.374119226373826,0.3828180810840574,0.010558762807388485,0.010522273019898457,0.9965441228147965,0.9965441228147963,9.498988131337937,9.649042290504253,1.0157968572116935,1.0157968572116935,1.919699437826547,0.7716784807842767
4556,1.084398631220446,2.9197965707933937,3.947540521795239,0.45283427268641463,0.011668210342541872,0.012218861949163683,1.0471924648644835,1.0471924648644837,9.401757941045197,7.5849708527639175,0.8067609164505561,0.8067609164505561,0.545998008581142,0.37475990498348777
4569,1.087492832758169,0.42184039140646656,1.01133618320058,0.3766674361797343,0.007485731217506848,0.007433969166725219,0.9930852378641951,0.9930852378641951,8.584009237023682,8.85756476998088,1.0318680380465257,1.0318680380465257,4.066251739832091,1.2928428181328697
4570,1.0877308482610708,1.0,1.7135271590102326,0.1931108062518737,0.00917836466572564,0.00879432858033679,0.9581585500930314,0.9581585500930312,8.461950124376397,10.34121450193321,1.2220840763576712,1.2220840763576712,1.6474191118450614,0.7657120223890523
4582,1.0905870342958919,1.0,1.0279943988146334,0.31073888447517534,0.009954194903617356,0.009786761375455134,0.9831796011848857,0.9831796011848858,7.951890109046848,8.59031921117321,1.080286459366437,1.0802864593664367,1.946575883162279,0.6273039185003711
4584,1.0910630653016955,1.595774071728172,1.595774071728172,0.2832372315552448,0.010842882316397056,0.010662417242774563,0.9833563559617735,0.9833563559617736,12.272969273300417,13.255788600475897,1.0800799957442722,1.0800799957442722,2.6528670424176513,1.179115481060886
4591,1.092729173822008,2.2927628501551554,1.5885813897730865,0.25261034135384214,0.01224359665287984,0.011945270234725018,0.975634086403471,0.9756340864034713,7.279051717873975,8.15677740405558,1.1205824220243301,1.1205824220243301,0.7349295530905628,0.32570552191614405
4596,1.0939192513365166,1.0,1.0,0.22347092709944677,0.01,0.009613123549140882,0.9613123549140882,0.9613123549140881,8.304168559514476,9.967282898134647,1.2002746363709902,1.2002746363709902,2.1525818123006197,0.6780207842346014
4606,1.0962994063655342,1.272015687608724,1.3995792671261589,0.3723843657108903,0.01026075266691788,0.010216428069772864,0.9956801807251504,0.9956801807251502,13.592082517918621,13.861398698538842,1.0198141955263424,1.0198141955263424,4.094233517369565,1.6670294611915484
4621,1.099869638909061,2.0704183270986065,2.0704183270986065,0.11914743758027257,0.01137268871958863,0.010542322088900706,0.9269859000662105,0.9269859000662105,12.189486095480987,17.632867087369636,1.4465636163206812,1.4465636163206808,1.859795492945951,0.9643457711051658
4640,1.1043919334641943,1.5566847750946486,1.0423231964414046,0.4433524816963555,0.011510040624351982,0.011494094974308604,0.9986146312976827,0.9986146312976827,10.270359764273357,10.334695325924546,1.0062641974699842,1.0062641974699842,2.400548079905148,0.7824206371091191
4651,1.1070101039961138,1.1573291421672278,1.1573291421672278,0.26721375631584976,0.01024955270893305,0.009985918311177905,0.9742784485097215,0.9742784485097216,12.49909875691322,14.085513164038515,1.1269223035979177,1.1269223035979175,4.101415291864407,1.4526730440035294
4654,1.107724150504819,1.5837512852455684,1.5837512852455684,0.24916486096667978,0.010828171610855489,0.010553273609984953,0.974612703718609,0.974612703718609,11.387041798524248,12.822951721651464,1.1261003470904365,1.1261003470904365,2.305917793918836,1.019931359383375
4655,1.1079621660077208,1.0,1.0,0.24958625960724268,0.01,0.009690935677327433,0.9690935677327434,0.9690935677327432,9.769025944543305,11.286532650147391,1.155338588946191,1.155338588946191,2.9789957287858466,0.9383248565610517
4658,1.1086762125164262,1.5647946176754204,1.5647946176754204,0.32936436614288545,0.010804824831970358,0.010717349340657788,0.9919040342927412,0.991904034292741,13.207036485594106,13.705656321049014,1.0377541044880727,1.037754104488073,3.1500488062542824,1.3824789671368247
4673,1.1122464450599527,1.0,1.0,0.2650350794234823,0.01,0.009731581083137392,0.9731581083137392,0.9731581083137392,9.009486170122711,10.206692758245747,1.132882893154686,1.1328828931546857,2.5337712291941488,0.7980879268199288
4686,1.1153406465976756,1.6630057840559032,1.6630057840559032,0.10436817660138206,0.010923811869337245,0.009943419214493068,0.9102517814686918,0.9102517814686917,5.447541883687555,8.628325929105662,1.5838934538425187,1.5838934538425187,0.49563719449041094,0.2261344036174597
4688,1.115816677603479,1.1821094283256421,1.1325539203206205,0.20930704428317914,0.010358642955472005,0.009912906078029448,0.9569695683731338,0.9569695683731338,8.786883774258868,10.778751205344355,1.226686443369224,1.2266864433692237,2.021755527238263,0.7041417314993795
4690,1.1162927086092826,1.0,1.0,0.4938343960941478,0.01,0.009999831036388351,0.9999831036388351,0.9999831036388351,7.86950615773878,7.870104539364769,1.000076038014838,1.0000760380148381,1.9331355771971748,0.608899551502849
4725,1.1246232512108445,2.0023234982821703,1.0705304108549734,0.38052816061123595,0.01246253135423769,0.012383340534465034,0.9936456874192153,0.9936456874192152,6.011846941754763,6.187591310237523,1.0292330077903584,1.0292330077903584,0.685975709540448,0.22847449697912217
4760,1.1329537938124061,1.7322108793334616,1.2484051239968714,0.4260329529519943,0.011581669848748078,0.011569038145064388,0.9989093365767929,0.9989093365767931,10.40784366874919,10.459210158532594,1.0049353633104268,1.0049353633104268,2.085341229416462,0.7821896950907108
4803,1.1431884604371823,1.0,1.3996874968896929,0.3495590639045297,0.0094698502816879,0.009400503250212898,0.9926770720325853,0.9926770720325853,7.406182905292341,7.657571653268885,1.0339430920342119,1.0339430920342116,1.427024824335936,0.5810660730795205
4826,1.148662817003923,2.3976486225689477,2.3976486225689477,0.11580999146916282,0.011692142550992686,0.010878495407523243,0.9304107745932021,0.930410774593202,9.207601949786527,13.113391445046892,1.424191827205445,1.424191827205445,0.869604145515819,0.48640727100793096
4863,1.1574693906112883,2.913535370164869,2.913535370164869,0.2727325427552077,0.012141291637784947,0.012195654544361355,1.004477522507344,1.004477522507344,9.368278068139405,9.174556908087053,0.979321583044041,0.979321583044041,0.6863317704249354,0.41971306540223313
4869,1.1588974836286987,1.1988900150071269,1.1988900150071269,0.32143566333518975,0.010311654097390266,0.010167343403126677,0.9860050877482293,0.986005087748229,6.6929963244624116,7.136153866103595,1.0662121298380929,1.0662121298380933,1.1269780408425405,0.41008622424128627
4890,1.1638958091896359,2.7045858511253003,1.6073953085246153,0.16561073499247683,0.012913296663511167,0.012200842524098672,0.9448278655731915,0.9448278655731914,11.278486618770854,14.752876294222295,1.308054599246409,1.308054599246409,1.569007236112288,0.7006234045151286
4903,1.166990010727359,1.3424255237280758,1.2276482523446897,0.4065578245999466,0.010666896881295695,0.010637347298240434,0.9972297863770413,0.9972297863770412,6.219396128843436,6.297790530648289,1.0126048253207873,1.0126048253207878,0.8908140083461881,0.3299888458737873
4908,1.1681800882418678,2.0091451526780335,1.1551696623023897,0.35058349036360736,0.012322201416759264,0.01220271513303859,0.9903031707014494,0.9903031707014492,8.88630414040076,9.287636352786713,1.0451630065823803,1.0451630065823803,1.4366490467324087,0.5081101516603668
4909,1.1684181037447694,1.5037378931274585,1.0316735324128068,0.11271685811569675,0.011397410698404489,0.010367903798252106,0.9096718607940922,0.9096718607940921,11.609846634837087,18.353468548829348,1.5808536603538768,1.5808536603538765,3.15559769649114,1.0199109167592608
4910,1.1686561192476712,1.2777829228059145,1.012031339801533,0.3836983429068329,0.010829811454338877,0.010763403448705973,0.9938680367693475,0.9938680367693477,7.369316512260855,7.5770092958490585,1.028183452731695,1.028183452731695,1.4310197987499045,0.4552441181209419
4922,1.1715123052824923,2.889191082795129,7.364952275259002,0.2718440736118476,0.010781551410929395,0.01149767918198393,1.0664215884857338,1.066421588485734,12.242114966549384,8.927005978149976,0.729204553505854,0.7292045535058542,0.5513947323461156,0.44597111262022376
4941,1.1760345998376258,3.004166964574025,1.2522344541040225,0.16943280932042837,0.013908026658662805,0.013102278584127106,0.9420659670627085,0.9420659670627085,7.9482402751700345,10.52722904632437,1.324472925058769,1.324472925058769,0.8410910588473243,0.31620089957099784
4951,1.1784147548666437,2.6976518172208346,4.5323184293687655,0.3370289083927586,0.011166259968247695,0.011662894639647786,1.0444763665553478,1.0444763665553478,6.248160393779762,5.086561911676181,0.8140895225321059,0.8140895225321062,0.22733724362710658,0.1630644659326871
4960,1.1805568943927596,2.3850727260950553,2.3850727260950553,0.11892106213179422,0.011680421725393873,0.010889074912250912,0.9322501505726861,0.9322501505726861,9.862934955837806,13.90119639227949,1.409438108891863,1.409438108891863,1.0050182169516442,0.5606992450752049
4963,1.1812709409014648,1.8833615501736445,1.5009196468437203,0.37254068398724555,0.011567660985588632,0.011534245928587917,0.9971113384942432,0.9971113384942432,4.051677017420381,4.1051984968430615,1.013209710249006,1.0132097102490063,0.26870646437999257,0.11473809144080126
4973,1.1836510959304825,1.340480828028195,1.340480828028195,0.4533334765756728,0.010513028107121247,0.010527771365237835,1.0014023797869047,1.001402379786905,15.991694824119138,15.89093948040037,0.9936995206057331,0.9936995206057332,5.611007437126622,2.2163246462267323
4980,1.185317204450795,1.2848987891931956,1.5687445980446606,0.19573995477764541,0.01011391742386216,0.009678189956059645,0.9569180319018141,0.9569180319018142,12.997410131756062,15.972541684704627,1.228901875280487,1.228901875280487,3.473847833189998,1.5270842100354955
4986,1.1867452974682053,1.6961095723088047,1.6961095723088047,0.419174410246985,0.010962860365023117,0.011014394650012728,1.0047008064751084,1.0047008064751086,11.987224067290143,11.735126771796232,0.9789695016895683,0.9789695016895681,2.3395255277406117,1.0805753753886174
5009,1.1922196540349461,1.6571226225722182,1.6571226225722182,0.437968598559706,0.01091681812345436,0.010974369184107366,1.0052717797440776,1.0052717797440776,12.039241893606869,11.756095065683121,0.976481340733414,0.976481340733414,2.4319105863782333,1.1070978788667296
5028,1.1967419485900797,1.5530581458011063,1.1090463305162672,0.2571433842056492,0.011384192636606722,0.01105880554235476,0.9714176398240438,0.9714176398240438,11.907250562015234,13.603793832776352,1.1424798497289694,1.14247984972897,3.1295056341156493,1.0721322324101166
5029,1.1969799640929812,2.073291175917656,1.381432044962637,0.40473628471804063,0.012100258368997814,0.012085564604759558,0.9987856652486113,0.9987856652486112,4.803474547933397,4.829935019584141,1.0055086107747002,1.0055086107747004,0.37201742163143514,0.15010050951190054
5064,1.205310506694543,1.6487417863407294,1.2841180363100926,0.24029207441520223,0.011341238690855534,0.010979856615623465,0.9681355727462598,0.9681355727462598,10.373691004421776,12.045482074291993,1.1611568215360972,1.1611568215360968,2.10754566060945,0.8070881989089101
5071,1.2069766152148553,1.1789598775706824,1.6451816207641288,0.41819311031418893,0.00975642444383103,0.009793324901870064,1.003782170225524,1.0037821702255243,13.459960985953137,13.231752306747433,0.9830453684491461,0.9830453684491461,3.831452439255438,1.736310373762296
5071,1.2069766152148553,1.7011049613893838,1.7011049613893838,0.39547545875654044,0.01096870857456736,0.010999037662136084,1.0027650554632335,1.0027650554632337,11.945305323741648,11.796539126925891,0.987546053216398,0.987546053216398,2.314353305920379,1.0708921690921853
5080,1.2091187547409714,2.7922774860366775,2.7922774860366775,0.3639551952340454,0.012040813854308087,0.012272498270460685,1.0192415910548858,1.0192415910548858,14.597612707073406,13.368823830006784,0.915822614168192,0.9158226141681919,1.7691114779776071,1.062150305575036
5084,1.2100708167525787,1.253834506149517,1.1297969923830766,0.4428124631106668,0.01056825210635497,0.010557178692345664,0.998952200051828,0.9989522000518279,14.389953979659555,14.458085479906917,1.0047346572715705,1.0047346572715705,5.220167907745574,1.814630253574186
5088,1.2110228787641855,3.132258264379227,1.5948633538850518,0.4494871813335901,0.013577242493224648,0.01364305221040458,1.004847060602532,1.004847060602532,12.569807703051813,12.297972205934022,0.9783739335127781,0.9783739335127781,1.77569517982095,0.7889510522838623
5093,1.2122129562786943,2.227988266681407,3.340976614705892,0.4943631601350973,0.010898758445103934,0.011311655534099258,1.0378847821130315,1.0378847821130317,16.659580847759834,14.030428599735018,0.8421837696847967,0.8421837696847967,2.339893612583354,1.5124212165729083
5093,1.2122129562786943,3.0,2.8274724101813855,0.2031616761169292,0.012310943960926662,0.012085096889384226,0.9816547721881241,0.9816547721881242,8.331497838057896,9.097125892787796,1.0918956074419832,1.091895607441983,0.5443153938234343,0.3285951344906515
5095,1.212688987284498,1.3597522352426,1.6561337236715366,0.3915550432839927,0.010221250555620214,0.010237910327326401,1.0016299152061219,1.0016299152061217,10.37908881847151,10.30267343108874,0.9926375630154763,0.9926375630154765,2.062968912563404,0.9387900074034451
5098,1.2134030337932031,2.2075195053470336,1.7826468859829765,0.36414254220165265,0.011879642205343176,0.01188709903090547,1.0006276978240087,1.000627697824009,14.640069922764658,14.598294488110348,0.997146500332669,0.9971465003326689,2.836324091973334,1.3503133599451627
5103,1.214593111307712,2.0,1.0649479899481271,0.14177684431915857,0.012468450419676294,0.01156132581187478,0.9272464037415593,0.9272464037415593,14.4147163554637,20.651824026644793,1.4326902810555133,1.4326902810555133,3.957434822533221,1.3125400740576127
5103,1.214593111307712,1.2578104622004933,1.566572698551584,0.18535542372241748,0.010044483567514709,0.009570258866374767,0.952787547716873,0.952787547716873,10.455093765925158,13.120878206808456,1.2549747042510055,1.2549747042510058,2.2818626984664303,1.0021924991789533
5104,1.2148311268106138,2.0941535798806106,1.5321476319349625,0.11500147133852828,0.011945836608606205,0.010939265351855465,0.9157387389657105,0.9157387389657105,18.29485207346141,28.03284746466584,1.5322806302069207,1.5322806302069207,5.041507832425551,2.182293196680204
5105,1.2150691423135156,2.0324163149011882,1.9026183163314712,0.2909379363619988,0.011444667367248973,0.011332708508403736,0.9902173776438774,0.9902173776438774,9.984051814886564,10.446009808282463,1.0462695909397328,1.0462695909397328,1.33622406666984,0.6609199470010493
5113,1.2169732663367299,1.5302559202972923,1.5302559202972923,0.4819936095306635,0.010761797981867513,0.010813896300176417,1.004841042212155,1.004841042212155,8.52400074652016,8.340130855337026,0.9784291559033242,0.9784291559033244,1.3500312237991876,0.5839063221752333
5125,1.219829452371551,2.198544097222002,2.198544097222002,0.27733215767587727,0.011501522421717932,0.011415195641261259,0.9924943170746106,0.9924943170746103,11.29646799299061,11.697375834358798,1.0354896629297714,1.0354896629297714,1.4731271690394694,0.7886390963915816
5127,1.2203054833773543,1.5965504606170031,2.278197791963051,0.114568798638819,0.010285030564446093,0.009539557666398926,0.9275186501998194,0.9275186501998193,10.7103053558753,15.482882656826785,1.4456060908042565,1.4456060908042565,1.599229539407836,0.8719761203785674
5128,1.2205434988802562,1.3833404734079093,1.2543234771312852,0.13604544943758762,0.010737035957376751,0.009934995250603889,0.925301478922418,0.925301478922418,16.108776264182307,23.34337426354079,1.4491090993326747,1.4491090993326747,5.788332802554152,2.1787581346548612
5133,1.221733576394765,2.1830678878116228,2.8445316253151938,0.22673762582649065,0.011064017196359577,0.010955302650271816,0.9901740440060477,0.9901740440060477,11.717869928688003,12.27680567878161,1.047699432874332,1.0476994328743319,1.3249711763964753,0.8019586547865437
5133,1.221733576394765,1.483001795278106,1.3584515529680763,0.49540755755842547,0.010850232143021945,0.010878293138518267,1.0025862115322914,1.0025862115322914,17.024460705133166,16.82739141010906,0.9884243443338744,0.9884243443338745,5.899601349793132,2.3524369460721988
5138,1.2229236539092738,3.6606116962231883,2.3270209113485527,0.44143067546861176,0.013520925490824249,0.01375921341458782,1.01762364003302,1.01762364003302,10.349117338481038,9.556043719627992,0.9233679943018747,0.9233679943018743,0.8461473519776526,0.46632345364451777
5141,1.223637700417979,1.565637426455684,1.8833893446536483,0.38054469334625063,0.010507192806818007,0.01055320706365822,1.004379310219791,1.004379310219791,10.18927305592487,9.988542967558717,0.9802998617011807,0.9802998617011804,1.6671947454156792,0.8198121790921558
5143,1.2241137314237827,2.0,2.0,0.24182477370970146,0.011299605249474366,0.011068307025813627,0.9795304155716857,0.9795304155716856,14.726059627757591,16.21231778543878,1.1009270772528787,1.100927077252879,2.842906267940948,1.4463623534027295
5144,1.2243517469266845,2.982516282114463,1.1351070350839916,0.44743755582000894,0.014096728479349976,0.014085623763029985,0.9992122486904491,0.9992122486904489,12.193770507259137,12.237138467731603,1.0035565668918116,1.0035565668918118,2.0982884211082604,0.7320832276269803
5145,1.2245897624295863,2.356043107130162,1.7975611157646927,0.49300248329114915,0.012125087227042936,0.01223884025036821,1.0093816251541323,1.009381625154132,10.1906219555075,9.76867072091367,0.9585941627080192,0.9585941627080193,1.3088714477053487,0.6262347032475422
5146,1.2248277779324879,2.274525678870895,2.5641195573200237,0.358890408722803,0.011379770836718955,0.011542801141715,1.0143263258404112,1.0143263258404114,9.906511082438563,9.278772748665402,0.9366337625275599,0.9366337625275599,0.9939380491232715,0.574119980893019
5148,1.2253038089382915,1.4637456527278059,1.4637456527278059,0.18442903972086366,0.01067708256444071,0.010153372620869995,0.9509500895577135,0.9509500895577134,10.939338837223435,13.85104318427201,1.2661682200702002,1.2661682200702002,2.3521944232461807,0.9876190569568221
5155,1.226969917458604,3.0629470261668694,10.006149061306695,0.3814506303440539,0.010631058242530252,0.01182259209316545,1.1120804555343689,1.1120804555343689,7.922415020915243,4.687586884398564,0.5916866097046538,0.5916866097046538,0.16880454990240074,0.1440246332907485
5157,1.2274459484644074,3.8115334627178252,1.9468411707264603,0.14201156550451446,0.01406532655008853,0.013199941666336382,0.9384738860722219,0.938473886072222,14.518665966197386,19.69394275641951,1.3564567710470987,1.3564567710470985,1.8301817638689435,0.9171714881359877
5161,1.2283980104760146,1.6705831577283394,3.5857948525884185,0.41555564440672665,0.009808918455156091,0.010189722395892298,1.0388222149543955,1.0388222149543958,13.440870268087338,11.26209818732182,0.8378994784334333,0.8378994784334334,1.7468627088288717,1.1593381717087077
5162,1.2286360259789162,1.8590239390243524,1.4804662308578918,0.4923423987140203,0.011542232520626802,0.011590938825081627,1.004219833933148,1.0042198339331478,17.46480219537628,17.136042864637243,0.9811758915410979,0.9811758915410979,5.077711853503625,2.148374703866674
5166,1.2295880879905234,2.0,1.8469849405929597,0.3708018121692559,0.01143403502223454,0.011463657301896371,1.0025907109436196,1.0025907109436196,12.126291930647955,11.984222707091819,0.9882841989646421,0.988284198964642,2.031335017007543,0.987594196855311
5171,1.2307781655050323,2.2666106709715987,1.7503729898096794,0.3144995998921639,0.01201779829498667,0.011925290745227218,0.9923024544522401,0.9923024544522401,7.553652113864089,7.825584433789306,1.0360001117110103,1.0360001117110107,0.7505882506166308,0.3534273136583146
5174,1.2314922120137375,2.6762764782143456,1.7206231680115087,0.13762722165062086,0.012735130075817055,0.011873418982179501,0.9323359016745443,0.9323359016745442,15.498947333044523,21.690871559181673,1.3995061143885341,1.399506114388534,2.859648879146715,1.3325238845270613
5180,1.232920305031148,2.12212422477245,1.3551504779719443,0.17113660412542414,0.01223158007371785,0.011545530467533382,0.9439116122324546,0.9439116122324546,17.828530175475144,23.397944448091575,1.312387741322484,1.3123877413224838,5.102259796927891,2.0310034974613402
5180,1.232920305031148,1.0,1.171096980803649,0.39043009933486694,0.009743574406765876,0.00969734086099686,0.9952549707285129,0.9952549707285131,12.205852714279708,12.471018675959074,1.0217244929859877,1.0217244929859874,4.284048481570903,1.531241791276077
5182,1.2333963360369515,1.7603325673252423,1.2462908732726856,0.18103197813439317,0.01164717690485439,0.011030200708399357,0.9470278333114451,0.9470278333114451,22.720350562058456,29.325648323038827,1.290721648107437,1.2907216481074373,9.840827016558611,3.6865542956575648
5188,1.234824429054362,1.893461516622289,1.0873233320040732,0.3006609069771809,0.012201165506167413,0.01197404248006759,0.9813851368555719,0.9813851368555717,16.299429898881204,17.757411375818407,1.0894498449321395,1.0894498449321395,5.191762249509157,1.7509070672060993
5189,1.235062444557264,2.689344026804757,2.120227541437128,0.49840899140676975,0.012365629437937602,0.012554696877788932,1.0152897546218935,1.0152897546218937,10.629209223450264,9.920604129105067,0.9333341663101461,0.933334166310146,1.1689127288273922,0.6139162052301071
5193,1.236014506568871,1.37677443225093,1.312295664169499,0.2425361857176063,0.010642925687170976,0.010313931231013918,0.9690879683061558,0.9690879683061556,14.59831719416369,16.873534394175536,1.1558547584458203,1.1558547584458205,4.649265870196439,1.8086933036240316
5194,1.2362525220717726,2.003186678567245,2.003186678567245,0.38902011793401264,0.011302949276884411,0.011387333105734383,1.0074656469548655,1.0074656469548653,19.533240925419335,18.88222654291537,0.9666714609731365,0.9666714609731365,4.99132695625545,2.541642770628697
5199,1.2374425995862814,1.554201002842874,1.0281832957146309,0.4684712841413445,0.011529982030073601,0.011525127802500174,0.9995789908812723,0.9995789908812722,10.254536856067222,10.273993037185441,1.0018973242176907,1.001897324217691,2.4124081820585794,0.7775405188190779
5200,1.2376806150891833,2.7879252367521605,3.0228573624984514,0.2649464992346349,0.01190411440398467,0.011957200525172943,1.0044594767310453,1.0044594767310453,9.618656604688999,9.419981408522828,0.9793448082896192,0.9793448082896192,0.724832193707835,0.4501692669037324
5203,1.2383946615978887,1.0123312078117044,1.0123312078117044,0.13638084297793557,0.010020468109981171,0.009260706007941993,0.9241789810914726,0.9241789810914725,16.18530573249323,23.58006178599779,1.4568808384421819,1.456880838442182,8.061043889546562,2.565054265173925
5203,1.2383946615978887,1.6921314462896906,4.494470427100464,0.31081151964756953,0.009568593817458252,0.009942910221922674,1.0391192699371843,1.039119269937184,8.47210102834758,7.062963975901617,0.8336732473171646,0.8336732473171646,0.5743337851862776,0.4109151712717537
5203,1.2383946615978887,1.8936395637166785,1.4846025751291028,0.28530856539163596,0.011608387082655705,0.011401276414656936,0.9821585318852594,0.9821585318852593,9.993642924818225,10.85313757219039,1.0860041382144738,1.0860041382144743,1.6395444519908553,0.6949901671195874
5211,1.2402987856211027,1.8573403701567421,2.2307922462802376,0.17383363538475502,0.010849897464781379,0.0104057505877514,0.9590644171088553,0.9590644171088554,9.614057431088572,11.728070883660491,1.2198877495505616,1.2198877495505613,1.1820633265169278,0.6376135937744232
5213,1.2407748166269064,2.4342788702183595,2.4342788702183595,0.48336517310126154,0.011726050351383084,0.011973333617458361,1.0210883680919987,1.0210883680919987,14.127112400665462,12.84320722577567,0.9091176499148323,0.9091176499148323,2.0048799559779162,1.1297430020922827
5220,1.2424409251472186,1.3291162815434217,1.575638555950416,0.3575037329880737,0.01022171857910557,0.010184159251058037,0.99632553686967,0.99632553686967,16.46000780056043,16.737778794823857,1.0168755080574123,1.0168755080574121,5.432468130492656,2.39487760938364
5234,1.2457731421878433,2.727200405228227,4.55064418713413,0.4382991283966535,0.011201207719910442,0.011828042763474617,1.055961380168851,1.0559613801688508,15.192900670179641,11.767816758401127,0.7745602379602725,0.7745602379602727,1.3300174019536162,0.9551534341085168
5236,1.246249173193647,2.8131680289961443,1.6568860860204093,0.4181495681452453,0.013023245140216024,0.013074964443549764,1.0039713069036864,1.0039713069036864,16.15811882687016,15.870575732836011,0.9822044201360879,0.982204420136088,3.0785217687129687,1.401334313291391
5239,1.2469632197023521,2.08392592002085,1.1421367127118311,0.49718280109898827,0.012496285536148084,0.012502367460667052,1.0004866985874623,1.0004866985874623,11.20727479803386,11.182754009383135,0.9978120650120023,0.997812065012002,2.2436857159988675,0.7865871885386926
5240,1.247201235205254,2.1910742381760633,1.4054906585049767,0.3720669072322223,0.012291725860229648,0.012239116691668462,0.9957199526608866,0.9957199526608866,13.79612868931454,14.066962701962394,1.0196311602150843,1.0196311602150843,2.9282180991049307,1.1957596706365943
5241,1.2474392507081558,0.8722602951603455,1.3928829321044345,0.19183179292147376,0.009055066006723183,0.008629374123609486,0.9529885389242186,0.9529885389242186,13.036965065661091,16.330564017572836,1.252635405197715,1.252635405197715,4.8573362174455665,1.971151963485378
5244,1.248153297216861,1.0648900775809125,1.0648900775809125,0.10634458481401615,0.010105891687808892,0.009149331567365082,0.9053462920448927,0.9053462920448927,9.941495303881368,16.116266074290994,1.621110867295674,1.6211108672956738,2.865501560499398,0.9503430164752779
5246,1.2486293282226646,1.198302216609885,3.527789295666419,0.3123795152907711,0.008799439989680375,0.009010168253538639,1.0239479176067336,1.0239479176067339,10.314850946253966,9.232352775342093,0.8950544049010226,0.8950544049010223,1.3003476583083446,0.8578674625952714
5247,1.2488673437255662,1.1346624663863765,1.1346624663863765,0.41085718846219554,0.010215055091908435,0.010183054792967083,0.9968673395636701,0.9968673395636701,15.828089924270817,16.053765062830532,1.0142578883263522,1.0142578883263524,6.735151380400217,2.349144976191375
5247,1.2488673437255662,2.6247462121132727,3.4257159830282276,0.44920914204689966,0.011472343378014187,0.011910491913296125,1.038191720805848,1.0381917208058482,9.786035092150527,8.227753104773797,0.8407647251718274,0.8407647251718268,0.7099631419167327,0.4632856260661003
5248,1.2491053592284682,1.0,1.3815618958706097,0.25517100960485456,0.009489313029099708,0.009236987349606696,0.9734094893150604,0.9734094893150604,19.576428371818473,22.162196842106223,1.132085813672229,1.1320858136722292,10.046213337506034,4.05368364110293
5262,1.252437576269093,0.9903419853873758,1.0493553361031172,0.28381078719359804,0.00988830758885327,0.009667566293003192,0.977676534243442,0.977676534243442,8.28611066765057,9.186845512171558,1.1087041774662154,1.1087041774662156,2.105190562720116,0.6899224257292488
5263,1.2526755917719945,0.8744394349160443,1.0722658527496274,0.25160767391896344,0.009452692506910783,0.009167014056249354,0.9697780869892285,0.9697780869892284,16.14015100504268,18.58603525480046,1.151540357273833,1.1515403572738334,8.582501937364945,2.862258927131098
5265,1.2531516227777981,1.6787514075854406,1.3551936979634527,0.4261173188404851,0.01131233436680325,0.0113135003198927,1.0001030691855142,1.000103069185514,4.133389835926393,4.131466837713422,0.9995347648566179,0.999534764856618,0.3206214157502843,0.1276293131913263
5272,1.2548177312981106,2.0093594078787644,2.0093594078787644,0.39265009029022946,0.011309416722923876,0.011399314504688039,1.00794893175896,1.00794893175896,11.376313788839393,10.97321730582867,0.9645670389818031,0.9645670389818031,1.6861181380173131,0.8600570830083343
5273,1.2550557468010122,1.0,1.203293018783824,0.4575008696946743,0.009700884044145569,0.009702282521242318,1.0001441597580576,1.0001441597580576,11.22567989998073,11.218391944256021,0.9993507782344015,0.9993507782344017,3.5706756354577793,1.302913641731874
5273,1.2550557468010122,1.8429404577505155,2.0204646632262593,0.4069664617796019,0.010979237964504139,0.01108337792992389,1.0094851724460692,1.0094851724460692,11.515234362886563,11.030767072614813,0.9579281432748619,0.957928143274862,1.8233146335287473,0.9328764241266361
5277,1.2560078088126194,1.0,1.1263504390505965,0.3103527299055407,0.009805576480825832,0.009643511913483099,0.983472204040258,0.9834722040402578,8.880377205935158,9.580585321611967,1.0788489159231691,1.0788489159231691,2.315396304669207,0.8029524390182365
5277,1.2560078088126194,2.36296340670316,1.4680088997258725,0.30522733606487,0.012519470149062632,0.012345372215936536,0.9860938257727201,0.98609382577272,13.508812055811143,14.401300343607293,1.0660671185674113,1.0660671185674113,2.602037894217063,1.0946708718515892
5282,1.257197886327128,1.5118068959279498,1.1045172436719959,0.39913246088217846,0.011290061168771987,0.011241304321497128,0.995681436393833,0.995681436393833,11.970234594963662,12.206426133336649,1.0197315713822652,1.0197315713822654,3.2269034452772716,1.1019265755306524
5285,1.2579119328358335,1.4465755062554755,1.1585123207211878,0.3476564664739415,0.0110389431906216,0.010927502086671833,0.9899047307314305,0.9899047307314303,16.405505507728556,17.177979365521367,1.0470862575632858,1.047086257563286,6.085944404071319,2.1572717462085964
5286,1.2581499483387353,2.1275431504476954,2.8014241941004605,0.4388404448258624,0.01099257010389762,0.011282672495463534,1.0263907702042356,1.0263907702042359,10.319847306334866,9.1562969744937,0.88725120660197,0.8872512066019699,1.0573334550639646,0.6357204882459824
5289,1.2588639948474405,1.163736271209245,1.3062619294914106,0.11266754887511557,0.01007032658694261,0.00917821389535437,0.9114117418252381,0.9114117418252383,15.401783268615175,24.139868903908635,1.5673424617719043,1.5673424617719038,5.804003808371698,2.250420912451735
5290,1.2591020103503423,1.0,1.0,0.1441411723447044,0.01,0.009284101117034503,0.9284101117034503,0.9284101117034503,20.634249429458833,29.374033655643597,1.4235571667417795,1.4235571667417795,13.290603646155542,4.18627782490023
5291,1.2593400258532441,0.9747377428082282,1.1635766497145958,0.4763694206644716,0.009670936290952767,0.009674691810769267,1.0003883305301073,1.0003883305301076,9.075507342709495,9.059655579411741,0.9982533468709617,0.9982533468709617,2.417547602925593,0.8598305807041761
5301,1.2617201808822618,4.950024831509733,1.7391777051179291,0.12938107189508044,0.015607135623735995,0.014481316904943179,0.9278651287504273,0.9278651287504273,9.691169987226159,13.902040776569462,1.4345059260020836,1.4345059260020836,0.736983864740382,0.3456720234221919
5306,1.2629102583967706,2.6444233295483666,5.504254425570532,0.41322451435958973,0.010830323967703576,0.01156451900915667,1.0677906813907405,1.0677906813907405,10.265098010230615,7.519445389685551,0.7325254354309492,0.732525435430949,0.5288981441341911,0.4004426637988738
5306,1.2629102583967706,1.285127582014058,1.285127582014058,0.4426629579873158,0.01043607474092647,0.01043891457159635,1.0002721167431605,1.0002721167431605,12.400639027781759,12.385432896556676,0.998773762288297,0.9987737622882968,3.5542191251290456,1.3618748090766155
5309,1.2636243049054758,1.0,1.9029375935264858,0.34331892223013083,0.00903486017365797,0.009033274027531058,0.9998244415412718,0.9998244415412716,21.584337621256417,21.601662554516277,1.000802662262047,1.0008026622620467,10.019293569096359,4.956196450301473
5309,1.2636243049054758,1.0,1.0,0.46950923008407364,0.01,0.009995862354471172,0.9995862354471172,0.999586235447117,16.046125199660572,16.07604442171208,1.0018645761315723,1.0018645761315723,8.037254258364138,2.531576455867546
5315,1.2650523979228865,1.0,1.0,0.1581870229243114,0.01,0.009355180662398611,0.9355180662398611,0.9355180662398608,10.688580524102491,14.645250456787336,1.3701773049997283,1.3701773049997283,3.566214170474404,1.1232870754535214
5317,1.2655284289286899,1.8605542099089993,1.6463889856038656,0.33589146010994064,0.011357683231440967,0.011292521628056159,0.9942627733088713,0.9942627733088709,9.881560459019406,10.144229458949658,1.026581732816349,1.0265817328163487,1.52276603701846,0.6903952606314939
5324,1.2671945374490023,1.3702037531780336,1.7629971241097802,0.1570716921916998,0.010150548739574883,0.009574058347400863,0.9432059874825877,0.9432059874825878,11.03564694196836,14.574675233675025,1.3206906047571898,1.32069060475719,2.2306036637108444,1.0548912649243174
5330,1.268622630466413,1.7906336634642066,1.7906336634642066,0.19305286788572046,0.011071634023590422,0.010622147923061806,0.9594020088118076,0.9594020088118076,10.414639979116114,12.652726925671802,1.2148981578857836,1.2148981578857834,1.645553024902977,0.7855100416236446
5332,1.2690986614722164,1.4527550372652318,2.6465713622563296,0.16157693711386703,0.009756760277589361,0.009373965760926643,0.9607662271315641,0.9607662271315643,13.567589693529529,16.445174836164835,1.2120925829594953,1.2120925829594955,2.4569129864582324,1.4400843439089346
5335,1.2698127079809218,1.0,1.287443333474088,0.4776770448734967,0.009596147560918603,0.0096109829978319,1.0015459784063467,1.0015459784063467,14.65788521299597,14.55620929898977,0.9930633981281248,0.9930633981281248,5.8639416317869335,2.249845021372732
5338,1.270526754489627,1.7200426641380713,1.7004175755432414,0.18085230429612162,0.011009937974853511,0.010492366864834868,0.9529905516996766,0.9529905516996766,3.9114387533345156,4.90727358223228,1.2545955316439026,1.2545955316439024,0.24638447940147465,0.1139780210217973
5339,1.2707647699925289,2.1939622076040863,2.1939622076040863,0.4503596592495627,0.011497002767661564,0.011675861950635292,1.015557027043328,1.015557027043328,10.639739309694745,9.917375205147238,0.9321069733457378,0.9321069733457377,1.310519407022662,0.70082417111569
5339,1.2707647699925289,2.147962341480936,2.147962341480936,0.23790468495516684,0.011451275053378736,0.011234053405344866,0.9810307894080513,0.9810307894080516,17.55594162398098,19.195604269301366,1.0933964512094667,1.0933964512094667,3.6716812303589603,1.9417509535672641
5342,1.2714788165012343,2.7625528897083864,2.7625528897083864,0.17071721351759306,0.012015740843917428,0.011620413302207724,0.9670991953933639,0.9670991953933639,15.275138653819583,17.933615996131767,1.1740394900865547,1.1740394900865547,1.966427736093253,1.1750543949499621
5342,1.2714788165012343,3.0569258329667277,2.4333937460027926,0.45223916781804296,0.012651608039753733,0.012906644838225477,1.0201584492398412,1.0201584492398412,11.18116658923157,10.206812250086362,0.91285754206689,0.9128575420668898,1.079256583838297,0.6080500563362582
5349,1.2731449250215465,1.9414765548740849,1.3316005980259293,0.13594285349134697,0.011907197739631212,0.011026374063033821,0.9260259470063466,0.9260259470063467,10.672226685311436,15.411270737852904,1.444053916045841,1.4440539160458412,1.9595898199842667,0.7703679632458192
5350,1.2733829405244483,2.0509717140642794,1.0331414168995685,0.3579852175231163,0.012636680552870878,0.01252023038942695,0.990784750555598,0.9907847505555979,11.67549113348719,12.175376401560435,1.0428149242167204,1.0428149242167204,2.5930265624276614,0.8390617817848167
5351,1.27362095602735,1.9652666914427113,1.9652666914427113,0.49802089524741106,0.011262924392727986,0.011402773518964538,1.0124167686259926,1.0124167686259926,14.840810253994789,14.032595219513839,0.945541043875054,0.9455410438750541,2.955523976730833,1.4890091873970388
5355,1.2745730180389572,1.0,1.0,0.28870161174323783,0.01,0.009786921176702889,0.9786921176702889,0.9786921176702886,21.995770023003015,24.26937867784602,1.1033657222486544,1.1033657222486544,15.102390482559581,4.756954918177202
5362,1.2762391265592694,1.8476696471854057,1.8476696471854057,0.13919032165412876,0.011135426801657532,0.010414539607057221,0.9352618262918305,0.9352618262918307,11.451091262097739,15.791062122343368,1.3790006350408375,1.3790006350408375,1.9092022879727724,0.9284171263756227
5365,1.2769531730679748,1.9752244946699618,1.615531812448221,0.18638172668307587,0.01161999366461232,0.011084800604772554,0.9539420523550154,0.9539420523550156,13.93817987355723,17.393693099323215,1.2479171066174573,1.2479171066174577,2.9455868438458186,1.3195656779689056
5367,1.2774292040737782,3.3282117004350873,1.439858686572366,0.17079879206399265,0.014076178638546278,0.013299317135064635,0.9448101986035982,0.9448101986035982,14.999517273021432,19.601990936999798,1.3068414523083691,1.3068414523083693,2.5825373611647504,1.0722727656927067
5370,1.2781432505824835,2.4120583932245236,2.1343002588739366,0.324626245126802,0.011913639752483777,0.01192545166319459,1.000991461128271,1.0009914611282709,17.475083894881614,17.395724668181483,0.9954587212755314,0.9954587212755315,3.381972554282342,1.7824948195923715
5374,1.2790953125940907,2.251893831514007,2.251893831514007,0.24683531415696291,0.011553691208028901,0.011386546124461296,0.985533187571133,0.985533187571133,11.263052871489672,12.054386140320345,1.0702592163829565,1.0702592163829565,1.4175594996607057,0.7683525763264824
5374,1.2790953125940907,1.9096876318266482,3.6462919714940694,0.10454668968658469,0.01023364618783452,0.009650415089541498,0.9430084754164796,0.9430084754164795,19.94443665704465,26.789486001527614,1.3432059507213605,1.3432059507213612,3.4723714531256085,2.3184678810451
5378,1.2800473746056977,2.310316165907498,1.155158082953749,0.12129100753360256,0.012909488824687038,0.011821834529582718,0.9157476868468735,0.9157476868468737,15.01737229179396,22.94027866755148,1.5275827369670314,1.5275827369670318,3.738165302224532,1.3220939512243866
5379,1.2802853901085995,2.3625831424656636,1.099263400848897,0.4601247843530815,0.013111914121770062,0.01310588485016105,0.9995401684641145,0.9995401684641146,15.851917329154817,15.88478130935168,1.0020731864489616,1.0020731864489618,4.212784845939285,1.4331577735419954
5382,1.2809994366173048,2.4358226072573457,1.6230222667501217,0.21664009616958496,0.012452053202055231,0.012019357416517568,0.9652510490827131,0.9652510490827131,12.54629163205361,14.791954111555976,1.1789901387088026,1.1789901387088026,2.0694853585148496,0.9298220896164545
5383,1.2812374521202066,1.9958168230715656,1.7412569231142323,0.3660503439619537,0.011527871270852388,0.011529715170074624,1.000159951406371,1.0001599514063713,8.279000939816846,8.272977126157224,0.9992723984809989,0.9992723984809989,0.984743266299137,0.46221589639034283
5385,1.28171348312601,2.4492115960071574,2.0198906161599908,0.1133852715131642,0.012071522108940469,0.011133718258344891,0.9223127090244058,0.9223127090244055,11.419874986312744,16.950724678931557,1.4843178843242852,1.484317884324285,1.4838088794684583,0.7590534594991959
5387,1.2821895141318136,1.2431995170394825,1.0193776392870613,0.3529167399104103,0.010718318271402544,0.010611895406015318,0.9900709362520824,0.9900709362520824,10.557803523975316,11.046059350105715,1.0462459663150234,1.0462459663150236,2.9805728202415587,0.9538842321551826
5388,1.2824275296347154,1.5948838475825606,1.8496929502296455,0.20001149205453542,0.01060076754052073,0.010209117157849421,0.9630545258940685,0.9630545258940685,18.006113232944617,21.48336863562256,1.193115269114038,1.193115269114038,5.203391816060506,2.5319540418485924
5389,1.2826655451376172,3.7875135753562033,2.095202198462158,0.15909570116378807,0.013884769650448953,0.013188156827832562,0.9498289967962222,0.9498289967962221,6.141534086431563,7.852325665737206,1.2785609515846015,1.2785609515846015,0.3131068671331905,0.16340077774218997
5389,1.2826655451376172,1.0,1.0649417901975355,0.45774219741990263,0.009896225157685973,0.009889437343146672,0.999314100636238,0.9993141006362379,11.006267000959756,11.04032315336738,1.003094250975799,1.0030942509757992,3.6624324635087673,1.214692598850678
5392,1.2833795916463224,1.0,1.1233737535583765,0.22735968214618213,0.009809817299635112,0.009445976406846749,0.962910533226557,0.9629105332265571,16.263825781019015,19.369258486966928,1.1909410951494674,1.1909410951494677,7.777075807242008,2.691407007847615
5403,1.285997762178242,1.2735862471813126,2.7236615754977347,0.23780122816262853,0.009300616420729517,0.009221354287583463,0.991477754854034,0.9914777548540339,14.400799068525352,14.99173133016649,1.0410346855635733,1.0410346855635733,2.959248399325878,1.7571937740225667
5403,1.285997762178242,1.6200641018264281,1.0165968532442733,0.390150183899807,0.011712625043784172,0.01164874177706563,0.9945457771866056,0.9945457771866056,13.953894760088158,14.302876279991548,1.0250096138679194,1.0250096138679194,4.369995793440725,1.3953949451603118
5404,1.2862357776811435,3.083787861455879,1.2890430327626499,0.48434848205627656,0.013964937365881993,0.013988346332451593,1.0016762672081,1.0016762672080999,7.719867198737132,7.661829059334899,0.9924819769682401,0.9924819769682401,0.7671966928721389,0.2946201772255316
5408,1.2871878396927507,2.59126908715932,1.1004399253979653,0.4890502553521425,0.013519637080482486,0.013522355033765768,1.0002010374440602,1.0002010374440602,13.463888170524667,13.451712049560273,0.9990956460117479,0.9990956460117478,2.8559662278270306,0.9724035241986473
5408,1.2871878396927507,1.0,3.4128480129206022,0.4194483983680736,0.00832096543188975,0.008621659285346066,1.0361368949213419,1.0361368949213416,11.360714049127862,9.637967310506014,0.8483592905188825,0.8483592905188824,1.8259531819205561,1.1898337075394139
5409,1.2874258551956523,1.9505823919419751,1.3312161569338905,0.11132130907541803,0.011926330846256519,0.010862044517062606,0.9107616296316335,0.9107616296316335,14.632022902234006,23.024201751636312,1.5735487776007373,1.5735487776007377,3.672659652907574,1.4435242252225344
5409,1.2874258551956523,5.905432366798337,4.444300914783354,0.4032673719134843,0.014534536440842561,0.015285672086571023,1.051679367194522,1.0516793671945222,18.01695958125763,14.221803582877941,0.7893564682063422,0.7893564682063422,1.1393323724471922,0.8123677285945389
5411,1.287901886201456,4.316881722494767,10.891093964880952,0.18510671116119115,0.011814140458703038,0.012607961343415595,1.0671924366810603,1.0671924366810603,12.17018838269475,8.696605891498944,0.7145826850030502,0.7145826850030502,0.2933076391507795,0.25336086377417083
5411,1.287901886201456,3.2359750238998575,6.064042609801624,0.2268441140210717,0.011451132595719875,0.011887895361141914,1.0381414468631067,1.0381414468631065,16.62694625221508,13.840220652797612,0.8323970284653915,0.8323970284653915,1.1167747475477978,0.8659253926971386
5412,1.2881399017043578,2.2375707383785297,4.342492111151748,0.3586072415832582,0.010548273216709762,0.011021826518755308,1.0448939169773666,1.0448939169773666,8.954147310199795,7.282463401045468,0.8133061863690707,0.8133061863690709,0.5476680612194653,0.387712076724766
5418,1.2895679947217684,6.787529516199537,6.787529516199537,0.10852778164505267,0.014466888194519214,0.014265674133014557,0.9860914068872885,0.9860914068872887,14.737888619449636,15.85137937623317,1.0755529360775637,1.075552936077564,0.48572862389388627,0.3862902436575822
5419,1.2898060102246702,3.6492922259416125,3.6492922259416125,0.17319917828963194,0.012697910988047952,0.012484206334005467,0.983170093549747,0.983170093549747,15.383775682986705,16.703483487528402,1.0857856895301192,1.085785689530119,1.3406969521429408,0.895434077826907
5420,1.2900440257275718,1.1431248322485372,1.1431248322485372,0.4954992945681439,0.01022798770276727,0.010232975026977847,1.0004876153898021,1.0004876153898021,10.244002935899447,10.221547382261308,0.9978079317451731,0.9978079317451732,2.7961480600432194,0.9809280388130921
5423,1.2907580722362773,2.601846366891171,1.33891862515738,0.20489095894941317,0.013116414506436799,0.012555586181566889,0.957242253620859,0.9572422536208591,10.86744363363405,13.320319198521814,1.225708607063419,1.2257086070634193,1.6664128196662074,0.6576796171447518
5426,1.2914721187449825,3.9160831197582455,2.40712983821797,0.46850234304329463,0.013761697089965254,0.014040369520184396,1.0202498593303833,1.0202498593303833,9.510922604837491,8.67914933792267,0.9125454699324584,0.9125454699324584,0.6671436561965877,0.3738844600909219
5431,1.2926621962594913,2.8237571040958653,1.4217548385406034,0.12557932020089846,0.013352158492462879,0.01229744289580883,0.9210078582238653,0.9210078582238651,6.522031128391399,9.690490826217427,1.4858087358757364,1.4858087358757364,0.5488849854151827,0.22592913989430125
5432,1.2929002117623931,2.917315838207235,1.589916112706198,0.28641563899591943,0.01326562387595352,0.013053063395127806,0.9839765937272636,0.9839765937272635,9.175712229202412,9.881438381726262,1.0769124112543353,1.0769124112543356,0.9940363258472548,0.44077448225836846
5432,1.2929002117623931,2.5101408611473586,2.324543464177304,0.17932045330882163,0.01192488565429152,0.011485186762063618,0.9631276219349187,0.9631276219349186,15.085221498560953,18.03378105689595,1.1954601434666554,1.1954601434666554,2.313680158271798,1.2744204992824852
5442,1.2952803667914108,3.613842907532353,3.1421063929649335,0.12167354587092476,0.012911554924835433,0.012226032376214294,0.9469062748358423,0.9469062748358423,16.777647217103894,21.963127743227282,1.3090707808444724,1.3090707808444724,1.8016013703913138,1.136732030623682
5444,1.2957563977972142,2.1660739143336363,1.5693696208189147,0.11123779683661811,0.012036332651229548,0.01099790258297096,0.9137253764623638,0.9137253764623636,18.616512472733632,28.867912728768815,1.5506616919280518,1.5506616919280518,5.03019979377583,2.2118193986585712
5445,1.295994413300116,2.0,1.4438508649469843,0.34334054369440176,0.011873249220979399,0.011782470129345333,0.9923543176813249,0.992354317681325,12.081653603380412,12.510659440935378,1.035508867547314,1.0355088675473143,2.3490309897080737,0.9771655383520217
5452,1.2976605218204282,1.833588862526064,1.3471324505201467,0.12344043150720979,0.011660959674626447,0.010714200786653413,0.9188095221671055,0.9188095221671054,13.747438945680198,20.666642055840295,1.5033085171354255,1.5033085171354255,3.3555885974640325,1.3301170991783802
5465,1.3007547233581513,1.0,1.0,0.33217256651292565,0.01,0.00986923051350281,0.9869230513502809,0.9869230513502809,18.98064964102383,20.149629656312083,1.0615879876293421,1.0615879876293417,11.245777844889549,3.5421980573044363
5466,1.3009927388610532,1.43623933771082,1.1997404844538118,0.23844486976427284,0.010950342934052299,0.010586893776533457,0.9668093355881464,0.9668093355881462,7.494026618942897,8.756746455044688,1.1684968442612644,1.1684968442612642,1.2520984756735865,0.455860116785742
5466,1.3009927388610532,1.5485581305065002,1.5485581305065002,0.46647967473700086,0.010784677813345876,0.010836047175278526,1.0047631800246346,1.0047631800246344,8.955062619904002,8.764880354964022,0.978762597983707,0.9787625979837068,1.4676473629688074,0.6397495659998647
5467,1.301230754363955,1.3356548669741488,1.7068225597603888,0.24443845158218327,0.010113974428191553,0.009863518778258805,0.9752366736033431,0.9752366736033433,17.039707629568028,19.137132007896536,1.1230903970845703,1.12309039708457,5.521609294883538,2.560235910371077
5470,1.3019448008726602,1.2110294397688048,1.2110294397688048,0.3809196764379483,0.010329521738067364,0.010273442398099512,0.9945709645238286,0.9945709645238288,13.256106895230712,13.586532089548056,1.0249262620563375,1.0249262620563373,4.36715245073742,1.6012727466584071
5474,1.3028968628842672,2.6523386812054808,1.6774063783069686,0.4533749953911473,0.012746230079959724,0.012827356437121884,1.0063647334665418,1.0063647334665418,8.869699601582127,8.618669630237838,0.9716980300776463,0.9716980300776461,0.9573738482066687,0.43915876397615045
5479,1.304086940398776,4.487730687275419,1.5232133563259023,0.4037761534819646,0.01541521036026076,0.015425786956703677,1.0006861143114973,1.0006861143114971,6.619920885797198,6.599396007623807,0.9968995281775306,0.9968995281775305,0.3985331477332863,0.17184717212711023
5479,1.304086940398776,2.4188555296663696,1.255972747674492,0.20546177128881082,0.012932619880642014,0.012370971666808044,0.9565711960130628,0.9565711960130631,13.991128542230753,17.20228318680454,1.2295136260724968,1.2295136260724968,3.006277324001299,1.1326776197124115
5480,1.3043249559016779,4.432302209178905,4.993746249617379,0.22513925438943808,0.013018334466837561,0.013326909589006132,1.0237031183178327,1.0237031183178325,15.463766428285822,13.80361131931601,0.8926422539638784,0.8926422539638785,0.9230884502651916,0.6809629969454483
5482,1.3048009869074815,6.94236621331103,5.796355973266859,0.2268266251351836,0.014848247754456059,0.015365496771310997,1.0348356941107553,1.0348356941107555,14.27783355690006,12.07753378138377,0.8458940029838807,0.8458940029838808,0.514565718641218,0.39467450047672925
5483,1.3050390024103833,2.179015591272291,2.179015591272291,0.42226158372090405,0.011482215280135653,0.011638818546772248,1.013638767678178,1.0136387676781777,13.400562988595691,12.59807373891953,0.9401152585634569,0.9401152585634568,2.0981855386866117,1.1180383204623916
5487,1.30599106442199,1.9725863542364859,1.8575713984331612,0.2857999191556198,0.011371825484862576,0.011238706325486,0.9882939498540692,0.9882939498540694,14.27654197598878,15.071542261136008,1.055685773661739,1.055685773661739,2.8311027395683714,1.381029657890159
5492,1.307181141936499,1.7624910518658223,1.7624910518658223,0.45204265036002383,0.011039657501842952,0.011125288571244365,1.0077566780841813,1.0077566780841811,13.127568092733917,12.676045097269087,0.9656049778393649,0.9656049778393648,2.6691956948521263,1.2620904593173747
5494,1.3076571729423025,4.205844557837624,4.711493830862981,0.2133270453472226,0.012885202520007742,0.013086203830073265,1.0155993908325007,1.0155993908325007,17.227432141377502,15.981961506727306,0.9277042205460918,0.9277042205460919,1.2450494157314038,0.903375095057087
5504,1.3100373279713202,2.222331866648008,2.5624724971186543,0.13494978575526215,0.011293073257012403,0.010674117015058165,0.9451915144914251,0.9451915144914254,13.06486540714972,17.182100997662953,1.3151380027428439,1.315138002742844,1.7565065254020087,1.014291038883382
5504,1.3100373279713202,3.0355894199872133,1.1689345481707512,0.43305300106164857,0.014112249970901002,0.014093471737557654,0.9986693664453175,0.9986693664453171,14.349134622119596,14.435525697009776,1.0060206470400666,1.006020647040066,2.826877376756231,1.0089737871484794
5511,1.3117034364916327,2.9399712554848763,1.2704237604658717,0.3991538293090408,0.013776378284879088,0.013734913548519377,0.9969901569554589,0.996990156955459,7.4655838157437735,7.567969227311298,1.0137143208213146,1.013714320821315,0.7467741143874501,0.28374315694091157
5513,1.312179467497436,4.676443284318315,9.031928349967709,0.3900862769580602,0.012376292102813501,0.013670420898397036,1.1045651463970652,1.1045651463970652,16.53171239533227,10.153344517177597,0.6141737936382436,0.6141737936382435,0.6081884428240867,0.5105421463290902
5513,1.312179467497436,1.0,1.0,0.4150412455656701,0.01,0.009967571241935286,0.9967571241935286,0.9967571241935284,11.583479451259018,11.754408660072942,1.0147562923155482,1.0147562923155482,4.18837365966982,1.319255034660808
5516,1.3128935140061413,1.6836259541513772,1.1122386322503952,0.49164266508008614,0.011689173154260967,0.01169248238518334,1.000283102224486,1.0002831022244862,15.722524876541536,15.702505988065644,0.9987267383175993,0.9987267383175995,5.162600769283015,1.7726657980234168
5517,1.3131315295090433,3.3439030358668846,3.0927472491219348,0.28792674828361003,0.012608733851337548,0.012750756355379627,1.0112638196441122,1.0112638196441124,7.050185588208737,6.690437167483718,0.9489731984748473,0.9489731984748475,0.33906352553968533,0.21256752379711272
5522,1.314321607023552,1.9598616737685575,1.9598616737685575,0.27693563024567946,0.011257177539466147,0.011122828033569015,0.9880654359917377,0.9880654359917377,11.378318218370872,12.026561378333643,1.0569717903403466,1.0569717903403468,1.7436733878532609,0.877112191415862
5522,1.314321607023552,3.1510031971799766,1.9285716784213156,0.4781182922506305,0.013219256857897066,0.013371716040025652,1.0115331129251421,1.0115331129251421,8.533731243828434,8.101161281321133,0.9493105711736429,0.949310571173643,0.7223042754569997,0.3600421916080162
5522,1.314321607023552,1.8375381040751835,1.8375381040751835,0.2166258239868521,0.011124191873473096,0.010776686929437814,0.9687613313409357,0.9687613313409358,17.146370405125364,19.884237266714067,1.1596761761760557,1.1596761761760557,4.311639894146983,2.0899387929030215
5525,1.3150356535322574,2.5271709843667605,3.734724048449232,0.4693884643876475,0.011200177980721154,0.011695867330754353,1.0442572743831775,1.0442572743831773,9.956292517542204,8.14287343728984,0.817862012686222,0.817862012686222,0.7044900911742056,0.47440358846447656
5528,1.3157497000409626,1.0,1.5510311124020615,0.16016777375001956,0.009319463758514515,0.008773664756534206,0.9414345056622326,0.9414345056622327,17.03551162056025,22.675968405640965,1.3310999346960157,1.3310999346960157,7.1021846126365835,3.09908304514708
5529,1.3159877155438644,2.93734388233529,2.2877401544615124,0.3769982303415741,0.012595104827972086,0.012739140031554366,1.0114358082405472,1.0114358082405472,8.762132678792607,8.317664347123111,0.9492739555581869,0.9492739555581868,0.7108036548308495,0.38838728244809045
5531,1.3164637465496678,2.5659272467972443,2.19325484689819,0.20037580487446977,0.012113695987711177,0.011740953276645446,0.9692296462249125,0.9692296462249124,6.433220895702357,7.453732960406108,1.1586315908078786,1.1586315908078788,0.431709036147587,0.23082543813686277
5538,1.3181298550699803,6.293691891625897,3.000984680163268,0.45367441356650784,0.015631548488929583,0.01611302607072852,1.030801656159652,1.0308016561596518,5.995492547814898,5.214251259041018,0.8696952281162272,0.8696952281162272,0.1645419139200021,0.10188369674416153
5543,1.319319932584489,4.184326808714809,4.184326808714809,0.2990278595943469,0.01305709596961176,0.013473985600849232,1.0319282045722658,1.0319282045722658,11.368163966167652,9.79725815520066,0.8618153454117918,0.8618153454117922,0.5993335265757007,0.4193313024525719
5553,1.3217000876135068,0.9508656701062582,1.1714803842103456,0.2797082505446676,0.00958079673305957,0.009363906652568765,0.9773619995775087,0.9773619995775087,13.913611336733554,15.45057366305649,1.1104646586084503,1.1104646586084503,5.755835801028776,2.0578177714024934
5555,1.3221761186193102,2.287727416130346,1.4074875589446718,0.2888099357353538,0.01246708717280198,0.012241118903322381,0.9818748143533826,0.9818748143533828,14.910195518338055,16.212226551253885,1.087324879899426,1.087324879899426,3.320451371520362,1.357264988468357
5560,1.3233661961338192,4.705045795219501,1.6906527319191953,0.13706988918574128,0.015411326600036867,0.01435647446250108,0.9315534499454925,0.9315534499454924,10.424832251339065,14.648049159511537,1.4051112580377494,1.4051112580377494,0.8980529593621389,0.41396461233639753
5561,1.3236042116367208,2.0760026009781583,2.7655724736732203,0.3776662269532001,0.010922545152083055,0.011145927609559665,1.0204515023161986,1.0204515023161986,13.282038475988008,12.099306698266265,0.9109525409175745,0.9109525409175744,1.7972584962852993,1.0744856032661851
5562,1.3238422271396226,0.8724541650371227,1.76969036241539,0.35098446231286634,0.008727576392259401,0.008715480315951768,0.9986140394808389,0.9986140394808388,18.82346879426169,18.942861711935016,1.006342769177046,1.0063427691770457,8.747226393000552,4.146170368402147
5569,1.3255083356599349,3.2465687913192895,2.2416642216790814,0.48369346661544016,0.013060656851489601,0.013288603581243612,1.0174529299977753,1.0174529299977753,8.970766674133758,8.291018657286461,0.924226318492122,0.9242263184921221,0.706868623789644,0.3822459791107773
5570,1.325746351162837,1.7308325450817892,1.128672698283694,0.15488773960002084,0.011769157712367116,0.010995790670840742,0.9342886670034413,0.9342886670034412,9.589862678565966,13.228840683763476,1.379460908583278,1.379460908583278,1.8710118368749509,0.6498928388122169
5577,1.3274124596831491,3.452060201746809,1.8934727766473454,0.2752281126183703,0.013664803684475858,0.01348008243353448,0.986481968185812,0.9864819681858119,10.795752544130215,11.49518559743951,1.0647877996879047,1.0647877996879047,1.1009431276070532,0.5430389649033375
5582,1.328602537197658,6.461639384609787,1.567537034364264,0.18953661807402852,0.01732988057085416,0.01654108590547109,0.9544835486800939,0.9544835486800941,7.145208106646728,8.889837213215435,1.2441677107970852,1.2441677107970852,0.3578342611947887,0.1572233610317662
5584,1.3290785682034616,1.7117176553105913,1.7117176553105913,0.4624096987892461,0.010981095190904844,0.011061094158322201,1.0072851538053889,1.0072851538053886,12.751445162823448,12.339336965203145,0.9676814516034783,0.9676814516034783,2.6160755176494224,1.2151494993315661
5586,1.329554599209265,1.2695461646238022,1.009482282059379,0.2194525366033926,0.010811026196680344,0.010378655920271446,0.9600065462294725,0.9600065462294722,10.761955020398831,13.001288061116407,1.208078647092746,1.2080786470927463,3.0689973648467643,0.9742880625676197
5594,1.3314587232324793,1.0777185614712943,1.0500167027363128,0.41518759367021685,0.010169902460195477,0.010137708158500753,0.99683435491926,0.99683435491926,20.778891892309545,21.078156040989395,1.0144023151104902,1.0144023151104897,12.508766220003132,4.1015293395672625
5596,1.3319347542382827,8.577782320113371,8.503949054637399,0.42671601249163194,0.0152495975524836,0.01682015245910843,1.1029899248960209,1.1029899248960209,14.376788826989396,8.91895028414663,0.6203715163015525,0.6203715163015526,0.324016423512782,0.2692121196704603
5596,1.3319347542382827,2.6726527708073693,1.8497368965976864,0.3529885176148319,0.012591387618332273,0.012595112523045333,1.0002958295642996,1.0002958295642996,10.84363313781072,10.829009811100061,0.9986514366057194,0.9986514366057194,1.3375618013761055,0.6508623965771525
5600,1.33288681624989,1.657525462079655,1.657525462079655,0.33349923189053926,0.010917297535770261,0.010852433210338235,0.9940585730837234,0.9940585730837235,18.07983991598528,18.57802336294993,1.02755463816492,1.0275546381649197,5.482798330151,2.4963581637464656
5600,1.33288681624989,2.758737161579621,1.9350442730579978,0.1107985169767703,0.01263993546450597,0.01161769094863081,0.9191258120940798,0.9191258120940797,4.03346056757124,6.090340149077941,1.5099540573283101,1.5099540573283101,0.175926572308477,0.087860133057704
5608,1.334790940273104,1.4518825585009634,3.0577227222104244,0.34857084159489266,0.009562451241496251,0.009772057965893585,1.0219197692206519,1.0219197692206519,7.260188747247133,6.565767052943927,0.9043521155608368,0.9043521155608367,0.6324941030279376,0.39468386292580077
5610,1.3352669712789074,1.1157914459979223,1.2772388059575441,0.48880426664333076,0.009965751875134023,0.009981725790974503,1.00160288115143,1.00160288115143,22.078512342930033,21.919779421825623,0.99281052461149,0.99281052461149,12.422424620639685,4.738551286073144
5614,1.3362190332905144,5.4957666250061346,2.7017619699567206,0.48161675542691906,0.015158855519804358,0.015554448949176479,1.026096523504383,1.0260965235043829,9.749772630903513,8.664295765526882,0.8886664431603223,0.8886664431603222,0.5147847209045581,0.3045719985614807
5621,1.3378851418108269,1.2727397113954606,1.01509165172682,0.3626698393235706,0.0108101157030603,0.010716925275807861,0.991379331191982,0.9913793311919818,14.39408618956154,14.969385320037297,1.039967742508931,1.0399677425089309,5.465681838146043,1.743124610636829
5625,1.3388372038224339,2.3990473523801845,1.2839442317294028,0.2939641248131626,0.012851838874949882,0.012614231024227839,0.9815117623996068,0.9815117623996067,7.325065393151335,7.976980680600821,1.0889978795355195,1.0889978795355197,0.8184189067609525,0.31338395874858244
5627,1.3393132348282373,1.4455771519748764,1.4455771519748764,0.11796051481584502,0.010653496089804097,0.009764172379153677,0.9165228293929215,0.9165228293929218,14.304509444047458,21.802178700195032,1.5241472477944766,1.5241472477944766,4.085711865772101,1.7009866861592682
5628,1.3395512503311393,3.001654408060877,4.662546629749699,0.1294880952641435,0.011529909088692612,0.011240693298516883,0.9749160389773269,0.974916038977327,21.76007674468798,24.71484817075073,1.1357886491270792,1.135788649127079,2.50879944592613,1.8147561345077161
5633,1.340741327845648,1.460425941655707,1.460425941655707,0.384155524556656,0.010672787524224764,0.010649811148959666,0.9978472001608815,0.9978472001608816,6.145586853576609,6.20588561116634,1.0098117167695122,1.0098117167695122,0.7444932225997892,0.31211129394365306
5633,1.340741327845648,1.7599757505821843,1.0602194575879196,0.34617154653847815,0.0119570365889071,0.011827745130069352,0.9891869981431942,0.9891869981431942,10.467407249835512,10.996283540602281,1.0505260068843771,1.050526006884377,2.2776709656502807,0.7527107676150194
5635,1.3412173588514515,2.923384830188717,1.4820153232977302,0.4740936820205407,0.013420006911158949,0.013473266332288295,1.0039686582489806,1.0039686582489806,10.286980333403738,10.104702233228895,0.9822806990713346,0.9822806990713345,1.3019012727257955,0.5512201830817368
5642,1.342883467371764,1.5152397234061545,1.4327902190176496,0.16617343608169072,0.010837014254684155,0.010215241110260943,0.9426250506079699,0.9426250506079696,8.442277374270994,11.159059584510647,1.3218067933327353,1.3218067933327355,1.3864079015844644,0.5737036372969578
5643,1.3431214828746656,3.8233146031862772,4.045038458418177,0.1386000451094657,0.012725300081273967,0.012362839534598397,0.9715165422928649,0.971516542292865,13.775235702611916,15.893215669835145,1.1537527206755265,1.153752720675526,0.9603677975910409,0.6645605326292972
5647,1.3440735448862728,2.1401705157034305,2.3356501631298845,0.3783891993598485,0.01129989184504775,0.011441101107957293,1.012496514554821,1.012496514554821,14.370361568325874,13.575706945961489,0.9447018351914049,0.944701835191405,2.3273051305922277,1.284987263813979
5649,1.3445495758920762,1.51547717711362,1.5584573221813494,0.19913376524704685,0.010696795833622387,0.010248053967463661,0.9580489453908964,0.9580489453908964,12.663166557260423,15.472452371807815,1.221847023952843,1.2218470239528432,2.9657705252589452,1.2981716070024027
5661,1.3474057619268975,3.3910973706953143,8.878032738642606,0.20931955190820584,0.011139714876383697,0.011819561578475347,1.0610290936200648,1.061029093620065,11.284044985897419,8.366567529158461,0.7414510966249103,0.7414510966249104,0.3565302086523984,0.2984283893462279
5665,1.3483578239385046,3.6265300051784397,2.2209351536348927,0.407025366030478,0.013569700822695586,0.013749139328394087,1.013223468081064,1.0132234680810637,7.8145590162693175,7.35972585659162,0.9417966952798271,0.9417966952798272,0.501452887182704,0.2698691851550626
5666,1.3485958394414064,2.8003395702037293,4.237068291320585,0.33117517737033964,0.01140288701947134,0.011847116712238847,1.0389576509886445,1.0389576509886445,21.702404308278453,18.124551327914013,0.8351402485392064,0.8351402485392065,2.8260793270914597,1.9852401932347392
5667,1.348833854944308,1.4311099774887206,1.3425185728879996,0.23818023558202453,0.010742220346189456,0.010400202054907165,0.9681613036914092,0.9681613036914091,12.682628502049825,14.726766524344864,1.1611762121680578,1.1611762121680576,3.375598953517241,1.3347899960104965
5673,1.3502619479617186,2.983286609930762,2.1371404969491423,0.46710835869944123,0.012785842995834323,0.012979145065693438,1.0151184454495565,1.0151184454495563,12.010380361563323,11.21788686875723,0.9340159537875835,0.9340159537875835,1.3852035148453166,0.7305984721096471
5674,1.3504999634646204,3.7207822451105423,2.491506797095531,0.3468848965383302,0.013463000782722865,0.013614493417769723,1.011252516247438,1.011252516247438,10.918368694721877,10.370228907689022,0.9497965490670932,0.9497965490670934,0.8877223077055736,0.5058546822738968
5674,1.3504999634646204,8.424959427625335,3.935581989637852,0.21581844706993306,0.01661803178116012,0.01669863444116994,1.0048503132664122,1.0048503132664122,7.465953514406238,7.294554955022149,0.9770426431060198,0.97704264310602,0.17028811198494184,0.11676212398636929
5677,1.3512140099733259,1.727538671426281,1.727538671426281,0.23255236223183576,0.010999466007368251,0.01069205043630509,0.9720517731626943,0.9720517731626943,10.81923802717446,12.34112903569308,1.1406652672485915,1.1406652672485915,1.8609495479470222,0.8692860316512424
5686,1.3533561494994415,3.634068659667229,1.1530096332233435,0.114517227048196,0.015018082284822327,0.013686903594363278,0.9113616062814908,0.9113616062814908,12.843389752744086,20.11521538218419,1.566192085534617,1.5661920855346168,2.023556255962292,0.7146502563313961
5689,1.354070196008147,2.0060176533404257,1.554902808107136,0.22015342811150682,0.01174902782571249,0.011342339717367658,0.9653853821458483,0.9653853821458485,14.444269205002797,17.01396379728632,1.177904091637499,1.1779040916374994,3.205218303631164,1.4008954386182044
5692,1.3547842425168521,3.17339407605774,1.2708169964888565,0.14652665088024985,0.014131031339918273,0.013158044557362702,0.931145380747475,0.931145380747475,5.726576145748708,8.038983131096021,1.4038027132606972,1.403802713260697,0.41749949642591055,0.15866851366560336
5696,1.3557363045284592,1.9656728293669696,1.4811509372221476,0.1334750027744973,0.011758013502031737,0.010893257378714345,0.9264538926436879,0.9264538926436878,12.453724516103085,17.96202149024909,1.4423011740000826,1.4423011740000824,2.4869583857458575,1.0525564733430834
5706,1.358116459557477,1.2741078283848237,1.7557991939946451,0.26577566227152893,0.009913602991473223,0.009733054808102569,0.9817878339967875,0.9817878339967875,15.431910626272323,16.79722581401172,1.0884735027829278,1.088473502782928,4.590412612920205,2.165528240832158
5709,1.3588305060661823,3.8440386327801512,1.2319766581078126,0.14174934960242602,0.015138794800659109,0.014052559090671487,0.9282482044118644,0.9282482044118645,15.988304515795114,22.795356812227237,1.425751979498972,1.425751979498972,2.9137616875203833,1.0822030333025943
5710,1.359068521569084,2.629873534710453,1.4980506294061147,0.4503059438623557,0.012933272522524353,0.012977205789418321,1.0033969180512863,1.0033969180512863,6.805729121152217,6.702276009383181,0.9847991141099778,0.9847991141099778,0.6075595566573475,0.2590981319584913
5710,1.359068521569084,1.1816252432193481,1.1459210412269965,0.2764407537194302,0.010337432885184397,0.010093756815375086,0.9764277966768183,0.9764277966768184,9.066797253169938,10.112986562206446,1.1153868648238208,1.115386864823821,2.1397921040636945,0.7520958177043685
5710,1.359068521569084,1.0,1.2827320729784268,0.33967188113411706,0.009601767646561116,0.009503923896525157,0.9898098190210839,0.9898098190210839,15.005794739897858,15.720354807108002,1.0476189418551922,1.0476189418551918,6.158293915017409,2.3564710074840987
5712,1.3595445525748875,3.4054522623523895,1.5320179142212689,0.3718458488098952,0.014047887473144848,0.01401264568188922,0.9974913102540862,0.9974913102540862,8.317914974034176,8.413274107812555,1.0114643073505871,1.0114643073505873,0.7536615023516291,0.3262156416159448
5713,1.3597825680777893,6.008779702742225,1.005303577480969,0.32056025299374047,0.018164051507284493,0.017890730981022167,0.9849526672971218,0.9849526672971218,9.121642585509086,9.772624814208744,1.0713667766081767,1.071366776608177,0.7837408244158443,0.24795201110023432
5715,1.3602585990835927,3.8421901535621243,1.0093132624167203,0.30526620059987264,0.01563828558554635,0.015358520457162874,0.9821102430408326,0.9821102430408324,11.4266974851039,12.406163323210299,1.0857173159071773,1.0857173159071776,1.6537578649761038,0.5249313024598176
5717,1.3607346300893965,1.1151453344278435,1.3604457281936932,0.3051990837266316,0.00986434409893906,0.009713106692302333,0.9846682754453999,0.9846682754453998,11.382500096683813,12.214127519013331,1.0730619297400055,1.0730619297400052,3.1865764451476624,1.271948940441268
5720,1.3614486765981015,2.853291859176556,1.3300472525839961,0.26568128137425084,0.013540292478383332,0.013208706446207296,0.975511161763647,0.975511161763647,8.89793531301832,9.970920941717313,1.1205881579212134,1.1205881579212134,1.0545009577015867,0.41420710904952734
5721,1.3616866921010033,1.7378877813395368,1.831182620889724,0.287657460168646,0.010925025025304251,0.010796618809131141,0.9882465975248845,0.9882465975248843,19.980764796215073,21.097344364475447,1.0558827241924136,1.055882724192414,6.090307138793854,2.9460864411976924
5724,1.3624007386097088,3.670527264619583,1.830274188032551,0.3142480688275529,0.014018137796747081,0.013928878917485406,0.9936326150765625,0.9936326150765626,11.467335934226318,11.807889322216061,1.0296976900252222,1.029697690025222,1.2190128225966927,0.5895052554168004
5728,1.3633528006213158,2.2360845176062956,1.6336036251025077,0.32499276467022953,0.012089905929548086,0.011996159202453019,0.9922458679462554,0.9922458679462554,11.246843221437311,11.65366458052458,1.0361720485541968,1.0361720485541965,1.753541619872089,0.7911215354634628
5729,1.3635908161242176,2.3149725920638944,2.3149725920638944,0.35690028545445784,0.011614321319916125,0.011723365431554306,1.009388763117066,1.0093887631170662,8.784939597367151,8.41626028986886,0.9580328010896303,0.9580328010896303,0.8305473533169375,0.45653518196757
5732,1.3643048626329228,3.168020729612323,4.098778198301347,0.1881852297904925,0.011932047072379461,0.01189336723883581,0.9967583237554277,0.9967583237554277,26.354680214746026,26.773034542672942,1.0158740050920003,1.015874005092,3.94264845770253,2.7401134908677793
5735,1.3650189091416283,8.285406986122894,3.5484165750574155,0.4352487535389518,0.016750834511967936,0.01741357910405842,1.0395648701333045,1.0395648701333045,10.480979175524753,8.755108994982853,0.835333116148903,0.8353331161489032,0.36824054283579716,0.24345696945853681
5736,1.3652569246445299,4.62250102918474,9.970317611352671,0.18527763533109562,0.012198891030306566,0.01293298884961814,1.0601774224794533,1.0601774224794536,10.436135044553499,7.731409325540068,0.7408307091210939,0.7408307091210938,0.22336040324200201,0.1904682119468013
5740,1.366208986656137,2.541998612126921,1.089282501240278,0.14524353709117596,0.013455891027570678,0.012502968528514399,0.9291817615716587,0.9291817615716587,12.770851299687543,18.106034343495207,1.4177625217465493,1.4177625217465495,2.6165136626989494,0.8836805042786269
5740,1.366208986656137,4.090697927914794,1.4821073433104344,0.289676995328644,0.015010172393197537,0.014756246684345697,0.9830830917726889,0.9830830917726889,9.710884711695408,10.500092492859435,1.0812704305111909,1.0812704305111909,0.927319615755796,0.3926400647089085
5742,1.3666850176619405,1.7836655627337439,1.1076940260369483,0.219370516028265,0.01192424630728093,0.011450328674865451,0.9602559675301151,0.9602559675301149,13.95273649832618,16.836434732276206,1.2066761766980953,1.2066761766980953,3.9207241312611023,1.3418996322869885
5742,1.3666850176619405,2.4106305185220234,3.424164712245659,0.21276152627973746,0.011152170456374665,0.011101463471435313,0.9954531734304359,0.9954531734304362,11.771288105904464,12.030130033351442,1.0219892610832577,1.0219892610832577,1.087577650784351,0.7095764733066837
5745,1.3673990641706457,1.8676961643913457,1.8676961643913457,0.19587839286341355,0.011157514075951162,0.010731241996980646,0.9617950668877667,0.9617950668877666,12.258206559793624,14.719490622910236,1.2007866363738326,1.2007866363738329,2.156985707104653,1.055526366938496
5746,1.3676370796735478,4.1075863924803,2.5665586589883937,0.32108311249361066,0.013856090179184252,0.013972494993197918,1.0084009855961056,1.0084009855961058,15.835180268553863,15.23464013240771,0.962075573125067,0.9620755731250671,1.7113395930914024,0.9889459822179395
5750,1.3685891416851546,3.9033782970436834,1.959061166322493,0.11220751337108589,0.0141642698617675,0.01303811042194224,0.9204929409834944,0.9204929409834944,16.56702523118131,24.828351629983846,1.4986608207280108,1.4986608207280105,2.3358164518030864,1.1747049584515523
5763,1.3716833432228777,2.026190533272278,2.026190533272278,0.39206274215364106,0.01132698441930927,0.011419858593191428,1.0081993733233918,1.0081993733233916,12.042305987774105,11.60236073220327,0.9634666935039279,0.9634666935039281,1.8683871723060355,0.9574297090914333
5765,1.372159374228681,4.866247473258992,4.305844063241276,0.148768071725287,0.013681083609963682,0.013422166073230136,0.9810747785690761,0.9810747785690762,6.855119976352017,7.533744847906884,1.0989953310658174,1.0989953310658176,0.19255000200227435,0.13595125475167716
5765,1.372159374228681,4.010869415548199,4.010869415548199,0.3342117063136646,0.012944187975136034,0.013408786574301123,1.0358924484144945,1.0358924484144945,8.181310884110998,6.931866112532913,0.8472806144056152,0.847280614405615,0.33034751313382943,0.22795376572157622
5773,1.374063498251895,8.143669346109377,9.369676578900087,0.38577536317011096,0.014831156688643961,0.016419782328174978,1.1071140756504452,1.1071140756504454,5.724752010078466,3.47154585823979,0.606409823888984,0.606409823888984,0.04874522441256591,0.041165278280784194
5774,1.374301513754797,2.281533190905225,2.281533190905225,0.20458463586695155,0.011582319135703763,0.01126241694573644,0.9723801264479762,0.9723801264479763,12.831752085902234,14.641617568135535,1.1410458579714715,1.1410458579714715,1.8074846126467472,0.9862596339945072
5777,1.3750155602635024,3.4769242718640494,1.0421878165509542,0.40893453362639165,0.015045884076838026,0.014990445257967888,0.9963153498600005,0.9963153498600006,6.996589006151667,7.114084046533793,1.0167931888351338,1.0167931888351338,0.6520450086134973,0.21250121929302243
5782,1.3762056377780112,1.4767647723196278,1.256702692530401,0.45639911175750997,0.010970165710948478,0.010976728223877835,1.0005982145668781,1.0005982145668781,9.888165673434537,9.861550110618465,0.997308341739502,0.9973083417395021,2.0858364658384883,0.7862196970780706
5788,1.3776337307954218,3.892313829561424,4.928378721372692,0.4932681182562143,0.012486861156296658,0.013277852051904022,1.0633458549515862,1.0633458549515864,10.273451434186718,7.6948796453720885,0.7490062803787656,0.7490062803787655,0.44918190771873734,0.33014329286507293
5791,1.378347777304127,2.5984133924485735,1.4670001473351963,0.38065448364241955,0.012923583238545706,0.012892013224869466,0.9975571779827996,0.9975571779827997,14.296023284648406,14.45536880236423,1.0111461428498745,1.0111461428498747,2.7364436191836723,1.1506806444195268
5793,1.3788238083099307,4.839640388433726,1.1679284282441078,0.36746182134919286,0.016488468744489265,0.01636718362688142,0.9926442461402984,0.9926442461402983,10.233436554831414,10.581206555184504,1.0339836963359978,1.0339836963359978,1.054030919737798,0.3759575693202094
5799,1.3802519013273413,4.167487848694159,2.10001319684461,0.3395732468438538,0.01432956830454565,0.014370169070326972,1.0028333558219227,1.002833355821923,16.509464114973728,16.296764265394465,0.987116489784405,0.9871164897844052,2.119581885685981,1.1075100301749357
5801,1.3807279323331447,5.682357413680464,1.0856016428158106,0.4210024534874525,0.017603747217913322,0.017557751927332894,0.9973871875112121,0.997387187511212,9.348780667152337,9.459717813302811,1.0118664829243733,1.0118664829243735,0.8215933216603672,0.2767294966319694
5802,1.3809659478360465,4.0629410271474065,2.4266422401827956,0.4574971270365946,0.013915617892215126,0.014197375787476096,1.0202476021865041,1.020247602186504,16.139075125033727,14.727110613434661,0.9125126749420149,0.9125126749420148,1.863769469710663,1.0486257261355998
5805,1.3816799943447517,4.595936737513048,2.763095073409278,0.3628020293764163,0.014237264225082102,0.014501372563960519,1.0185504978135569,1.0185504978135569,12.058212740227225,11.078057612692568,0.9187147259174839,0.9187147259174839,0.872640466097799,0.5214985170510641
5806,1.3819180098476536,2.270874387101444,1.2915813577377635,0.22124385122193835,0.012606819009282951,0.012131955664336612,0.962332818088633,0.9623328180886329,15.053029911757429,17.98511333109132,1.194783604132995,1.1947836041329951,3.5731219941157484,1.374122095970873
5810,1.3828700718592608,3.1569281478126454,1.3844552091856186,0.30571800649845443,0.01391595730033618,0.013708181685433606,0.9850692546392368,0.9850692546392368,13.376918043090564,14.327746596657528,1.0710797921093704,1.0710797921093702,2.177094006982934,0.8797516373022897
5812,1.3833461028650642,1.629560821936716,1.1085976869878793,0.48601532127685504,0.011568897457972162,0.011571305254430925,1.0002081267007086,1.0002081267007081,19.17253188458179,19.154581165561453,0.9990637272568693,0.9990637272568692,7.859269451306494,2.691633444032953
5815,1.3840601493737694,3.1933148695609854,1.5966574347804927,0.3657975608366533,0.013662533788140876,0.013631709876379499,0.9977439095676285,0.9977439095676286,8.803851211904705,8.894664111210231,1.010315133356948,1.010315133356948,0.8593437397930322,0.3820868273135099
5819,1.3850122113853764,2.786112881088386,4.684435222363899,0.10998218202537151,0.011240478493680144,0.010813935092706832,0.9620529142764579,0.9620529142764579,11.36440114089893,13.830164178579976,1.2169725449770599,1.21697254497706,0.7163699056793831,0.518904208583501
5823,1.3859642733969837,11.856610653297295,7.965465479737065,0.18600044887382997,0.01711027443175506,0.017843411693308713,1.0428477792380126,1.0428477792380129,14.293451869590447,11.563805596558117,0.809028197111735,0.8090281971117349,0.2736056421037153,0.2246581840539018
5825,1.386440304402787,3.137676126490014,3.7763162896324793,0.32884534949720656,0.012020478542441966,0.01239489201595146,1.03114796737813,1.0311479673781303,11.55717463041826,10.008883268206421,0.8660320180559732,0.8660320180559732,0.8145833849739226,0.5506737235541024
5825,1.386440304402787,5.104324549966359,2.7661214967025067,0.1320872606259541,0.01474173804096075,0.013960901097963123,0.9470322331852576,0.9470322331852575,16.9502237430311,22.107937924804883,1.3042859056001737,1.3042859056001734,1.6065529378093195,0.9605572394800561
5827,1.3869163354085905,2.482196928741982,1.9020051995706986,0.38403678856207146,0.012233907708914478,0.012296281943686864,1.0050984719074623,1.0050984719074623,8.69751465486224,8.498436444946469,0.977110908366854,0.9771109083668542,0.8876982145614761,0.43898990742628824
5829,1.3873923664143941,3.535443989466039,2.2215652081828656,0.2129645948558939,0.013454576070370896,0.013108710323721507,0.9742938205677814,0.9742938205677816,15.89080934189792,17.957992432431634,1.130086708993692,1.1300867089936921,2.108594892914639,1.1349586745566052
5831,1.3878683974201977,3.774946997866573,1.634511937223227,0.3749886074009948,0.01439439846094971,0.014386804837633802,0.9994724598366157,0.9994724598366156,6.168353810336699,6.1831552399551875,1.0023995753281345,1.0023995753281347,0.3719019824962855,0.16784498516438306
5833,1.3883444284260011,10.862915643678397,2.6921565763556177,0.18275600602122222,0.019033617627382624,0.01848442945987181,0.9711464116668643,0.9711464116668642,8.879191648606513,10.210141929401935,1.14989543344346,1.1498954334434601,0.27178980481855214,0.16054625137950068
5834,1.3885824439289032,2.045566076866704,1.4064294871155787,0.41161053963893834,0.012012113144161257,0.012008380337875558,0.9996892464930275,0.9996892464930278,8.170787809504064,8.182275299275283,1.0014059219305458,1.001405921930546,1.0748381323259992,0.4391212324866073
5836,1.3890584749347066,3.0090367602501953,1.5677071772464632,0.3940867888015885,0.013432284860385649,0.01343852469088372,1.000464539768396,1.0004645397683958,6.1824567862206425,6.169456675523787,0.9978972581376017,0.9978972581376013,0.4458844961691263,0.19592421908178442
5836,1.3890584749347066,2.45130159302897,2.0705273946224443,0.20188638477626858,0.012031118774966,0.011641341468299343,0.9676025718009124,0.9676025718009122,10.822635326347317,12.634983049353202,1.1674590031315006,1.1674590031315006,1.3099435838172317,0.6792546176894028
5837,1.3892964904376082,12.175251467665491,3.0234127004974587,0.18428694828380296,0.01945741575406585,0.019021444720121412,0.9775935797715924,0.9775935797715923,5.598206144277081,6.240035002801154,1.114649021844292,1.1146490218442917,0.09188583809405829,0.05707159348301541
5842,1.3904865679521172,0.9312480434614129,1.1601702420552273,0.43001061795322487,0.009529452721807892,0.009514377592741022,0.9984180488106761,0.998418048810676,21.77188396261467,21.927843366896646,1.0071633398629984,1.0071633398629984,14.365623417567624,5.09777561416171
5843,1.3907245834550188,1.4406390311238864,1.8195813345480794,0.4390738269669495,0.010272613960103396,0.010355992258303682,1.0081165610354004,1.0081165610354004,12.696067744082544,12.239078307018646,0.9640054348893267,0.9640054348893264,2.798000154710082,1.3484219430442381
5847,1.391676645466626,6.031667854012589,1.5860853443358098,0.39482455822718143,0.016905973341548287,0.01691991076122403,1.0008244080003066,1.0008244080003068,11.34198482922267,11.299695958542394,0.9962714752914041,0.9962714752914044,0.9372188375026775,0.41493541867775763
5849,1.3921526764724295,0.5858910696136849,1.1192468486669116,0.4142347892386323,0.008213492424992495,0.008189227666095708,0.9970457440463507,0.9970457440463509,17.738486270729044,17.976820327867383,1.0134359862223206,1.0134359862223208,13.238465996550406,4.568197670399231
5856,1.3938187849927417,13.216379496842364,31.118150590079917,0.17247361346597495,0.015579942375137167,0.017866320145027887,1.146751362414496,1.1467513624144963,19.42357168275211,8.929624470564466,0.4597313314159342,0.4597313314159342,0.13118877351655506,0.1244520587771308
5859,1.3945328315014471,11.288366545998278,4.260739418743734,0.47347939945558626,0.018134841246192725,0.01909494386305695,1.0529424329571007,1.0529424329571009,11.200862801709333,8.802153670445243,0.7858460393874275,0.7858460393874274,0.2958689881407317,0.20820752394165684
5860,1.394770847004349,1.4415618586315169,1.3118062826546277,0.34606610166106044,0.010807957710482522,0.010711706886307137,0.9910944484838211,0.9910944484838211,15.83380260964718,16.490058047480066,1.0414464834513628,1.0414464834513626,5.3055145301476765,2.063437345427829
5863,1.3954848935130544,1.5587229825663236,1.8451842295708971,0.2176847055133003,0.01052388063351331,0.010200262747723593,0.9692491869625397,0.9692491869625395,20.270112120257963,23.45096704567116,1.156923400647313,1.1569234006473132,6.706356455685646,3.2586336318662283
5864,1.395722909015956,7.338516705266299,3.386107898623143,0.28262776486607566,0.016186935770328037,0.016432413237711538,1.0151651597848113,1.0151651597848113,9.231793094335563,8.601564567421368,0.9317328150150062,0.931732815015006,0.3212313865991272,0.20869903541291407
5864,1.395722909015956,3.8829149428425493,1.636590148186759,0.4031189074692043,0.014527517661704344,0.014562486707822384,1.0024070902498519,1.0024070902498516,12.72616774712865,12.588224792350132,0.989160683913691,0.9891606839136914,1.552308709094838,0.7011435447855895
5865,1.3959609245188578,2.9861970607045625,1.315001249160427,0.4066479771825881,0.013772219906095763,0.013746651069612282,0.9981434484304041,0.9981434484304044,14.848466284922427,14.973658649196516,1.0084313330327734,1.0084313330327732,2.8672375289561893,1.117091031839089
5866,1.3961989400217596,2.455557491028331,4.993089776533787,0.16242256498140978,0.010692256389287672,0.010668916800820877,0.9978171503172915,0.9978171503172913,8.84757737918614,8.943810871234776,1.0108768183565169,1.010876818356517,0.4480177646485465,0.3304909364824209
5866,1.3961989400217596,2.6635167569277542,1.2459289845684962,0.39151452236937934,0.013371942244619302,0.013318567091440851,0.9960084217982673,0.9960084217982675,14.064108767646665,14.320685075667091,1.0182433392872117,1.0182433392872117,2.8614674336984174,1.0717272078622544
5866,1.3961989400217596,1.0,1.012976381171508,0.4804375098258471,0.009978557926003691,0.009976905827916091,0.9998344351859406,0.9998344351859408,4.861660788788666,4.8652850009944375,1.000745467930245,1.000745467930245,0.7330405143820314,0.23337932453091473
5868,1.396674971027563,3.119291453078402,1.2135031318751657,0.4370621082269336,0.014154819493810608,0.014144424142251928,0.9992655963176906,0.9992655963176906,12.595288831004298,12.637076707970508,1.0033177386820495,1.003317738682049,2.0958627292070564,0.7696573761376208
5869,1.3969129865304648,1.7742680696372573,1.1837465525095456,0.4331124006320445,0.011775198454211013,0.011760903873835011,0.9987860433578604,0.9987860433578603,8.910442487355125,8.959372943759034,1.005491361004052,1.0054913610040521,1.5487482761532134,0.5581380885171208
5869,1.3969129865304648,6.599241281179801,1.654612187913332,0.1930973530602693,0.017307847670147886,0.01656731811092613,0.9572142317557485,0.9572142317557486,11.842735802312456,14.53785510133725,1.2275757345273661,1.2275757345273661,0.9374994239528656,0.42637942009342583
5870,1.3971510020333666,2.6101819179585637,2.291057079881935,0.22992001593880984,0.012106444930312725,0.011878540793989579,0.981174974351677,0.9811749743516772,4.4293121397637245,4.841305832712022,1.0930152764014223,1.0930152764014223,0.19631522902083803,0.10734656423234509
5872,1.39762703303917,1.453442728586749,1.453442728586749,0.4859334799119751,0.010663731355207474,0.010703942591644172,1.0037708410965418,1.0037708410965416,17.23172918821354,16.941576713613323,0.9831617319752982,0.9831617319752985,5.888624542145893,2.460653881107677
5877,1.3988171105536789,1.3027248751471148,1.2203174634735412,0.27555055189479233,0.010570881109719394,0.010325517110154506,0.9767886898908278,0.9767886898908275,12.037484841551704,13.40455515601082,1.113567770381748,1.113567770381748,3.4157439771826175,1.2596451836626261
5878,1.3990551260565807,3.028933253699563,2.418887485996432,0.31928225310219394,0.012623602583544972,0.01269086830281891,1.0053285675645096,1.00532856756451,15.434941661384833,15.061113843180047,0.9757804191032332,0.9757804191032333,2.0780822083466273,1.1673851272405673
5882,1.400007188068188,3.1993125231335235,1.0978190147461375,0.34233647330773354,0.014509405909929558,0.014346313754816457,0.9887595566541089,0.9887595566541088,17.83168274442384,18.76986810322119,1.0526133944981009,1.0526133944981009,4.358223981098982,1.481087663722828
5883,1.4002452035710895,2.6640927040323152,3.7784802677727525,0.47306541103249133,0.011381593462264951,0.011894799378167727,1.045090866898759,1.045090866898759,16.012242014706136,13.046138256321857,0.8147602468373812,0.8147602468373812,1.7430598079584765,1.1785768099807032
5886,1.400959250079795,2.2816078684682184,1.2922166373276913,0.12307565156789535,0.012625659543641022,0.011590358511804472,0.9180002416303088,0.9180002416303089,14.543391680630993,21.95384371401368,1.5095408413741607,1.5095408413741607,3.3238831951546026,1.278729056192327
5890,1.4019113120914017,2.921516758215124,1.55377082803649,0.1354266899861993,0.013319113574754099,0.012367812901379626,0.9285762773899887,0.9285762773899886,15.527371670144998,22.149119407188827,1.4264564459273998,1.4264564459273998,2.88406960675267,1.2599330663340451
5892,1.4023873430972056,3.5491427442518377,1.3784065404443222,0.10034770341993247,0.014479910923606207,0.01308183670327284,0.9034473189987567,0.9034473189987569,14.495981033553395,23.815467926008527,1.6429014270150883,1.6429014270150877,2.370595775291183,0.9550136167475191
5894,1.402863374103009,2.352729048884169,3.617964579238938,0.16962162992955226,0.010981928042153321,0.010773444941081671,0.9810158015722373,0.9810158015722373,21.976725575879048,24.119367399047814,1.0974959538795197,1.0974959538795197,3.6911195641489227,2.4576175629470676
5898,1.403815436114616,0.6498245564392984,1.1981620415409873,0.1706965109224693,0.008408332930941158,0.00792203117231013,0.9421643074049166,0.9421643074049166,17.65041950025073,23.360602400725185,1.323515421284652,1.323515421284652,11.793705993741805,4.289533377680945
5900,1.4042914671204196,1.7591271443136491,1.3246233840637247,0.37165299514950034,0.011531705685479982,0.011470171711720684,0.9946639313005726,0.9946639313005726,14.66725763265722,15.027057004435276,1.0245307869261768,1.0245307869261768,3.964707043051888,1.5527830959781628
5906,1.40571956013783,1.3271306052677663,1.434859332317878,0.4441603494311069,0.010366263158476097,0.010389093851204543,1.0022024033520487,1.0022024033520487,16.644250546817062,16.47974081392856,0.990116122535781,0.990116122535781,5.881790076635664,2.4363252791577823
5907,1.4059575756407319,1.359707562739489,1.0838595923165268,0.26477618723626595,0.01093181099838266,0.010639584961507801,0.973268286753394,0.9732682867533942,16.560386339648744,18.75164097292392,1.1323190527281897,1.1323190527281897,6.694315088778795,2.2518896426602972
5907,1.4059575756407319,6.819167676411607,3.2582972721313412,0.13160872380521238,0.015877207839290815,0.015163092412986707,0.9550226063970196,0.9550226063970196,6.8314560226566545,8.565891875901599,1.2538896316528505,1.2538896316528505,0.1902685527417391,0.12179372003381626
5907,1.4059575756407319,1.5938342920469684,1.586648215888068,0.36318350057888205,0.01084805099313611,0.01081822887985587,0.9972509243089741,0.9972509243089739,19.717507825588232,19.96571044070972,1.0125879303468255,1.0125879303468253,6.877045759822245,3.045374539317432
5910,1.4066716221494373,8.543188962341953,4.6269775602489105,0.13353751974899541,0.016355397360233732,0.015977869048840854,0.9769172033502044,0.9769172033502042,12.356272384129126,13.886233163804572,1.1238205772835332,1.1238205772835332,0.40533779953469284,0.29254148091755144
5911,1.4069096376523391,3.118699235526005,2.247876182882958,0.46295823552437865,0.012881739384278338,0.01310161189082209,1.0170685417539265,1.0170685417539262,18.355000758074567,16.99284897417599,0.9257885193331112,0.9257885193331112,3.0338285691029587,1.6429054573648818
5912,1.4071476531552407,7.646768168563612,3.665519523502737,0.12341083184669026,0.016239372257490343,0.015531813281102775,0.956429413331466,0.9564294133314661,13.855350035789188,17.286639281050817,1.2476508522988163,1.2476508522988163,0.6618309318425449,0.4427306652573593
5916,1.408099715166848,1.8397339745181591,1.8608067367790744,0.2731721810096587,0.011107684469904771,0.010945685922707232,0.9854156329668475,0.9854156329668472,15.990232963010861,17.111295856386022,1.070109228300078,1.0701092283000782,3.7163367508882286,1.8146922168992696
5917,1.4083377306697495,2.493642720125232,2.6424588418548995,0.2903710984099701,0.011684605595317837,0.011727434439883208,1.003665407806536,1.003665407806536,12.948664466507868,12.730401435866295,0.9831439735575729,0.9831439735575729,1.562775156796138,0.915347070851487
5917,1.4083377306697495,1.2647423334634538,1.427152580331993,0.32846693646560976,0.01020982403912603,0.010105245780160633,0.9897570948760103,0.9897570948760104,13.827909392241567,14.49155935164956,1.0479935137397087,1.0479935137397092,4.205444941829524,1.7355381537290528
5919,1.4088137616755532,1.2517792196883468,1.2517792196883468,0.20771722214455082,0.010388640988648999,0.00994540955375049,0.9573349935393091,0.9573349935393092,8.414015406514743,10.305403572519724,1.2247901952426343,1.2247901952426343,1.6898947518294705,0.6351303630360594
5920,1.4090517771784548,1.8087163341211259,2.5600595851469743,0.30291569102732546,0.010545250856292772,0.01059587875845132,1.0048010144896968,1.0048010144896968,18.794904590913884,18.382490772168268,0.9780571475236437,0.9780571475236439,4.17291969517801,2.408581640709213
5927,1.4107178856987674,9.002177334959637,1.1632028861239292,0.2822495929284561,0.02029135819402151,0.01984255443526678,0.9778820247287852,0.9778820247287848,7.147222655129914,7.917068594449795,1.1077126006095983,1.1077126006095983,0.34067715416659944,0.12113604022141197
5931,1.4116699477103742,1.6569983144310985,1.6569983144310985,0.22432457513156714,0.010916670170803526,0.010570819879746264,0.9683190674769827,0.9683190674769828,10.932575028331772,12.697370082040221,1.16142537774815,1.16142537774815,2.0055629278125173,0.9129653033991249
5931,1.4116699477103742,1.899701911942131,1.2632295224068064,0.4947095445085633,0.011920945798146253,0.011938832604675901,1.0015004519635036,1.0015004519635038,16.463853919249043,16.353034227539556,0.9932689094392462,0.9932689094392461,4.874627700800109,1.8444387205737092
5933,1.4121459787161779,8.531757395968572,1.5485726067128576,0.16380849292499713,0.01904774388149507,0.017964321009457836,0.9431206719925617,0.9431206719925617,4.725072792212839,6.233847810338071,1.3193125449012701,1.31931254490127,0.13098604056571828,0.05709734981764649
5935,1.4126220097219815,1.0,1.566994305816652,0.17274261654303585,0.009304746004038043,0.008815744017296276,0.9474459607463168,0.9474459607463169,16.71645771920362,21.56418183432465,1.289997091282804,1.2899970912828038,6.796118664136027,2.985372135826684
5937,1.4130980407277849,1.2011456627610142,1.6938995805921007,0.18761849279774223,0.009773660189003372,0.009340380564087305,0.9556686423983144,0.9556686423983143,18.743550375545652,23.195110701453967,1.2374982453546357,1.2374982453546357,7.2053632158946295,3.3253164018540744
5941,1.414050102739392,2.6865914573225758,1.1680495836139095,0.3536275014534074,0.01355093276339381,0.01342657326755856,0.9908228091743476,0.9908228091743476,10.442906260850195,10.888507571327175,1.0426702394282241,1.0426702394282243,1.6249368194679823,0.5796376589783133
5948,1.4157162112597044,3.2232384192349914,6.725552783417607,0.15821849723550974,0.011298690199717708,0.011487192466454195,1.0166835503411888,1.0166835503411888,12.388732488214883,11.39548954668057,0.9198269118750315,0.9198269118750315,0.5684076521572432,0.4511531059011568
5949,1.415954226762606,2.914494857681486,1.6622652746499926,0.31918249185336967,0.0131712472605205,0.01306176836391937,0.9916880387684102,0.9916880387684102,12.181680738736747,12.65526266701429,1.038876567071044,1.0388765670710438,1.7054994624145763,0.777916998946571
5949,1.415954226762606,2.5149363735356385,1.389384282128385,0.20778348177285197,0.012893098087837314,0.012362934865212487,0.9588800752919925,0.9588800752919926,11.259319102917466,13.690202105420406,1.2158996454655113,1.215899645465511,1.791090794460676,0.7255681884405444
5958,1.418096366288722,3.1166884242731823,7.475150956249593,0.37962539128408224,0.011038877722184762,0.012009599731544258,1.0879366574926943,1.0879366574926945,12.593414706878216,8.371463980417305,0.6647493293336092,0.6647493293336091,0.5475300918362392,0.44414918303688766
5959,1.4183343817916239,2.419962485557502,1.6753768342306259,0.13756123792457836,0.012364837373160832,0.01151898973346709,0.9315924978091711,0.9315924978091712,15.17953359321212,21.321489799576526,1.4046208777528528,1.4046208777528524,2.983024503512099,1.3673175679326695
5962,1.419048428300329,1.0,1.294259171506829,0.3629155733692214,0.009588065266870796,0.00952316864702078,0.9932315208497536,0.9932315208497535,19.12173244612927,19.7194178320448,1.0312568637595658,1.0312568637595658,9.949685379411601,3.8321335797821403
5962,1.419048428300329,1.0,1.0,0.3214842649431061,0.01,0.009851145860813388,0.9851145860813387,0.9851145860813388,9.989338972554862,10.694166277534721,1.07055795252482,1.0705579525248201,3.1148766667903858,0.9811246700788965
5965,1.4197624748090343,1.4384317314725577,1.0564632036558996,0.4307200931058621,0.011185933161512838,0.011162835026909228,0.9979350730716787,0.9979350730716787,7.704438091924101,7.776545558466713,1.0093592116235182,1.009359211623518,1.41416095897822,0.46600212500118493
5967,1.420238505814838,3.112472853067628,1.1858060759363223,0.33745368536930787,0.014197375787476096,0.01403500806427456,0.9885635397955187,0.9885635397955188,15.884791920101264,16.73638000142837,1.0536102761440311,1.0536102761440314,3.3807397010155573,1.2199680896092107
5971,1.421190567826445,2.1318579276825864,1.9013664849043612,0.3500671011061022,0.011629496833561159,0.011638763064976783,1.0007967869589063,1.0007967869589063,11.002356106800397,10.962411870345582,0.9963694834027299,0.9963694834027299,1.5725120512170776,0.7774981955311113
5972,1.4214285833293467,11.741124360093234,4.656031931193957,0.18116677677728993,0.018169850467200405,0.01820527601801048,1.0019496886269936,1.0019496886269936,6.2635808436088265,6.20414305366256,0.9905105735153215,0.9905105735153215,0.08382838126309061,0.06061283196780918
5972,1.4214285833293467,12.016079526961311,2.0189602988672566,0.478076633676015,0.02051336875261332,0.020783943787705646,1.013190180430889,1.0131901804308887,10.324256462726114,9.727766618098585,0.942224425867272,0.942224425867272,0.42016091883406403,0.21488179149278452
5976,1.4223806453409538,9.377760938189967,9.377760938189967,0.2733366000236527,0.015543943177114671,0.016882921562798428,1.0861414874222606,1.0861414874222606,16.84028201567754,11.150125085078932,0.6621103538942322,0.6621103538942322,0.3836421387881262,0.32403018014687124
5977,1.4226186608438556,8.589936128602599,3.324342687297408,0.178890091818516,0.01710116861580007,0.016765840278037777,0.9803914957336614,0.9803914957336616,9.13464181033814,10.049177629680166,1.1001173158543556,1.1001173158543556,0.28721051501360567,0.18528622862729688
5978,1.4228566763467572,3.301064623864895,2.727445684113512,0.2805862448226171,0.01277329964036028,0.012811585331269734,1.0029973219126938,1.0029973219126938,11.12079341286385,10.966800613021972,0.9861527146378108,0.986152714637811,0.9343040291077137,0.5551319199022681
5980,1.423332707352561,1.2060101274640196,2.5784139477770247,0.1799477934148918,0.009203379070974696,0.00890822685615992,0.9679300165147369,0.9679300165147369,12.888973423214217,15.056015653073745,1.1681314840758759,1.1681314840758759,2.558052531257303,1.4814246445907668
5980,1.423332707352561,1.172900897904435,1.7699497273678002,0.39688626742562455,0.009632158573092402,0.009671421940797877,1.0040762792065279,1.0040762792065279,14.82670244343533,14.555278030488005,0.9816935415017045,0.9816935415017046,4.454924972799421,2.1118130427155326
5982,1.4238087383583644,1.159976954432779,1.159976954432779,0.381800065401249,0.01025355308148306,0.010194749217892641,0.9942650256820132,0.9942650256820132,19.126025838272188,19.62988812805951,1.0263443275695605,1.0263443275695607,9.577043681030453,3.398066503169578
5984,1.4242847693641678,7.5411390474868485,3.661873805422196,0.2312692782388147,0.016166360441823346,0.01625767878853036,1.0056486645238198,1.0056486645238198,15.846548043097192,15.426938703923035,0.9735204577026515,0.9735204577026514,0.8744766439209289,0.5847716576327858
5985,1.4245227848670696,3.2936129576188544,2.455254111740842,0.31517842304068955,0.01295358541903005,0.013021570521774715,1.005248361789068,1.005248361789068,14.102109036408336,13.76528927754007,0.9761156463902898,0.9761156463902898,1.6231940893094385,0.9184690864262746
5989,1.4254748468786766,1.381299266810723,3.7148104397364157,0.424886316659058,0.009163881662828196,0.009546162260332579,1.041716012009959,1.041716012009959,14.527563513797418,12.013890028042944,0.8269721221065641,0.8269721221065641,2.2531675702807528,1.5144241502760847
5992,1.426188893387382,3.8011917004670606,2.0221516972787112,0.3988438351451887,0.013974029706299355,0.014096794668856313,1.008785222669279,1.0087852226692788,9.484286104092712,9.113813941399057,0.9609383185378827,0.9609383185378824,0.7629168405486233,0.3905167401221317
5995,1.4269029398960873,3.733777132878149,3.3062080371453164,0.22803260721798166,0.01296372534488425,0.012946303100852586,0.9986560773567654,0.9986560773567653,13.171638809472658,13.255983042643823,1.0064034729763853,1.0064034729763853,1.045080412577534,0.6727829728151393
5998,1.4276169864047927,1.6622485987352986,1.127956431744272,0.16280945221337095,0.011612811635422958,0.010893879502970126,0.9380914669915209,0.938091466991521,20.663039380897256,27.93352014193554,1.3518592123363884,1.351859212336388,8.92672949811652,3.0991435766769015
6002,1.4285690484163995,3.7541548130118665,7.353027335698891,0.42064097730056066,0.01176719314594215,0.012834859331134572,1.0907324433236316,1.0907324433236314,24.331305534601622,16.00018203133644,0.6575965275920987,0.6575965275920989,1.831791981047658,1.4810848852988039
6002,1.4285690484163995,2.4391602569335453,1.456483578265931,0.13791149878641287,0.012668197634746036,0.01176417825609058,0.9286386742044557,0.9286386742044557,14.640485520125708,20.860189292321802,1.4248290648316349,1.424829064831635,3.0063131767473834,1.2580187063370623
6009,1.4302351569367122,3.5465040517970636,1.2282714096514957,0.3224701889171835,0.01474481657785393,0.014544903450490365,0.9864418030357986,0.9864418030357985,15.078861338656507,16.04496006992669,1.0640697403850696,1.0640697403850694,2.739256602369815,1.0151022926702467
6012,1.4309492034454174,1.6546806746203708,1.1326653329807461,0.48512724848602173,0.011587277185320276,0.011591128527908097,1.0003323768411012,1.000332376841101,12.260646483248685,12.242318574125132,0.9985051433341143,0.998505143334114,3.14551614348657,1.0956119237024151
6013,1.431187218948319,9.17498882100138,5.202953569614715,0.2751940908404067,0.016508110361768448,0.01718940255175772,1.0412701499480579,1.0412701499480577,6.307799742617661,5.193664923275009,0.823371878499063,0.823371878499063,0.09137293702319563,0.06816633606607882
6014,1.4314252344512208,5.997864891681837,3.0881384360241673,0.48331204857046506,0.015322878574483213,0.015832326087807186,1.0332475070429876,1.0332475070429874,7.226892686235084,6.216506817291261,0.8601908298889944,0.8601908298889945,0.24160755789729021,0.1513778945653276
6015,1.4316632499541229,7.380203308005855,7.467408841854547,0.39636358510258707,0.01471523951911756,0.01603593298625628,1.089750048949113,1.0897500489491125,13.452392301185881,8.875633675997031,0.6597810617829373,0.6597810617829373,0.35199269517568155,0.2854736210574667
6016,1.4319012654570245,3.332800803207046,1.1749189464165561,0.2910174156969241,0.014546500341500044,0.014254078022814526,0.9798974109359307,0.9798974109359305,9.075319180771238,9.957389870230344,1.0971944536483118,1.0971944536483118,1.059591628746603,0.37967607930928066
6021,1.4330913429715333,0.8121224331371988,1.0463299797775152,0.12909551006627254,0.00925993836282061,0.008519419314446792,0.9200298080441809,0.9200298080441807,20.56892542559548,30.66404457214322,1.490794678752912,1.4907946787529118,14.828499916596202,4.848256137581889
6027,1.434519435988944,2.441437623595413,1.0217660022446557,0.45032673456388095,0.013417123983228793,0.01340252878519976,0.9989121962316755,0.9989121962316754,11.111514597510908,11.166110553368073,1.0049134576009462,1.0049134576009462,2.102725402264627,0.6742435895481056
6031,1.4354714980005507,4.35915803671096,1.0625485137515533,0.450070136893724,0.016172045166494373,0.01615571146425025,0.9989900039187397,0.9989900039187396,5.15572384662564,5.179240858932522,1.0045613405617668,1.0045613405617664,0.3015116261941514,0.09981865702088505
6033,1.4359475290063546,4.151501169412048,1.2791373721109263,0.23405512467965242,0.015438828070459279,0.01491748189580036,0.966231492942365,0.9662314929423651,5.663176626634713,6.637283429838841,1.1720071379414103,1.1720071379414105,0.3401028607958577,0.1298737639000677
6036,1.4366615755150598,4.653345751615688,2.795132193111246,0.39657028828590535,0.014273484387692877,0.014602138347776066,1.023025489162728,1.0230254891627277,13.239674423202162,11.922796792266045,0.9005354974116035,0.9005354974116037,1.034542106763565,0.6214038104274092
6043,1.438327684035372,3.8083619384000684,1.2651586468107383,0.1712939614935447,0.015027572275031735,0.014171288903821086,0.9430191813062606,0.9430191813062607,7.3588845805992,9.698723595635231,1.3179610971484363,1.3179610971484363,0.6120175806006739,0.23183259885406032
6044,1.4385656995382738,2.204007136410346,1.6263531582402624,0.12026199023457632,0.012040014073831453,0.011083005575105966,0.9205143372045128,0.9205143372045127,11.232843288164386,16.768844330013792,1.492840583619864,1.4928405836198633,1.7709853225330687,0.7967422556558172
6050,1.4399937925556845,3.8125589584904827,3.26424436163954,0.19580133177110648,0.01307664128557319,0.012898847706422927,0.9864037274352387,0.9864037274352387,8.893862297362235,9.49620656490472,1.0677258369202691,1.067725836920269,0.4745241895033685,0.3039666850801895
6051,1.4402318080585863,1.886286294550706,1.5412886071000194,0.11725402277023028,0.011526120356057585,0.010573454109191034,0.917347189042159,0.917347189042159,11.93942554154142,18.12966072222451,1.5184701021958809,1.518470102195881,2.293885929626708,0.9968315660219856
6055,1.441183870070193,2.50559025504522,1.0075618159425286,0.128815765039869,0.013565164854059963,0.012477416512861637,0.9198131130066753,0.9198131130066755,10.521189187630316,15.703347488186436,1.4925449213144788,1.4925449213144786,1.8660275406233062,0.591456313522422
6058,1.4418979165788985,1.2658306767758545,1.2658306767758545,0.11031056576551786,0.010408728847837181,0.009465812023352406,0.9094109532231014,0.9094109532231013,14.556504757130053,23.07223624510224,1.5850121049011452,1.5850121049011454,4.989232012019099,1.8906623399143632
6059,1.4421359320818004,1.2775257850976516,1.1745714849878592,0.31803998015450907,0.010567350887864644,0.010411061174473442,0.9852101330740628,0.9852101330740628,11.371105331154096,12.168818232307778,1.0701526261451595,1.0701526261451593,3.1529414781542733,1.129515471215741
6060,1.4423739475847022,2.722687896061003,2.700404354422795,0.4364294618826482,0.011995545896314935,0.012287889352837741,1.0243710006238744,1.0243710006238747,5.316050735814624,4.760177668795046,0.89543495827182,0.8954349582718202,0.24452756736371312,0.14464181224397413
6060,1.4423739475847022,5.6657315622686895,1.4620239919168756,0.3611837309884408,0.016767276229423842,0.016685542855173763,0.9951254232868991,0.9951254232868992,11.502040307183925,11.760012416081855,1.0224283780971282,1.0224283780971282,1.0555630445009123,0.4428478511391733
6082,1.447610288648541,3.1741945628757464,1.5525955980704407,0.21021172310105393,0.013694130627780254,0.01317337854202795,0.9619726071039594,0.9619726071039592,16.715973425855463,20.02603743894721,1.198018023166506,1.198018023166506,3.164144554300975,1.381603867650019
6083,1.4478483041514427,3.316978632943388,1.5775246284392055,0.35816163453081373,0.013862358243817544,0.013813062906830952,0.9964439429338383,0.9964439429338382,10.716005958980963,10.890951613913764,1.0163256399448137,1.0163256399448135,1.2505430207296055,0.5517226890989946
6089,1.4492763971688534,2.015885612891844,1.8376032250291927,0.26280321823982683,0.011472973993109366,0.01127137306395622,0.9824281891274026,0.9824281891274027,25.082266856551684,27.222871446795853,1.0853433464561448,1.0853433464561448,8.67365197657429,4.2043815148919155
6089,1.4492763971688534,1.8051330164735393,2.642421213200844,0.1526353640874299,0.010491556320667957,0.010032429683513562,0.9562384623289938,0.9562384623289939,11.43563845810644,14.190853691488465,1.240932348768767,1.240932348768767,1.511895856648376,0.8855403290135132
6096,1.4509425056891656,1.6837673425685238,2.7876044969004803,0.49318140006423594,0.010174921074779544,0.01045810207207914,1.0278312721266716,1.0278312721266716,11.049138386583596,9.742036462201492,0.8817010088343855,0.8817010088343857,1.421787957327868,0.8529934958073228
6097,1.4511805211920676,3.0130401855596927,1.0385118618993512,0.45950462260401703,0.014352966719001542,0.014343049162647977,0.999309023942734,0.9993090239427341,13.064744940209689,13.10546663054127,1.0031169143001217,1.0031169143001217,2.5058170638943498,0.8142911720378653
6100,1.4518945677007729,0.975195370964463,1.8348371069300915,0.12395799874073461,0.009008433764751024,0.008342737966908077,0.926103047962928,0.926103047962928,10.310739509656573,14.950672252335218,1.4500096950692134,1.4500096950692134,2.3807901507951,1.1530198746304705
6100,1.4518945677007729,6.094944332201566,3.139771129216655,0.29988582297271704,0.015370537132225776,0.015596425045912094,1.0146961626482607,1.0146961626482602,13.720443513358257,12.816764692712939,0.9341363258581624,0.9341363258581622,0.8508326687990412,0.5366777503613548
6102,1.4523705987065763,1.7197799737484718,2.5246367075569167,0.42453248958094825,0.0103898833019723,0.010600898019995433,1.0203096331200443,1.0203096331200445,16.840460776565834,15.359362328482877,0.9120511922011086,0.9120511922011088,3.4995242370199238,2.006703585349948
6106,1.4533226607181833,2.6553983968274597,1.756866348728616,0.22305057578498758,0.012661917927888056,0.012276151821822415,0.9695333591433265,0.9695333591433264,10.4833657010482,12.107551832878386,1.1549298362898652,1.154929836289865,1.297866384302871,0.612493763302592
6109,1.4540367072268887,3.202990693956302,17.149793508567644,0.14517678328201067,0.010228401797924414,0.011075810940796973,1.0828486365332772,1.0828486365332772,19.79364110489634,12.820256415688766,0.6476957093314896,0.6476957093314895,0.6202116600625623,0.5643111156122624
6110,1.4542747227297905,11.678875962368002,2.471601073670649,0.44939197943434417,0.019734409397999027,0.02014393458286961,1.0207518338457144,1.0207518338457144,10.551436595624947,9.605877456068889,0.9103857440655877,0.9103857440655876,0.38894664173041765,0.22078571019759344
6113,1.4549887692384957,1.7835252750498816,1.1118445310522325,0.39033442504869764,0.011916632383496854,0.011855467959775996,0.9948673063200671,0.994867306320067,10.155006621772179,10.393840204434502,1.0235188012728882,1.0235188012728886,2.0728902869676316,0.7115627169255037
6114,1.4552267847413973,2.7454489813064806,1.3783231251241648,0.34549416616746564,0.013292296093061363,0.013183407293224494,0.9918081271230703,0.9918081271230701,15.862584749710054,16.46650756090266,1.0380721566328366,1.038072156632837,3.368724413798542,1.3570602324132242
6115,1.4554648002442994,3.4785241481901688,3.5488622482260648,0.4814105966850939,0.0125426597364834,0.013061492830316025,1.0413654762811968,1.0413654762811968,9.403441841184232,7.793974608169,0.8288427513885126,0.8288427513885126,0.528613482038495,0.34950132781886273
6116,1.4557028157472012,7.371872271253676,3.2535135371952335,0.1333579020149454,0.01629828711895043,0.015581004909510678,0.9559903317321149,0.9559903317321149,13.156081334632209,16.41064955902242,1.2473812787872367,1.2473812787872365,0.6706832021100285,0.42906730955685135
6117,1.4559408312501028,1.0,1.5925792975512414,0.4425305424184428,0.009281569345512115,0.009323075888219089,1.0044719315410862,1.0044719315410862,7.959986704434708,7.800970979852288,0.9800231168107569,0.9800231168107572,1.5257732133990598,0.6772853494421742
6120,1.456654877758808,1.6999943114919154,1.2571166524515347,0.17732363096303633,0.011496588100612031,0.01087077393722978,0.9455652270129661,0.9455652270129662,13.99971877280297,18.207707891687562,1.300576689230314,1.300576689230314,3.8058382194863305,1.434893320247022
6130,1.4590350327878256,4.374013245186473,1.9952862811811476,0.42692926459387615,0.014672287339434221,0.014827034983550463,1.010546933858113,1.0105469338581132,3.7462809227808815,3.5717621717906773,0.953415466008177,0.9534154660081768,0.1093720364283333,0.05557136916157236
6131,1.4592730482907275,5.05154652328378,4.402803522147975,0.21943490153193668,0.01381357789460192,0.013996901345870835,1.0132712504079449,1.0132712504079449,16.957509144151576,15.912928881994851,0.9384001356993525,0.9384001356993525,1.1286329478520345,0.8024222130702341
6140,1.4614151878168435,7.928222853953518,1.8228820307431108,0.359392464417766,0.018131611607006094,0.018144383995430894,1.0007044265397713,1.0007044265397713,10.165859884560389,10.1332828989815,0.996795452037622,0.9967954520376215,0.574833796560577,0.27732265650767507
6148,1.4633193118400574,8.352428845049845,1.061966279696759,0.41786937182509043,0.020088196282643307,0.020029371703035148,0.9970716843473406,0.9970716843473406,6.980007454146431,7.072927331279722,1.0133122890976416,1.0133122890976416,0.35833209433894037,0.11857714461390541
6155,1.4649854203603698,6.776792008967875,1.1993109550140424,0.23416967435297176,0.018367581117969524,0.01773445841301866,0.965530425542454,0.9655304255424542,6.498404840189738,7.641074265354507,1.1758384485524613,1.1758384485524611,0.3347404037934579,0.121838181339046
6159,1.4659374823719769,9.032230624691982,4.653145206341547,0.3038034074853644,0.01664996891164887,0.01731682742151148,1.0400516369370547,1.0400516369370552,8.437898457646671,7.00092120271528,0.8296996269694191,0.8296996269694191,0.18129220035562046,0.1310609246300525
6160,1.4661754978748787,7.639596955154118,3.2913080033703754,0.2010717984143643,0.016467711740029898,0.0162850030172082,0.9889050327267044,0.9889050327267044,15.51048340413436,16.360269470163487,1.0547878517959417,1.0547878517959417,0.9022869976164604,0.5798416814912091
6161,1.4664135133777805,1.7581913249179557,1.3679630765692172,0.3948953451562247,0.011471006745387653,0.011444725366083248,0.9977088864222862,0.9977088864222863,17.45501770927496,17.637064414686087,1.0104294769815327,1.0104294769815327,5.514239052246643,2.2096220990431603
6168,1.468079621898093,4.1216194606506305,2.004906259885787,0.3040290937324679,0.014374265337501697,0.014299145270469542,0.9947739891209486,0.9947739891209485,14.207021173081563,14.55345207731249,1.024384485671586,1.0243844856715858,1.6312751329648914,0.8310601439612355
6169,1.4683176374009947,1.9398000401102848,2.8883522357689158,0.28969768022716585,0.010614391245804643,0.010699313683801559,1.0080006885020827,1.0080006885020827,10.838281021423793,10.443011584614005,0.9635302465373922,0.9635302465373924,1.2125916951606306,0.7387919947442759
6172,1.4690316839096997,3.7628893332287756,2.0958391056166676,0.1823618395281429,0.013853998223134864,0.013304647223781503,0.9603471149262891,0.960347114926289,11.168155171775224,13.524912651319564,1.2110247792312616,1.2110247792312618,1.0396828577337354,0.5426670835862852
6176,1.469983745921307,1.016966668187454,1.016966668187454,0.18631911668773904,0.010028119344355085,0.009505951399212044,0.947929623969127,0.9479296239691269,16.897052477277494,21.69750646087628,1.2841000813635544,1.2841000813635548,8.738751482001142,2.7912327456952277
6176,1.469983745921307,3.446053021595132,1.1114124048388996,0.11884048452808155,0.01484324122703076,0.013565955817637101,0.9139483492953265,0.9139483492953264,11.142482737349853,17.19242135635787,1.5429614531713371,1.5429614531713374,1.6090649856845216,0.5521755885631847
6178,1.4704597769271104,9.440697153660844,1.186327797662103,0.19583949298300726,0.020549912409135528,0.019572084398610173,0.9524169256268626,0.9524169256268624,7.370881886941089,9.253052374740422,1.2553521432942718,1.255352143294272,0.34731078276335275,0.12537202785021376
6182,1.4714118389387176,9.517251655863053,5.13092788814614,0.27092301929525003,0.01673936175099851,0.01739542505515972,1.0391928505949204,1.0391928505949204,8.377552070943445,6.964328316781638,0.8313082697434485,0.8313082697434487,0.15913451269658735,0.1182716212771576
6183,1.4716498544416192,2.8032971787418464,1.30600496652686,0.48961361773108336,0.013499841984238255,0.013525833129522519,1.001925292556358,1.001925292556358,11.256804603309396,11.159661463584282,0.9913702739677515,0.9913702739677515,1.725525071351082,0.6689529770189556
6183,1.4716498544416192,2.985861559661668,2.7969690338624704,0.16528228074483736,0.012310016591164308,0.011881319102487176,0.9651749056955101,0.9651749056955101,18.980880796677468,22.50816917149209,1.1858337562202097,1.18583375622021,2.856800456789055,1.7164490296727786
6184,1.471887869944521,13.991277704782805,11.825800259266783,0.17703030873829761,0.017336461903782796,0.018550888747916196,1.07005044344535,1.0700504434453497,13.458327608648517,9.453794538294654,0.7024494285768098,0.7024494285768098,0.15184138341699854,0.1326275042354901
6184,1.471887869944521,1.3352976119651532,1.2041148100006065,0.25758751609783054,0.010681267228564132,0.01038405997273167,0.9721749068277533,0.9721749068277534,6.157258630773783,7.009742971104144,1.138451929901023,1.1384519299010227,0.8855624945153768,0.32330222276940945
6184,1.471887869944521,1.5935142617739815,1.0679758123708107,0.1589538465128924,0.011553613533114567,0.010814175903274907,0.9359994492008661,0.9359994492008661,24.18607932641319,33.056379914549005,1.3667523151819285,1.3667523151819287,12.944308994693312,4.303007881338713
6184,1.471887869944521,4.54467719142858,1.363238511555028,0.2754959978544207,0.01575135547190472,0.015409457686381156,0.9782940721429724,0.9782940721429726,6.593348894374909,7.29132377752551,1.1058604503314053,1.1058604503314051,0.4185685074202369,0.16731711515449316
6185,1.472125885447423,1.3816853864821206,1.5577689346671943,0.3008517232495738,0.01037297300666621,0.010233348577257412,0.9865395938735145,0.9865395938735145,18.966702456552596,20.179999202991745,1.0639698307715044,1.0639698307715038,7.078049486559744,3.097299093809534
6185,1.472125885447423,5.707941828686226,1.7631128579647883,0.1897143511598554,0.01633240017243707,0.015640414119255444,0.9576310863145862,0.9576310863145864,10.284873230317354,12.60582313699391,1.2256663601681497,1.22566636016815,0.7483020243771678,0.3538990538131281
6185,1.472125885447423,2.312236774872221,1.4899882919340388,0.49357211168500503,0.012400487275333643,0.012454633252068536,1.0043664394416658,1.004366439441666,17.764301934451485,17.41839583790366,0.9805280219946618,0.9805280219946616,4.524891132695172,1.922725942169894
6190,1.4733159629619317,5.626223172657101,5.550614968401769,0.13875625255891122,0.013915478103731109,0.013806513977007231,0.992169573627897,0.992169573627897,12.142030410241057,12.632533894412909,1.040397154973203,1.0403971549732032,0.4441741426037688,0.3370168808344377
6193,1.4740300094706371,3.38344169936293,1.3392913668481596,0.3438028505383862,0.014315998615520135,0.014188245087248082,0.9910761706742865,0.9910761706742867,12.832093304799864,13.365303312258751,1.0415528468187991,1.0415528468187993,1.9498547078651873,0.7696976670675566
6204,1.4766481800025564,1.0466412535844183,1.575448063896166,0.26311270347751986,0.009439383548759542,0.009233624457454428,0.9782020626408222,0.9782020626408223,15.982070168465425,17.68930779732297,1.1068220581477695,1.1068220581477692,6.006369619602607,2.647672176924646
6207,1.4773622265112616,2.0890523736813997,1.3916421411620234,0.4816379303456798,0.012116773278029777,0.012151527358724386,1.0028682620279463,1.002868262027946,19.09328456436738,18.848260933322617,0.9871670256514149,0.9871670256514146,5.823215891062572,2.3616480802795423
6211,1.4783142885228688,12.488065003134922,4.053287352585738,0.30292976992127596,0.018875829320924537,0.019455075287814393,1.0306871797281902,1.0306871797281902,6.333411185474129,5.4910846821544785,0.8670027132848168,0.8670027132848168,0.09206656876342179,0.06375158042274665
6212,1.4785523040257704,7.209392630751137,3.8738920029837156,0.4196156223838218,0.015809259547612965,0.016504581548180852,1.0439819460534363,1.0439819460534363,12.907335328906965,10.562111907885841,0.8183030531663017,0.8183030531663017,0.5718237408841891,0.3899852619856953
6217,1.4797423815402795,1.4682759451236695,1.4710710379855847,0.2881885126455793,0.010679764648803299,0.010493965863977025,0.9826027266577364,0.9826027266577365,6.622004322098207,7.17629400346419,1.0837042161866717,1.0837042161866721,0.857602259975826,0.3612988739048985
6229,1.4825985675751006,4.716324809352703,2.896485787962343,0.34849054698761944,0.014267332732785614,0.014538206104277307,1.0189855648960398,1.0189855648960398,10.6689506909963,9.779765707761957,0.9166567538844527,0.9166567538844527,0.6484829045096402,0.3955751856156016
6230,1.4828365830780024,7.118768658039324,1.8703641094368455,0.19484958564726948,0.01742506485694227,0.016753232685832474,0.961444495235716,0.961444495235716,12.066719962965836,14.515335200217717,1.2029230184148605,1.20292301841486,0.8557933498412685,0.4191320349335413
6233,1.4835506295867078,1.45779311111694,2.411666830386679,0.4179878128291473,0.009896999021736361,0.010072215916055782,1.0177040428047532,1.0177040428047532,13.560915052517775,12.515067272962577,0.9228777869705024,0.9228777869705022,2.617448421100201,1.468236312336995
6234,1.4837886450896094,10.85271223371626,2.828037435772301,0.47110102112089514,0.018898110465266127,0.019431440967621734,1.0282213665401017,1.0282213665401017,10.394144233368209,9.147696614616233,0.880081746917604,0.8800817469176041,0.3594510805673999,0.21701416886976596
6235,1.4840266605925112,7.769660425603716,1.9398256561243692,0.4015121996406402,0.01784362439870712,0.017977930372713533,1.0075268326100917,1.0075268326100917,9.318865491698276,9.006287224096466,0.9664574761938275,0.9664574761938274,0.47011109605493234,0.2351088844370205
6237,1.4845026915983146,8.796152118292477,1.5381855368386572,0.48856851361365694,0.019262541597093306,0.019359786482166165,1.0050483932549967,1.0050483932549967,10.647119818109182,10.407745638867304,0.9775174710784472,0.9775174710784472,0.6543495084237286,0.2839784457005489
6238,1.4847407071012166,1.9220315209975853,1.0591826366200146,0.1897324855672313,0.012315299194917566,0.011691772158575963,0.9493697208266829,0.949369720826683,8.295988006123938,10.57483531127531,1.274692695248495,1.274692695248495,1.3497863849241032,0.44571613074304783
6240,1.48521673810702,5.264326109338644,1.087976287101789,0.4180449979732184,0.01715486245383468,0.017106511469271127,0.9971814997238438,0.9971814997238437,9.49973890780191,9.621429537731895,1.0128098920518798,1.01280989205188,0.8916613390265957,0.30085441073488856
6240,1.48521673810702,7.047193836180645,3.5255402649632464,0.40719982730811355,0.015884550231518357,0.01647364955851037,1.037086308293647,1.037086308293647,9.319592185704987,7.870120129910338,0.8444704417412227,0.8444704417412227,0.3259692170015412,0.2149984516553104
6242,1.4856927691128234,1.0523908339246102,1.0523908339246102,0.369459466523862,0.0100858360584175,0.01000816666733843,0.9922991618514115,0.9922991618514116,13.655620008363519,14.14164663007661,1.0355916920224362,1.0355916920224357,5.4824594195240035,1.8009586566340112
6247,1.4868828466273323,4.133577865880102,1.028083599565442,0.14721396206853055,0.015975039088458542,0.01485748758614054,0.9300438955967627,0.9300438955967629,15.07554259626487,21.271924031135022,1.4110221171346344,1.4110221171346342,2.716272391266174,0.8754088836817218
6250,1.4875968931360377,2.6253710909677155,2.1870471827262854,0.36341975336465693,0.012211545344843715,0.012307689599769536,1.0078732258867154,1.0078732258867154,24.893383378355978,24.015612480731242,0.964738786838115,0.9647387868381152,6.3784660255003045,3.4053807681076256
6251,1.4878349086389395,2.7591213910433976,1.3795606955216988,0.23785380356440167,0.013312440027732464,0.012893242343626295,0.9685108302285008,0.9685108302285009,8.031928258339287,9.311491399787387,1.1593095829908058,1.159309582990806,0.8603853347011483,0.3468164661868545
6252,1.4880729241418411,9.418771892599397,1.3281937469868486,0.11654134933330972,0.02016540256554086,0.018435479431949592,0.9142133102491391,0.914213310249139,7.35980777985879,11.353896581342955,1.5426892822411182,1.5426892822411182,0.3256729258299462,0.1277964658767667
6260,1.4899770481650552,6.9538229065094965,2.036169937029227,0.12849144272231833,0.01707320023564653,0.015916339837057557,0.9322411508901767,0.9322411508901768,10.92628054226252,15.345475542987483,1.404455567805682,1.404455567805682,0.6738039481471442,0.34621572823266716
6263,1.4906910946737606,1.729173755358059,2.6475391797544994,0.39491905938294547,0.010339483430056428,0.010547500366634502,1.020118697223633,1.0201186972236331,8.800172700695803,8.03066748127518,0.9125579411231577,0.9125579411231576,0.9200696068749691,0.5393757310859436
6263,1.4906910946737606,1.0,1.1401970055748616,0.4521911039158878,0.00978604420602908,0.009780739883308867,0.9994579706969906,0.9994579706969907,15.358623142923188,15.396178329692022,1.0024452183258457,1.0024452183258454,6.880946266588411,2.409119852616022
6265,1.4911671256795642,14.586066657692868,4.280783675654464,0.35272962898779514,0.01974044943447692,0.020591033757504373,1.0430883970423641,1.0430883970423643,7.825852823497648,6.416986198989646,0.8199727676608247,0.8199727676608248,0.12128400487940173,0.08547616660622688
6268,1.4918811721882694,3.8779507180493047,1.443588286032882,0.17023315142921594,0.014806055525675906,0.013985895156027557,0.9446064234848999,0.9446064234848998,11.337831860907617,14.832813730555952,1.308258396536898,1.3082583965368981,1.330539635092934,0.5534180767723736
6268,1.4918811721882694,5.879471944803518,1.096400006825044,0.1585095417780168,0.017776067465587356,0.016636506608804436,0.9358935344395495,0.9358935344395495,5.270563497829521,7.2080054957807365,1.367596747245162,1.3675967472451622,0.25394816714004265,0.0862124283151055
6270,1.492357203194073,3.6835668546689457,3.2963813359269047,0.37267361065198235,0.012910498220074665,0.013290728102647462,1.029451216838524,1.0294512168385241,14.905020875563489,13.026789382320688,0.8739866579910581,0.8739866579910583,1.3534659524141537,0.8703054648583611
6271,1.4925952186969746,3.0118094273505998,1.4245049177432383,0.41328883928027993,0.013638079138334157,0.013638982949652524,1.0000662711595378,1.000066271159538,11.481539522699649,11.478100383831276,0.9997004636127783,0.9997004636127783,1.6276319468050644,0.6708483326420862
6275,1.493547280708582,6.346806106187983,1.1652314031327884,0.11559899778017439,0.018054719688662256,0.01646869373324836,0.9121544957349925,0.9121544957349926,7.890539205822925,12.302880555471031,1.5591938946823762,1.559193894682376,0.5236843271584323,0.18645871283514828
6280,1.4947373582230907,2.4234721775002264,1.777610478554149,0.426609391030752,0.012260260222678468,0.012341414974837067,1.0066193335773153,1.0066193335773155,9.303492553749116,9.029266671620976,0.9705244153694051,0.9705244153694053,1.078266249226757,0.5124696039327907
6281,1.4949753737259923,1.0,1.2853334262504823,0.4012562040519855,0.009598661083447783,0.009573128725608428,0.9973400084014442,0.9973400084014445,6.639153800841417,6.719541883074233,1.0121081819527404,1.01210818195274,1.2041296138100719,0.46144182264212485
6282,1.4952133892288941,2.157095612106052,1.0306762964370744,0.3453878978627121,0.012856070852321384,0.012714685870678925,0.9890024733632414,0.9890024733632413,7.462341454505115,7.84603044070217,1.0514167019207379,1.0514167019207377,1.0254802207032347,0.3311793653049772
6283,1.495451404731796,1.1567829174538846,1.707092204890911,0.25128962146769973,0.009640449973179591,0.009420287591011474,0.9771626446088486,0.9771626446088487,16.96251313477662,18.874325286146455,1.1127080719808098,1.11270807198081,6.021529033706387,2.792308100662596
6285,1.4959274357375996,9.03664739667991,10.596082739513719,0.47342044539121353,0.015156106652049011,0.017031173542290112,1.1237169236987128,1.1237169236987128,15.726856250733968,8.841944425790482,0.5622194470924747,0.5622194470924747,0.3069245689843306,0.26409187922828103
6287,1.496403466743403,3.196676507955123,1.300132800958146,0.35317986187655137,0.014114007326522548,0.014000899876751467,0.9919861562237867,0.9919861562237868,9.02142577458079,9.356779476307322,1.037173026759411,1.037173026759411,1.0179559997803118,0.393357117684672
6289,1.4968794977492064,1.5502581490475806,1.5502581490475806,0.1584613969996965,0.010786793859858652,0.01014607989727816,0.940602001771369,0.9406020017713689,17.75415058803227,23.736626991607217,1.3369621302867407,1.3369621302867407,5.760722950738565,2.512909149153294
6298,1.4990216372753224,8.291158862595202,5.648333272363661,0.26407924215284306,0.015802315053356043,0.016501947968263223,1.0442740770921786,1.0442740770921788,18.608035442349674,15.089166143142728,0.8108951742859207,0.8108951742859207,0.7937348695870633,0.6049061678569069
6301,1.4997356837840277,1.7313171612429898,1.2727898509457176,0.3402469685292081,0.011543839612769901,0.01142602858740912,0.9897944679315833,0.9897944679315832,9.68170414058796,10.14338822932671,1.0476862422187911,1.047686242218791,1.7857634384726773,0.6794428990169967
6307,1.5011637768014383,11.646596161721838,1.5689322203799743,0.4618780802287991,0.021087321910717723,0.021191317227250095,1.0049316512060034,1.0049316512060034,8.510597542013754,8.323490368573061,0.9780148018377075,0.9780148018377078,0.3425827309232692,0.15060915109407635
6309,1.501639807807242,1.7819637118446598,1.9464772349369384,0.16253948476689145,0.01091678846613633,0.010359037932232888,0.9489089180729687,0.9489089180729684,13.626450394459393,17.48810308444988,1.2833938830878993,1.2833938830878995,2.676663861832734,1.3412330094980995
6309,1.501639807807242,3.0075368309276285,1.4745189165000712,0.2332755702699637,0.013558268834399555,0.013129661989790044,0.9683877897802067,0.9683877897802069,14.551279684071252,16.884231720222633,1.1603262453064644,1.1603262453064642,2.563903324194411,1.0818513615174032
6310,1.5018778233101437,10.430295047902257,1.5071387579772044,0.43740261494335625,0.020452867858798865,0.02051173881455386,1.0028783716866223,1.0028783716866225,5.6241784951831795,5.551595330668677,0.987094441512362,0.9870944415123619,0.16499575642653197,0.07064762298123028
6314,1.5028298853217508,9.460032775282873,5.855843361470986,0.168536033230248,0.016441529841230984,0.01663660645916698,1.0118648702292166,1.0118648702292166,7.419006287018764,6.995382686683201,0.9429002235681093,0.9429002235681097,0.11205541487328292,0.08616160673453424
6315,1.5030679008246526,2.220301913247156,1.1894746448382871,0.42463399827454074,0.012679235011089782,0.012657515667202216,0.9982870146449239,0.9982870146449239,15.875599466688087,15.998833847245953,1.007762502500548,1.0077625025005479,4.222564976846353,1.5273378780357456
6322,1.5047340093449648,1.9072049537800848,2.683251812640395,0.39822069570007584,0.010662825723816119,0.010887882475131713,1.021106670702956,1.021106670702956,17.86949138521708,16.23420248831845,0.9084871045489599,0.9084871045489599,3.5193198938585795,2.0757519030090545
6325,1.50544805585367,10.261909105485794,4.641215777339989,0.36432189784332747,0.017379224284439686,0.018251974130660945,1.0502179977619983,1.0502179977619983,7.907066737060618,6.274762740613607,0.7935639029330103,0.79356390293301,0.14652216864200657,0.1058445298111369
6327,1.5059240868594737,7.589324125717329,3.6579631293718404,0.2411731382224646,0.01620299065537537,0.0163434143522288,1.0086665295216253,1.0086665295216255,16.20175021453415,15.5506924483964,0.9598155904444383,0.9598155904444384,0.9110099091134725,0.6089690621551408
6328,1.5061621023623755,3.1311553794527653,1.704828570673881,0.19853487738321107,0.013438034121085279,0.012901788454029207,0.9600949318758863,0.9600949318758863,6.830291027675267,8.265689767068132,1.2101519149882274,1.2101519149882272,0.5031138535521675,0.23311375089146835
6330,1.5066381333681789,2.351478219054416,3.1083043320365626,0.45475962346976206,0.011204825113680934,0.011572314906473166,1.0327974590467754,1.0327974590467754,17.29697558955089,14.906798405710092,0.8618153114996182,0.8618153114996181,2.571073235855316,1.6151616385873748
6330,1.5066381333681789,7.333351805748633,1.6137941205980768,0.16368452993207222,0.01799587359884941,0.0169886185964361,0.9440285576090226,0.9440285576090225,8.502688445166262,11.169148643389368,1.313602011342539,1.3136020113425393,0.45747794197368924,0.20480068850015065
6331,1.5068761488710807,1.9568807768117045,2.193634448345022,0.3581423765381365,0.011067234622741774,0.011147928601340222,1.0072912503754672,1.0072912503754672,8.161565284770996,7.894473587612104,0.9672744519170522,0.9672744519170524,0.8323056047261419,0.4450559123618244
6336,1.5080662263855895,2.8976423401837645,1.4904292855677945,0.25880690298390463,0.013368712326293648,0.013045605014996443,0.9758310820510577,0.9758310820510577,13.585020575506146,15.205060856944515,1.1192519564055212,1.1192519564055212,2.276218160408048,0.9674068360123855
6336,1.5080662263855895,2.259003776507027,1.0525888621920636,0.14231345722311972,0.013010032111708824,0.012066820622610268,0.9275012174451376,0.9275012174451375,15.252272839178557,21.82100255321403,1.4306721878959807,1.4306721878959807,4.109792310708778,1.350251118607392
6341,1.5092563039000984,5.768651724435548,2.475059029352442,0.287711299809316,0.015596573124487551,0.015596386457667644,0.9999880315490834,0.9999880315490834,11.975734556637153,11.976399343915006,1.0000555111901244,1.0000555111901241,0.8010444333116151,0.4550183365433686
6348,1.5109224124204106,1.6613030671845692,1.6613030671845692,0.47003837554819794,0.010921789423204596,0.010994645738142584,1.006670730602368,1.0066707306023681,13.742523660347043,13.335451451343756,0.9703786423029519,0.970378642302952,3.1584215278367567,1.4401055092114456
6352,1.5118744744320178,18.97045940576638,4.051888978733597,0.11908870892704793,0.021699656640564245,0.020819835941785707,0.959454625787311,0.9594546257873112,7.308590854903627,8.990984296547893,1.2301939559957007,1.230193955995701,0.09280234571724919,0.06425375595447158
6355,1.5125885209407233,8.807949839953487,6.638030147655378,0.14578728400007268,0.0158202446477493,0.015961552228013407,1.0089320730121711,1.0089320730121711,14.495010197488028,13.855236030382889,0.9558624548455984,0.9558624548455984,0.4026581346278627,0.31868838185054865
6359,1.51354058295233,5.207596113550726,3.2286016871939047,0.22650380427760367,0.014530386236181525,0.014484303946595596,0.9968285571465966,0.9968285571465968,13.078515067004393,13.277064089523947,1.0151813123663,1.0151813123662996,0.840541671682855,0.5361118421926653
6362,1.5142546294610355,2.0317834544185644,1.3151712761610364,0.31233322407652997,0.012112896391999244,0.0119372746321248,0.9855012579823234,0.9855012579823234,15.969085151989827,17.068287729895303,1.0688331590346933,1.0688331590346933,4.286695993479216,1.6702750773593968
6374,1.5171108154958568,9.933353665480107,1.8828603616135196,0.4895651873943192,0.019452397339084555,0.019663890387639105,1.010872338502443,1.010872338502443,12.241076151230706,11.655466006358383,0.9521602400281248,0.9521602400281247,0.7022347940142577,0.34525490216616056
6374,1.5171108154958568,2.4333263861070735,1.6388379530517765,0.2469824216125053,0.01242932978041544,0.012116877358850716,0.9748616838490322,0.974861683849032,15.354980368746391,17.27304764215951,1.1249149935298624,1.1249149935298624,3.083303310821232,1.3938682792173782
6375,1.5173488309987584,1.735447688980803,1.5535137922561928,0.24606845107942493,0.011196633637529072,0.010897534145889846,0.9732866590689634,0.9732866590689633,9.899913518060577,11.219069106555747,1.1332492032469386,1.1332492032469383,1.6592592937484698,0.7247848405582964
6375,1.5173488309987584,1.2530934904372086,1.2904075103398067,0.11140809197304444,0.010341859966103754,0.009415212866852716,0.9103984097359473,0.9103984097359473,13.690263717085829,21.580075055349596,1.5763082071543344,1.576308207154334,4.395273486708402,1.6891806905035633
6378,1.5180628775074638,1.9763857093748864,4.87856556096628,0.13577006943575567,0.009974385300506993,0.00979188978061256,0.9817035822864035,0.9817035822864038,10.624320444388454,11.653575559117662,1.0968772657147066,1.0968772657147066,0.761167966963916,0.5578470436116975
6382,1.5190149395190709,20.835613154594615,4.40703627194898,0.38873753404916334,0.022150359728330817,0.023249925943412207,1.049641009381668,1.0496410093816682,8.274567991210995,6.590483182262005,0.7964745941132183,0.796474594113218,0.10440577816335714,0.07425119335851543
6384,1.5194909705248745,1.6010795194087593,2.2224841339069763,0.45495414865056916,0.010331586704958307,0.010499903775241199,1.0162915024661328,1.0162915024661325,17.421673265565673,16.185200263406895,0.9290267367944103,0.9290267367944103,4.296462477930527,2.3130809179999146
6387,1.5202050170335797,2.3302786907663298,1.4604946741525382,0.31140439610175175,0.012471464268754156,0.012311541214695305,0.9871768823120859,0.9871768823120859,6.0349323915283755,6.401112737176119,1.0606767933575816,1.0606767933575816,0.5257522782067016,0.22041631820885893
6393,1.5216331100509901,9.937460579228055,4.8283104942223805,0.2614405876733571,0.017109762524132356,0.017664730446642525,1.0324357466520893,1.0324357466520893,5.602079149729391,4.806455563459949,0.8579770893976256,0.857977089397626,0.072728205501157,0.05314434465324238
6395,1.5221091410567937,2.7033019723049803,1.0950604083642617,0.14352726339579433,0.013722763539626051,0.012738786557149818,0.9282960039619653,0.9282960039619653,18.261832195426006,26.0161401253876,1.4246182884050262,1.4246182884050265,5.121059107403546,1.736850086266217
6396,1.5223471565596955,4.429621073410079,2.1447553318057024,0.1377944209922622,0.014579018108837095,0.013697462156356286,0.9395325565892224,0.9395325565892226,12.305069169983174,16.62512210873833,1.3510791267466775,1.3510791267466777,1.1144678785152071,0.5889146783853254
6397,1.5225851720625974,23.389174876294984,19.007796293442656,0.45939788997751374,0.01965702525761494,0.02307269728092811,1.1737634244525361,1.1737634244525363,12.416062325350094,5.428966291448494,0.4372534664524096,0.43725346645240964,0.05881515696487684,0.05399788881676798
6399,1.5230612030684008,7.928779981962284,1.165884216326462,0.2581572604801784,0.019443224459561006,0.018899394704791437,0.9720298577069533,0.9720298577069532,9.367709379851721,10.671556958777215,1.1391853147931594,1.1391853147931594,0.636147786603861,0.22659917857591802
6401,1.5235372340742042,10.92692672537808,1.233359504950795,0.42793161605874297,0.021441229904024955,0.02141743689639824,0.9988903151669368,0.9988903151669368,8.851623183355743,8.896065310293476,1.005020788392947,1.005020788392947,0.44478745281549636,0.165337337816479
6401,1.5235372340742042,1.9360550648188815,1.0587506448285366,0.13684161732663785,0.012346009666282302,0.011414094179549587,0.9245168672370448,0.9245168672370451,13.241419644265926,19.256320227999797,1.4542489208352043,1.4542489208352043,3.4228213363322144,1.129884705489573
6408,1.5252033425945168,2.950408758507972,1.3588103131218738,0.34419572611398275,0.013645864761938215,0.013528115486426583,0.9913710653325494,0.9913710653325494,14.253225320313632,14.825511702321373,1.0401513600709111,1.0401513600709111,2.613820990221036,1.0424427231888396
6409,1.5254413580974184,1.146281407095365,2.225078226993785,0.1502768279972746,0.009241019468275439,0.00875751958682644,0.9476789456932905,0.9476789456932906,25.757956163623806,33.33949735886039,1.2943378405909192,1.2943378405909192,11.726067711858548,6.316756205172868
6409,1.5254413580974184,3.778233119368251,2.2295679227348772,0.1925663480820582,0.013748622068813932,0.01329319992862776,0.9668750702501883,0.9668750702501883,7.6639490054407435,8.986175935882043,1.1725255386619395,1.1725255386619398,0.46805724601433096,0.25240199347582465
6411,1.525917389103222,8.657310869726551,34.67406633771607,0.40615991318216454,0.013415148030609322,0.016387316402785318,1.2215531550896348,1.2215531550896348,26.711865157057396,8.977816028842252,0.33609843326385136,0.3360984332638513,0.2961632407265641,0.2824564006460597
6415,1.526869451114829,8.467229997768783,8.121760603589466,0.4714517881940438,0.015260919245026254,0.016809537035274817,1.101476049075699,1.1014760490756992,11.646842468172999,7.289431776258258,0.6258719301972088,0.6258719301972089,0.22348112291491212,0.1841591781106004
6417,1.5273454821206325,1.7939134165047728,1.7939134165047728,0.28757248175474237,0.011075338729728063,0.010937830344934917,0.9875842727569089,0.9875842727569087,10.066104486791252,10.6611787276912,1.0591166365976832,1.0591166365976832,1.5335794837237782,0.7328591498976899
6417,1.5273454821206325,3.8025113930711716,3.6080925054583357,0.2501146155998982,0.012892412667253265,0.013027432690314745,1.0104728282088293,1.0104728282088293,8.493260951017461,8.083978147607649,0.9518108762028815,0.9518108762028816,0.4011542653670137,0.26683259039433205
6419,1.527821513126436,2.8167266050840105,1.9951751034867828,0.17636439843548596,0.012670378690770173,0.012113189400466618,0.9560242591084162,0.9560242591084163,12.005792019513084,14.855459543149486,1.2373577285867372,1.237357728586737,1.5063537297683403,0.7653468517033347
6424,1.529011590640945,15.46008466242885,9.813123713991313,0.3354859318783932,0.01827383772037935,0.02016632002215591,1.1035623896159494,1.1035623896159494,9.719225193010105,5.963412666911835,0.6135687308902582,0.6135687308902581,0.0878823286416329,0.07475869753034901
6429,1.5302016681554538,5.599980455511184,1.267264296655419,0.18008949337629146,0.017083989186395164,0.01617568685302366,0.9468331240753284,0.9468331240753282,9.448759018770238,12.208963897254542,1.2921235342123845,1.2921235342123845,0.7795675254053193,0.29566198605086996
6431,1.5306776991612574,3.588715116635144,1.4524503950666716,0.3232356178981759,0.014414599402841555,0.014259054753838521,0.9892092284595594,0.9892092284595593,7.231108455785454,7.597609113361871,1.0506838833655148,1.0506838833655148,0.5678681961244845,0.23718251786546712
6433,1.5311537301670608,11.310228660768642,5.909143670298715,0.39012451021002625,0.017431477768665795,0.01866669341979792,1.070861212544613,1.070861212544613,9.246390056885547,6.669419775905718,0.7212998516041592,0.721299851604159,0.1533215813850478,0.11815093586790956
6435,1.5316297611728644,2.0932431103074163,1.4167168027488015,0.14701941696882387,0.012090870194948772,0.011281263570243918,0.9330398381877356,0.9330398381877356,15.360366510116386,21.362910379526017,1.39078129193443,1.39078129193443,3.7247314428725966,1.529409454036087
6436,1.531867776675766,11.320352367157676,1.4036140467116442,0.3560534797607805,0.021253888099898803,0.021118715676314022,0.9936401084380686,0.9936401084380685,6.727897875931209,6.92557748307224,1.0293820760639398,1.0293820760639398,0.23319439153390045,0.0951385194288024
6443,1.5335338851960787,7.181890144242273,4.231949955308254,0.1761991620003044,0.015610770883787487,0.015510216667057437,0.9935586642403111,0.9935586642403113,13.542190270109778,13.97598924823163,1.0320331474797935,1.0320331474797937,0.5878760308395934,0.41280725705146826
6445,1.534009916201882,6.902274189278333,1.5395190853671992,0.1901831935362123,0.01776458996614613,0.016953247486711766,0.9543281054625784,0.9543281054625786,6.751167533697825,8.405053501316283,1.24497777004692,1.24497777004692,0.3090832723469447,0.1342141056761302
6447,1.5344859472076855,11.319179045227635,2.1940202596575316,0.1233588703466776,0.01986605190507372,0.018511010736467767,0.9317911190869343,0.9317911190869345,8.95550056395629,12.62921633316606,1.4102189199781396,1.4102189199781394,0.3109539861198688,0.16629061523020058
6451,1.5354380092192927,4.10086432082499,4.3588417455726445,0.19844666495667904,0.012902511542550272,0.01296498683723572,1.0048421033749448,1.0048421033749448,16.51491891485056,16.132547391736406,0.9768469027861639,0.9768469027861638,1.24021137219615,0.8790144048728006
6452,1.5356760247221943,7.314489908442532,2.1002115293385235,0.360596103868189,0.0172847729822787,0.017386522725810455,1.0058866693612971,1.0058866693612971,11.056825859445992,10.76397071818679,0.9735136335706137,0.9735136335706136,0.6533475484272647,0.3414002104920242
6460,1.5375801487454086,7.445809493715007,2.374192893850429,0.12078258536541767,0.017082263038349307,0.01594233444764953,0.9332682919036746,0.9332682919036744,6.321508201305927,8.8584655000747,1.4013215229626177,1.401321522962618,0.19390733680460887,0.10793717953861254
6462,1.538056179751212,4.041174988567815,2.100272509857507,0.24483460190874518,0.014183052397108055,0.013930639237345138,0.9822031849918016,0.9822031849918016,16.35161874447004,17.77629579120266,1.08712758467503,1.0871275846750301,2.12217184403263,1.1089369279130175
6462,1.538056179751212,14.445540802381338,2.527573109225506,0.23778404472882672,0.02111671681659878,0.020861521793630728,0.9879150236665837,0.9879150236665836,5.580647110887371,5.9078577258760845,1.0586330954971785,1.0586330954971785,0.09292542985029387,0.053314754898559934
6464,1.5385322107570156,2.9460656683747874,2.0111716404615567,0.43419402589048406,0.012846281890331638,0.01299144655738441,1.0113001309088527,1.0113001309088527,11.503900615688517,10.930964694547077,0.95019637770861,0.95019637770861,1.3351307510324129,0.6813650298593602
6466,1.5390082417628193,1.2941156113243595,1.2696200986350454,0.427965227628054,0.010480669745455366,0.010472819185357179,0.999250948623623,0.9992509486236231,18.10587476866421,18.167190971022666,1.0033865363116603,1.0033865363116603,7.5933687102799965,2.8838246872043496
6467,1.539246257265721,1.506399950416178,1.3737003996585753,0.4630518839636227,0.010887777177637278,0.010911487012200818,1.0021776561162767,1.0021776561162765,17.93696628000302,17.761846473651254,0.9902369328448257,0.9902369328448256,6.439357974038801,2.587931469511422
6472,1.54043633478023,1.0,1.1019146034724991,0.45595890074719303,0.009840839586462284,0.009834903055881587,0.9993967455186584,0.9993967455186584,22.44851485204561,22.509601803291787,1.0027212023445111,1.0027212023445111,14.967784134960741,5.101669218605034
6472,1.54043633478023,9.303837309191012,1.0090593492840605,0.10224508541715782,0.021000763041304677,0.018948776307207302,0.9022898963213151,0.902289896321315,11.206917171354112,18.494884965358914,1.650309775879624,1.6503097758796241,0.8822713360875382,0.2799897139849746
6474,1.5409123657860333,2.4099277256810865,1.0501583200847806,0.2856527997595551,0.013298622473339542,0.013007231880103923,0.978088663407072,0.9780886634070719,15.497844063207275,17.148943105944365,1.1065373374517873,1.106537337451787,4.06895773028125,1.3343265905029338
6475,1.5411503812889351,4.504783878258761,1.340380103139799,0.3261287002949028,0.015747228049205603,0.015562323742389212,0.9882579774523733,0.9882579774523733,14.204453935793309,14.988878588538444,1.0552238513561223,1.0552238513561223,1.9732285854829683,0.7793753938350493
6478,1.5418644277976403,5.2893263472351615,2.6020642576132045,0.16405041955633862,0.015045507684995098,0.014461259079167604,0.9611679035324168,0.9611679035324167,4.456162023528772,5.38877202594959,1.209285478736318,1.209285478736318,0.11337072698562192,0.06593437091571937
6479,1.5421024433005421,12.48322428672511,28.402837777080546,0.4664795463843734,0.01540030807422206,0.018616189885986935,1.2088193168776802,1.2088193168776804,16.535238464070076,6.007727719634677,0.3633287619461341,0.3633287619461342,0.10788088776898268,0.1018353720060715
6492,1.545196644838265,6.90379062938743,1.0013415801817096,0.3247610419250451,0.01903701446117639,0.018764468213347405,0.9856833513267109,0.985683351326711,7.3021069391634725,7.796638301630726,1.0677244754955488,1.0677244754955488,0.458754955056544,0.14466023115647103
6494,1.5456726758440684,1.2053240620598789,1.2053240620598789,0.38857575492167473,0.01032113911478167,0.010273035844934041,0.9953393448811539,0.9953393448811538,23.787890054599142,24.29552242355261,1.0213399493518898,1.0213399493518895,14.143847385894485,5.167572508109631
6496,1.5461487068498723,1.5939756330507728,1.5939756330507728,0.24008775342479394,0.010840686513591425,0.010539090716184727,0.9721792713931379,0.972179271393138,9.898623720780249,11.2793230863789,1.1394839731810535,1.1394839731810533,1.7281972266536656,0.7675728658468022
6498,1.5466247378556757,9.317171106195493,1.1342170163449785,0.3773916740554659,0.02060982630163305,0.020477962642548364,0.9936019034243759,0.993601903424376,10.119452180630377,10.417485009395897,1.029451478543076,1.029451478543076,0.6765242930089016,0.23589171979216741
6501,1.5473387843643809,3.358850040683164,1.7008786343071656,0.3390488451979279,0.013761024864923397,0.013701297286873842,0.9956596562657335,0.9956596562657336,9.408763128180592,9.597283214522317,1.0200366492145052,1.0200366492145054,0.9123544774773776,0.4221278785123903
6501,1.5473387843643809,4.481160572945036,1.1579766998979268,0.27855301311329006,0.016093232463168544,0.015723086406202194,0.9769998937246773,0.9769998937246774,14.05662958215417,15.63609201504775,1.1123642352288214,1.1123642352288214,2.1030648393114726,0.7452027439014279
6502,1.5475767998672827,16.630141883456915,3.3085789610158103,0.21447276740808666,0.021327371337208238,0.02120176173449599,0.9941104039158776,0.9941104039158775,11.023238979185173,11.33781111806193,1.0285371785435073,1.0285371785435073,0.2702409152490372,0.17401907212583845
6503,1.5478148153701845,6.024789261112158,1.2971231121328641,0.24678583374997576,0.017440483228999302,0.016919544000713244,0.9701304590333907,0.9701304590333907,8.401500014732537,9.661483288364648,1.1499712279262815,1.149971227926282,0.5793826734769456,0.2235083301023269
6503,1.5478148153701845,3.6417400157187685,3.4620669502060446,0.11404365970879238,0.012777638483514299,0.012100121086405902,0.9469763213302262,0.946976321330226,14.562234365623327,19.103719470803426,1.3118673268918855,1.3118673268918852,1.2534624888114696,0.8211899798337476
6503,1.5478148153701845,15.36682472995528,6.606004127379803,0.1260098218175056,0.019055758665095415,0.018988678284221936,0.9964797842976281,0.9964797842976281,13.719641012779118,13.970120000238719,1.0182569636644496,1.01825696366445,0.2499598164852686,0.19762444823833472
6505,1.548290846375988,3.0277007466756096,4.0666192540428865,0.4010372383357303,0.011765095948603577,0.01230079646446854,1.0455330341720286,1.0455330341720286,13.693151365330161,11.120124107450799,0.8120938570507562,0.8120938570507561,1.103936094984546,0.7652488268606491
6506,1.5485288618788897,8.036434580863261,24.85469558060313,0.29170771084192415,0.013446955634143337,0.015775670007871487,1.1731778134089534,1.1731778134089534,12.024759804074964,5.101066603110264,0.4242135964646553,0.42421359646465534,0.08702321671754167,0.08148609361348344
6515,1.5506710014050058,1.4245790403410064,1.4423651446804195,0.215990491602724,0.01060535161232757,0.010206623179354137,0.9624030916136761,0.9624030916136761,14.340282366456826,17.135892835763613,1.1949480768834764,1.1949480768834764,4.151876839882581,1.72591275391947
6515,1.5506710014050058,1.0,1.0,0.3126697916079986,0.01,0.009835206441174195,0.9835206441174195,0.9835206441174195,18.153047953280264,19.579152148426115,1.0785600412016845,1.0785600412016842,10.286472380028808,3.240035770190128
6518,1.5513850479137108,2.0028239221189086,1.4902792148003208,0.28196243603537724,0.01182031489323299,0.011601477756688409,0.9814863530691672,0.9814863530691674,8.807986034967294,9.596065117487006,1.089473243871082,1.089473243871082,1.2240731201000699,0.5202036105364228
6522,1.552337109925318,1.9586512643317733,1.2519629102818868,0.2510967773542183,0.012060305467548372,0.011708922005159161,0.9708644641435736,0.9708644641435736,12.779086637246465,14.64201654979124,1.145779582330634,1.145779582330634,2.891995864593422,1.0870463200984894
6524,1.5528131409311214,6.120880298278289,1.0337296625545898,0.10434476296298503,0.018191845971735364,0.016442593033977743,0.9038441211257268,0.9038441211257265,6.2628894875544745,10.2418698191057,1.6353266075440416,1.6353266075440414,0.3598413215156475,0.11649321344996066
6526,1.553289171936925,17.011779812071772,1.1001232594711623,0.46953003733074916,0.025316166701328732,0.025312103900532214,0.9998395175365824,0.9998395175365825,4.561190691081087,4.564487570429898,1.0007228111193107,1.0007228111193105,0.09349947851514348,0.03182756828950929
6531,1.554479249451434,3.8934389013569946,3.2413222926651217,0.4305083612440967,0.013180934933138173,0.013627649040305391,1.0338909272698202,1.0338909272698205,8.632845085697792,7.400810926520683,0.8572852695783637,0.8572852695783637,0.4432496429722871,0.28315004134722244
6533,1.5549552804572375,1.4176315186561452,1.6299359311688393,0.41568742871489955,0.010389566200984588,0.010424302124116103,1.0033433468211814,1.0033433468211814,14.039864299787725,13.829196513926465,0.9849950269202784,0.9849950269202782,3.707966157410272,1.6704931667092924
6533,1.5549552804572375,17.227171940549606,7.064341492855194,0.36289372105999873,0.019643458503741017,0.021239464786832203,1.0812487415486043,1.0812487415486045,3.4931420770521955,2.394349328127699,0.6854428692886865,0.6854428692886865,0.014161794281322852,0.011357678548897914
6535,1.555431311463041,6.028189471690513,1.2574712998383422,0.4095100651667322,0.01753056077756342,0.017491376784786433,0.9977648180640555,0.9977648180640556,3.4251858742599746,3.4599705920648414,1.0101555708454457,1.0101555708454455,0.09795323983955267,0.03693843955709122
6542,1.5570974199833534,6.390333877283655,2.913597366569688,0.1286989736964108,0.015774830718111216,0.014946731949163895,0.9475050614649972,0.9475050614649971,6.449877977430015,8.400757893366409,1.302467724624107,1.3024677246241068,0.19271188719309593,0.11785033617739991
6545,1.5578114664920586,4.1583580302037335,1.4332505062664462,0.3820552646965395,0.015171713454989178,0.015129848790874364,0.9972406106772965,0.9972406106772965,14.965101440050645,15.153605677129992,1.0125962552164771,1.012596255216477,2.2220573923072724,0.9197025860418928
6546,1.5580494819949604,15.248129495680413,5.779150234049634,0.49049648795495854,0.019307772459899883,0.020756231907397074,1.075019500592597,1.0750195005925969,10.49418772365023,7.4441312281166905,0.7093575438278297,0.7093575438278297,0.1649334340557991,0.1264124683218273
6548,1.558525513000764,10.915444227150331,11.567166619205205,0.40237872499472765,0.015995609627651487,0.01802203803125053,1.1266865377919684,1.1266865377919684,15.16995862080441,8.37201482668404,0.5518811907108618,0.5518811907108617,0.2323277890268563,0.2023409834972879
6553,1.5597155905152726,1.3832447627328277,1.0967402689885952,0.36234438344498376,0.010973213075148112,0.010880661840072092,0.9915657123905095,0.9915657123905095,6.776975770548695,7.041891512722811,1.0390905547169556,1.0390905547169553,1.101518740181505,0.374044964838948
6555,1.5601916215210763,1.7840458952918592,5.83386352401418,0.46133958238653966,0.009432808567906414,0.010140813392792066,1.0750576903780835,1.0750576903780835,27.413307158895883,19.435932073000874,0.7089962535473844,0.7089962535473846,4.6671300017090065,3.5853633189875898
6555,1.5601916215210763,1.2608041328160087,2.562016865722064,0.25956905538099334,0.00934908808015319,0.00929974022394315,0.9947216396094504,0.9947216396094504,12.05649488495842,12.3579760221611,1.0250057035713427,1.0250057035713425,2.1829565693923993,1.2604388580043455
6557,1.56066765252688,7.478911295121573,3.3100980248483656,0.4060305689853739,0.01633897425739257,0.016881885306384646,1.0332279762755874,1.0332279762755874,9.27765103508927,7.97461821235667,0.8595514297957141,0.8595514297957145,0.3260073169621685,0.2099665893154913
6561,1.561619714538487,5.769085819111277,2.138918384592447,0.13296774980986864,0.01592749337877651,0.014918662883375237,0.9366610632690296,0.9366610632690296,13.130999735616285,18.018726361844557,1.372228065237934,1.372228065237934,1.0661252895748559,0.5625553097189319
6562,1.5618577300413887,2.2906877231789604,5.034442219329494,0.45332067860545205,0.010436806205427038,0.0111032913692681,1.06385911079718,1.06385911079718,19.378860964502984,14.474304527718113,0.7469120375150666,0.7469120375150664,2.2358334631124275,1.6530899964618886
6562,1.5618577300413887,7.3405408793873255,6.00444687731128,0.4251346057103812,0.015063630163103567,0.016197226437254613,1.075253857262617,1.075253857262617,12.559731750105675,8.887849861627632,0.7076464719521459,0.7076464719521459,0.3722478439288334,0.28795909012330173
6563,1.5620957455442903,9.113286582056958,8.095355003093083,0.27395772237182225,0.015645228978982698,0.016809903783745368,1.074442809774613,1.074442809774613,22.97747955414383,16.11676799107094,0.7014158342778023,0.7014158342778022,0.8306137580188155,0.6840578953332387
6563,1.5620957455442903,3.6404524119731594,1.6812202459028438,0.33775904536929613,0.014160339325595597,0.014091382835977988,0.9951303081068851,0.995130308106885,9.3916146114001,9.603036213012103,1.022511741629109,1.022511741629109,0.8678442963395873,0.398653286609011
6564,1.5623337610471921,1.789215172428764,1.2412318007104186,0.18017042158360635,0.011718184786032489,0.011092683616535117,0.9466213256644546,0.9466213256644546,12.03219619972608,15.562559933972514,1.293409754598816,1.293409754598816,2.73626823827127,1.0219638466009988
6564,1.5623337610471921,7.433968121221666,3.5089761152405674,0.22795469101192398,0.016180062761691937,0.01621323819450591,1.002050389624725,1.002050389624725,8.701490130083409,8.617082323225425,0.9902996147101101,0.99029961471011,0.27522817029348456,0.18121619688933246
6565,1.562571776550094,1.5930907126735732,3.0576230806541536,0.1781378549232301,0.009862965121924683,0.009621742650424392,0.9755426011834848,0.9755426011834849,24.692528883381843,27.810464609065697,1.1262704091755558,1.1262704091755558,6.877487108173092,4.2915765275927305
6569,1.563523838561701,10.785517817667232,1.2293548329773727,0.10569748869968823,0.02135950875797976,0.01934864442429379,0.9058562462053474,0.9058562462053474,7.669228451580171,12.406136167825101,1.6176511426346853,1.6176511426346856,0.33741224121964264,0.12511928658930288
6571,1.5639998695675044,7.374982694952481,1.4981867063933605,0.38631347802312876,0.018238019545918575,0.018212877750634692,0.9986214624224641,0.9986214624224642,4.576542662840478,4.605241068904006,1.0062707611788582,1.0062707611788582,0.13814658405080454,0.05891717220571106
6573,1.5644759005733082,2.067319564132671,2.067319564132671,0.1673013914610877,0.011369507830708902,0.01083772848519534,0.9532275843922432,0.9532275843922432,25.402407048870394,31.902591102877455,1.2558885085772262,1.2558885085772264,8.09312641674358,4.193055789426382
6574,1.5647139160762098,7.136588690035607,1.0069613953185292,0.15512740285808926,0.019230697771673938,0.017962013834455195,0.9340281901217612,0.9340281901217614,9.151121950219803,12.63868418091964,1.381107611686463,1.3811076116864625,0.7027700405628201,0.22263985445531267
6574,1.5647139160762098,1.6367182014636268,1.6367182014636268,0.47628851247004744,0.010892432845753024,0.010962323499502408,1.006416441096227,1.0064164410962273,15.519789984249591,15.077452722213295,0.971498502074757,0.9714985020747571,4.106350710618698,1.8548396167836987
6575,1.5649519315791116,12.529192986180515,5.678291870324423,0.32658654492221084,0.018122361150528732,0.019186163548369443,1.0587010924793139,1.0587010924793137,14.79849599907517,11.25954914512769,0.76085766728128,0.76085766728128,0.37950576789277685,0.2896046792782217
6576,1.5651899470820134,4.812481473540525,1.884179207988387,0.43476906865426423,0.015276323106223282,0.015414130823048686,1.0090210003982742,1.0090210003982742,9.967132242075557,9.569005469980333,0.9600560359363388,0.9600560359363389,0.754402007860514,0.37105314003538237
6583,1.5668560556023257,12.017332828379928,8.502490533035166,0.28003359019159935,0.01706387144143716,0.018427936316941423,1.079938768888743,1.079938768888743,18.16865176710879,12.416441661837068,0.683399176834623,0.683399176834623,0.41336456717771963,0.34343754108860997
6586,1.567570102111031,9.923218904706236,1.7155516703413165,0.2645480357097264,0.019719914314805652,0.019341390544947663,0.9808049992603775,0.9808049992603776,8.766203433685593,9.585746704565084,1.0934889632757392,1.0934889632757392,0.38258445617221126,0.17795227384548618
6589,1.5682841486197365,6.616355095627676,2.5127752454603174,0.493870536175533,0.01629101390105577,0.016660495893581748,1.0226801103215577,1.0226801103215575,12.381051865973422,11.174976874152982,0.9025870334058554,0.9025870334058556,0.7730060068798112,0.44227087200998777
6591,1.56876017962554,1.3340485911283042,1.0543227785903264,0.3707596712071557,0.010912187754152113,0.010829937285977245,0.9924625134731969,0.9924625134731968,13.121483965060781,13.578335908458456,1.0348170942108497,1.0348170942108499,4.317643801689125,1.4204359563175764
6591,1.56876017962554,11.552105645857264,2.5289049728932693,0.3853324053727074,0.019599119553656997,0.019930408299879864,1.0169032463583831,1.0169032463583834,9.033205815118263,8.364312907580901,0.925951769368757,0.925951769368757,0.28248827677012567,0.16211430564868287
6592,1.5689981951284417,17.49151375882753,13.920556848510248,0.38379908338959834,0.018374577416952233,0.020955933554563932,1.1404851975115444,1.1404851975115446,10.398079256862214,5.346668513357486,0.5141977072187588,0.5141977072187589,0.06713777866344021,0.059807125411906026
6593,1.5692362106313433,6.211609403436293,1.4238620164462512,0.1796225218339767,0.017361057453251526,0.016465704269692107,0.948427497232219,0.948427497232219,10.437296488594544,13.38526027811526,1.2824451516484303,1.2824451516484303,0.830352961553438,0.34213388727086413
6593,1.5692362106313433,2.805061134081239,2.8309506096302792,0.25484246107055913,0.012036253664383344,0.012016172843782924,0.9983316386343833,0.9983316386343836,20.457153982710413,20.61792058051986,1.0078586981329525,1.0078586981329527,3.4288856737016786,2.0710753722288935
6596,1.5699502571400488,2.8285554106853454,1.161423190374613,0.3131929130102903,0.013798277604446126,0.013580666580248136,0.9842291168190535,0.9842291168190536,18.798272844373706,20.209242800454614,1.0750584890304542,1.075058489030454,5.103290769281274,1.8124587234027696
6596,1.5699502571400488,8.674767749553922,2.8481071483283777,0.21563264688173833,0.01752136004724548,0.017285014958244433,0.986511030629828,0.9865110306298281,10.260576480504284,10.941724008369706,1.0663849179585225,1.0663849179585225,0.4045651603867923,0.245002449421165
6598,1.5704262881458522,1.8301481626853997,2.589337630168139,0.10159213324888175,0.01056982385717722,0.009762044369669097,0.923576826026328,0.923576826026328,16.925548503507578,25.116317713969014,1.4839293219220646,1.4839293219220644,3.33025667973497,1.932420604020719
6599,1.570664303648754,3.658031309284882,1.604951795013994,0.4640356348862853,0.01428414058797883,0.014363760763782055,1.0055740263345092,1.0055740263345092,8.229936857882867,8.025723333058792,0.9751865016280807,0.9751865016280808,0.6837422026602992,0.3050208706422504
6602,1.5713783501574594,4.4317538507451815,4.476253677407346,0.37981771343296983,0.01319625097042388,0.013851999665921051,1.0496920448820555,1.0496920448820557,16.123727759601277,12.834884294165738,0.7960246219440715,0.7960246219440715,1.0984853904928749,0.7849575547210987
6604,1.5718543811632628,4.16384951344482,3.656358007731455,0.3971027286878027,0.013265312865276071,0.013774401230241644,1.038377411082266,1.0383774110822663,11.717700049983776,9.834386540004752,0.8392761803130785,0.8392761803130785,0.7112774761139071,0.4753822594131419
6605,1.5720923966661646,2.5951342031394913,1.8793341443771077,0.19745412244700394,0.012438916568926994,0.01197365079544886,0.962595956737873,0.962595956737873,18.307573700795107,21.896398540235868,1.1960295175151963,1.1960295175151963,3.848223766398631,1.889935048337658
6611,1.573520489683575,9.193231528181535,4.4642497722253935,0.39009451421020036,0.016835587001052452,0.017688559472127705,1.050664848871734,1.050664848871734,11.382860684880898,9.023581162826321,0.7927340422264632,0.7927340422264635,0.33733198086878147,0.24085412410873064
6611,1.573520489683575,9.669669103993042,2.035409480023058,0.1755001634554949,0.01905759582105003,0.018225715154220074,0.9563491284713309,0.9563491284713309,5.912402274103085,7.305308085590938,1.2355905005971803,1.2355905005971803,0.15840429012480126,0.08137502172815532
6612,1.5737585051864769,11.552558050985686,1.5307758951278954,0.2960237126805477,0.021110572737219446,0.02079690376184113,0.9851416169858198,0.9851416169858198,9.207110058886984,9.860142394765724,1.0709269609792937,1.070926960979294,0.4092024485843103,0.177025066571341
6612,1.5737585051864769,3.3625120986886117,1.3473099860383566,0.27568944208344626,0.014272909964524745,0.013961014352464458,0.9781477209037609,0.978147720903761,10.829577165034106,11.984014974668417,1.1066004509725174,1.1066004509725174,1.3897627500216072,0.5509376737729998
6612,1.5737585051864769,4.389550992458775,1.3705420167408953,0.40603275980100395,0.01555692153568064,0.015537623835943346,0.9987595425166198,0.9987595425166199,12.13080064075724,12.199055342074084,1.0056265619507028,1.0056265619507025,1.4456013935339693,0.580037919746382
6618,1.5751865982038875,1.8083588995852007,1.3175109559392417,0.26006548890353987,0.011648257820341651,0.011344668833924657,0.9739369619818314,0.9739369619818314,15.110038797956298,17.06015203586009,1.1290607697292976,1.1290607697292971,4.14365537249503,1.6166066476821441
6618,1.5751865982038875,7.195479706786573,2.716687691578353,0.350749028633203,0.016570811203941244,0.016836164968662543,1.0160133237567868,1.0160133237567868,15.205388222481004,14.130474920926659,0.9293070794493036,0.9293070794493036,1.041989009634698,0.6180200256789633
6620,1.5756626292096911,9.908523024637596,1.5503159237389854,0.16857262242160484,0.020018191761650865,0.018923954702888986,0.9453378670865705,0.9453378670865706,4.268495638902184,5.566539323129317,1.3040986319388572,1.3040986319388574,0.09668232887641738,0.04217523183239565
6621,1.575900644712593,3.426372033475489,2.071746703587609,0.43629280691590944,0.013450790357852507,0.013619533326174826,1.0125452084102855,1.0125452084102855,20.997285707696598,19.839479329858186,0.9448592359052382,0.9448592359052381,3.942592761521584,2.045034691016326
6622,1.5761386602154945,6.862980977507582,2.4977159918887484,0.48341430770645366,0.016504984724510046,0.01687284463063548,1.0222878065181822,1.0222878065181822,7.574559069992774,6.848782976028695,0.904182396987397,0.904182396987397,0.28356480334677625,0.1617769005739901
6634,1.5789948462503158,3.617661349703019,1.4708610173912502,0.4924944915788412,0.014424854073108314,0.01448373789441941,1.0040821086308853,1.0040821086308853,18.007782484223256,17.679772350851145,0.9817850902153287,0.9817850902153287,3.4768362068383594,1.464613722144813
6634,1.5789948462503158,3.844848857684389,2.75088717289885,0.20386464321165165,0.013423377390122549,0.0131623855818443,0.9805569194180374,0.9805569194180375,18.35216986389409,20.143057719404826,1.0975845291751638,1.0975845291751634,2.2841187311740363,1.3623330871598298
6635,1.5792328617532174,4.243181306087971,1.417704186865506,0.29293546730174735,0.01530032641632358,0.015038631182275521,0.98289610123815,0.9828961012381499,11.756264481978835,12.72165140921227,1.0821168091882651,1.0821168091882651,1.3616698580147388,0.5593829903818618
6639,1.5801849237648247,3.615336885878318,3.615336885878318,0.17050588231135624,0.012673961129270335,0.012438035910029146,0.981385044751611,0.9813850447516109,20.60522031511676,22.5720967539538,1.0954552491435419,1.0954552491435419,2.438087494172756,1.6228992602943415
6640,1.5804229392677265,4.964741681530722,1.2556056189112288,0.28654173403123295,0.01643623895117482,0.016101338802361947,0.9796242832799086,0.9796242832799086,7.185200231729252,7.894490443777922,1.0987154413479674,1.0987154413479674,0.49099924952874163,0.18495424331052693
6641,1.580660954770628,11.889611934339031,2.8486577450948043,0.23852008767540073,0.0194622410315548,0.019344332788157968,0.993941692366996,0.9939416923669961,9.702377613076846,9.983833105768952,1.029008919660348,1.0290089196603478,0.29313383623215344,0.17753511051348908
6643,1.5811369857764317,13.552113138702541,3.261336701070944,0.1474443560109041,0.019959285015937526,0.019242395319485836,0.9640823959435796,0.9640823959435796,12.08063188703259,14.439966178740233,1.1952989143092891,1.195298914309289,0.3761486053590098,0.2408661484242234
6644,1.5813750012793335,15.0966284021585,1.1227981815530028,0.10556542759900853,0.02424695939838939,0.021944211894842698,0.9050294321151191,0.905029432115119,5.085113439408849,8.26052490030492,1.6244524333099672,1.6244524333099668,0.12450017383172161,0.043068354645524526
6649,1.5825650787938423,25.529102620479964,4.816440549999884,0.38685855252480417,0.023440300858515895,0.02474300410344541,1.0555753636778191,1.0555753636778191,6.491221857009684,5.028932687141765,0.774728209560603,0.7747282095606032,0.05216380499320197,0.03809056783893477
6650,1.5828030942967442,3.828394797987488,1.758125878416605,0.46986225290661227,0.01430259444600827,0.014421419967993402,1.0083079697486839,1.008307969748684,11.72351298330186,11.292472105361758,0.9632327887934234,0.9632327887934231,1.2712208077507239,0.6001790041433916
6653,1.5835171408054494,3.5252646334179216,2.0080173571259143,0.11979729544726501,0.013641464712703586,0.012636748386563049,0.9263483542786357,0.9263483542786358,10.891714854426858,15.80100826353579,1.4507364978540165,1.4507364978540165,1.0629554316886294,0.5419928988091944
6654,1.5837551563083512,6.36319376411626,2.517746179072862,0.44293054123011744,0.01607603702418781,0.01641850977346484,1.0213033068262873,1.0213033068262873,11.195796953994405,10.166559303008558,0.9080692821408628,0.9080692821408629,0.6478275978227324,0.3709982444387459
6654,1.5837551563083512,0.8846429616968065,1.0077085923318734,0.15689099913127416,0.009587393166840184,0.00896317426167529,0.9348916963868893,0.9348916963868891,6.88142593491969,9.460288173961265,1.3747569563969553,1.374756956396955,1.5978703374190952,0.5065224217916756
6654,1.5837551563083512,3.1821528172912683,5.0541931382730105,0.24041653554738343,0.011639756448352048,0.01198301265775658,1.029489982108099,1.029489982108099,16.15731639762981,14.040059771657237,0.868959883320527,0.868959883320527,1.2443202907433257,0.9209967978393813
6656,1.5842311873141548,4.952643313419709,1.956962123886658,0.22191928426345353,0.015336582818889624,0.014916309952092902,0.9725967073787073,0.9725967073787075,11.367891995439575,12.942421509735446,1.1385067270983504,1.1385067270983507,0.9390457795670363,0.4719701467973066
6658,1.5847072183199582,1.4638355361949085,1.4638355361949085,0.27082975844952417,0.01067719876527988,0.010447561287963297,0.9784927224485772,0.9784927224485772,21.261754960424636,23.49475266732911,1.105024148338688,1.1050241483386878,8.884963786799238,3.7306967364306933
6661,1.5854212648286636,1.6486403711479856,1.827572631847494,0.10070470601183752,0.010737891537663606,0.009772552657689528,0.9100997736298498,0.9100997736298501,9.442191854011963,15.001004129704636,1.5887205387942578,1.5887205387942578,1.4105178987243991,0.6815222861643521
6661,1.5854212648286636,4.645941997082546,1.0302340259373164,0.3554007127192216,0.01660379251702708,0.016444879660269175,0.9904291229491732,0.9904291229491731,6.408777003363294,6.694111551900951,1.0445224647991207,1.0445224647991207,0.4536132305289925,0.14644302521332658
6664,1.5861353113373686,5.653881933101199,6.16959890451605,0.10264621847580463,0.013764037017156533,0.013417499438614852,0.974822969590264,0.9748229695902639,18.908238100665052,21.583970651091008,1.1415114690316832,1.1415114690316832,0.9809347613434792,0.7636779346522043
6665,1.5863733268402704,12.231934566805647,10.07029120506443,0.4373599735520956,0.01685525763352888,0.01884075256589556,1.117796771519949,1.1177967715199488,13.877066535897319,8.019084879134759,0.577865996274567,0.577865996274567,0.20456761414437674,0.17470628155506898
6665,1.5863733268402704,2.8953493426544985,1.0260052449424053,0.18127602972346227,0.014192079522334903,0.013423947591839614,0.9458760127938661,0.9458760127938662,17.831298726758234,23.140794075290493,1.2977626829034419,1.2977626829034417,4.823053602795753,1.5518048846876147
6673,1.5882774508634847,7.5655897890322406,1.6162678271199957,0.3599018264778712,0.018179600252842817,0.018130329787170347,0.9972897937805445,0.9972897937805444,7.946782773844996,8.04545269781627,1.0124163358656315,1.0124163358656315,0.3910233028196517,0.17522168492470147
6673,1.5882774508634847,1.0,1.7179877022171626,0.20636534464218936,0.009174745328668705,0.00883700714319487,0.9631882767995216,0.9631882767995215,10.544705305750112,12.565167707375211,1.191609186130913,1.1916091861309133,2.5539874374113407,1.1889758374887354
6674,1.5885154663663865,11.92666006233823,2.7059709377897003,0.3608935481867033,0.01962166104318365,0.019959898190341194,1.017237946696416,1.017237946696416,7.449553683756859,6.8851538473829965,0.9242370938806053,0.924237093880605,0.17909217957218118,0.10603400198266585
6679,1.5897055438808954,24.725559542653393,53.805542473521776,0.4044041837745562,0.018424815667477265,0.02316927939628506,1.257503999737839,1.257503999737839,12.866331112249599,3.5088120910779645,0.2727127151062779,0.27271271510627787,0.022218678817808993,0.0215471145403613
6679,1.5897055438808954,1.1282938947401762,1.1282938947401762,0.3177116885855813,0.010205279854736515,0.010050589026115634,0.9848420787256427,0.9848420787256428,15.971096052809129,17.120391018750123,1.071960932558467,1.071960932558467,6.903781462304113,2.397386747905367
6681,1.5901815748866988,10.439289082262647,1.7706085713606028,0.11692223194632646,0.01996039402641611,0.018375098357410375,0.9205779371435396,0.9205779371435394,7.805305815149858,11.666162112103304,1.4946451027530072,1.4946451027530074,0.28740086735149406,0.1362700418076034
6683,1.5906576058925024,10.184957824146666,5.33259501727609,0.16963897896236801,0.017041777998344977,0.01714113450317053,1.0058301724641172,1.0058301724641172,13.79449901902968,13.402851846964507,0.9716084526502274,0.9716084526502274,0.39925896563814006,0.29981233036296684
6684,1.5908956213954042,5.901654991128571,2.8763770840912897,0.15779167533904126,0.015389183718144975,0.014818520946266494,0.9629179310397323,0.9629179310397324,13.072336906701285,15.689110297553905,1.2001764037699472,1.2001764037699474,0.8427431909563134,0.5125405807062805
6687,1.5916096679041094,3.761053457864197,1.220037078589771,0.12637014019858767,0.015052646747734166,0.013838725920431033,0.9193549913415818,0.9193549913415819,9.099021939814579,13.624953560904304,1.4974085842441607,1.4974085842441605,0.9626909202621593,0.3549562916568196
6690,1.5923237144128148,2.5556092936575783,2.0363684367118697,0.3025957129870092,0.012229226470946136,0.012168783387375245,0.9950574892275902,0.99505748922759,6.835172329705303,6.992773911746339,1.0230574409011033,1.023057440901103,0.5139002707835861,0.26406772728198513
6697,1.593989822933127,1.1922099628668905,1.5149907232211504,0.29573593481234817,0.009917966677465955,0.009767689708923142,0.9848480063071547,0.984848006307155,21.924811165638996,23.51173330439449,1.0723801964252513,1.072380196425251,10.61282137556213,4.559880886193787
6697,1.593989822933127,1.3323241082099,1.3508571469613633,0.2303093359080737,0.010478852086184483,0.010121296955248145,0.9658784065281592,0.965878406528159,16.692117767771926,19.600900865414452,1.1742608779850943,1.1742608779850943,6.11111889705282,2.427128160042632
6698,1.5942278384360289,2.1287036123771803,2.258941443570153,0.10883257446372721,0.011333937520342043,0.01046380125474898,0.9232273634796954,0.9232273634796951,10.20847492561288,15.117420477786656,1.480869629199688,1.480869629199688,1.2064214798814636,0.6549574520459829
6701,1.5949418849447343,5.894905405437964,2.45305059685809,0.30522531132680336,0.015729445880930074,0.01578108149511974,1.0032827357416492,1.0032827357416492,12.008105737349984,11.827488858614599,0.9849587534715325,0.9849587534715326,0.7988995712298783,0.45185399688269856
6701,1.5949418849447343,6.698438037844,4.967735591095437,0.20573730732122741,0.014949133294175118,0.015193891431041676,1.0163727309169106,1.0163727309169106,13.037904153961888,12.045888523114309,0.9239129526392376,0.9239129526392376,0.5004426508306502,0.36864002061448614
6703,1.5954179159505377,22.264177797529296,8.13505656315505,0.4826559164240412,0.0210599406203629,0.023205148381543406,1.1018620042597034,1.1018620042597034,15.573049272288113,9.730477323456869,0.6248280059559069,0.624828005955907,0.20942522164296545,0.17262798873183008
6703,1.5954179159505377,1.336543891932914,1.336543891932914,0.4011540556151283,0.010507625637107982,0.010485679838318572,0.9979114407433866,0.9979114407433869,19.48504747403908,19.6700737119346,1.009495806368552,1.0094958063685517,8.360601545469533,3.29548745302451
6705,1.5958939469563411,5.8810002745930126,1.0200793007345577,0.4437424846218838,0.01799066132496093,0.017965432907649886,0.9985976937225736,0.9985976937225735,10.44146221248718,10.507669851240447,1.006340839760363,1.0063408397603628,1.034151359972238,0.33115143006673836
6705,1.5958939469563411,15.000137268302943,4.863510784709814,0.3888332745448124,0.019609205291990985,0.020716700014058464,1.0564783072835602,1.0564783072835604,4.826981723762275,3.724185507704098,0.7715350338640543,0.7715350338640544,0.04078753335367986,0.029866273205819183
6711,1.5973220399737518,12.066879046303187,1.8880180887344749,0.4828651829644538,0.020747335493640155,0.020973111933051555,1.0108821896421645,1.0108821896421643,4.388894091405259,4.178721545375121,0.9521126412137133,0.9521126412137133,0.07914880036098719,0.038975174933007214
6711,1.5973220399737518,7.031799857541505,1.7856780969035966,0.450099398739807,0.017474826236552478,0.017615923016247537,1.0080742879949172,1.008074287994917,6.934726306479858,6.6865741971228685,0.964216019725953,0.964216019725953,0.2936392260920051,0.13993761711056868
6711,1.5973220399737518,0.9547205422399107,1.846661233095535,0.17966876243442992,0.008936339705134033,0.00853328265847715,0.9548968526313607,0.9548968526313605,14.8461064007206,18.460331047644736,1.2434459614777318,1.2434459614777316,4.985428850793824,2.4235664465358036
6716,1.5985121174882606,11.052557418139903,1.1005086950457472,0.3624997599830527,0.021925222251823306,0.021741129587558285,0.9916036123989707,0.9916036123989707,6.0459764682995,6.281229620209581,1.0389106959220846,1.0389106959220846,0.21895956339645548,0.07455536649310926
6721,1.5997021950027694,13.448508994440287,1.4089047769143352,0.3141276475293484,0.02249673996870993,0.022203944674299557,0.9869849900555541,0.986984990055554,4.45574936665053,4.730066130903997,1.061564675586696,1.0615646755866963,0.09098500017354326,0.037216867378903805
6729,1.6016063190259835,5.978939708470819,3.1478878951402387,0.22474765821589343,0.015267065167154478,0.015188560947313334,0.9948579364153081,0.9948579364153078,12.942194679227327,13.262378426560028,1.024739524884957,1.024739524884957,0.7653088705855469,0.4832336396057251
6729,1.6016063190259835,6.478307744434043,2.1500714486425583,0.12762578097650296,0.016542588020402222,0.015445326799437768,0.9336705224351121,0.9336705224351121,13.59577323131763,18.966593498484492,1.3950360289031059,1.3950360289031054,1.0541693550799944,0.5577820488827733
6730,1.6018443345288855,15.770861791077545,13.019308741345261,0.18151116386834262,0.017868759235246685,0.019298599880064906,1.0800190223615425,1.0800190223615425,22.67522636600416,15.141222565340842,0.6677429508726459,0.6677429508726459,0.3640857897740615,0.3218394459800402
6732,1.602320365534689,4.937449784999148,1.6017887914619873,0.47148796764243806,0.015790799477732195,0.015881421206899272,1.0057388943032852,1.0057388943032854,12.277500701472231,11.964038662541501,0.9744685790249523,0.9744685790249521,1.2474125789052228,0.5557747419980479
6732,1.602320365534689,6.107662258792603,1.0125035624225625,0.3385799181152489,0.01824147038783681,0.018021623425959116,0.9879479582948376,0.9879479582948378,11.558729327794385,12.21243963089035,1.0565555507493405,1.05655555074934,1.2404069890620573,0.39475778924174276
6734,1.6027963965404923,4.681415020063807,2.2084931535137953,0.339391230840523,0.014787177692565979,0.014858385471702939,1.0048155084504569,1.004815508450457,6.592510838194359,6.448746253271184,0.9781927419686198,0.9781927419686197,0.3021898284012561,0.16215788674942272
6734,1.6027963965404923,8.912809198256712,1.2339464659542252,0.32861703150470645,0.02003189271812189,0.01978238749932266,0.9875446008866894,0.9875446008866894,4.549897061204477,4.816668689314125,1.0586324535524825,1.0586324535524823,0.13458128104838807,0.050044603520684704
6738,1.6037484585520996,3.7812909377918253,1.4929534685836834,0.449816482141861,0.014605183524134372,0.014653379689259734,1.0032999356047612,1.0032999356047612,6.562021255930547,6.4650982045968375,0.9852296956145771,0.9852296956145769,0.4442884749154708,0.18903920422472092
6740,1.604224489557903,8.280029986988108,3.171367164505655,0.1934118303632416,0.01700025677399859,0.016726149028101593,0.9838762584859168,0.9838762584859169,13.525487583119832,14.619426396135182,1.0808798060914724,1.0808798060914722,0.6689651890435622,0.42365957947630634
6741,1.6044625050608048,7.647183446526907,3.630401609289382,0.447894808182299,0.01626020067279123,0.016937605822233137,1.0416603191481784,1.0416603191481781,13.776238848377817,11.399620909992006,0.827484267328476,0.8274842673284759,0.6592331102242033,0.4394731665457773
6743,1.6049385360666084,13.89974586942783,6.02176827541777,0.14318609067954893,0.018629789712836645,0.018638097896894242,1.0004459623101314,1.0004459623101314,10.419717025221397,10.396275532286523,0.9977502754750314,0.9977502754750314,0.16697756863189392,0.12925699143062583
6745,1.6054145670724118,3.253885679765613,1.402077902470139,0.24022446619186982,0.014029018829370826,0.013601020259741676,0.9694919099592979,0.9694919099592981,12.670156435611966,14.619404770698942,1.1538456407379651,1.1538456407379654,1.9000835112705052,0.774606464178571
6749,1.606366629084019,4.36859240235594,2.467257195399303,0.27028727361822785,0.014222608184843687,0.014161960136000833,0.9957357997875886,0.995735799787589,11.181923496815179,11.406408252504354,1.0200756833789029,1.0200756833789026,0.8424613285267183,0.477819553476872
6750,1.6066046445869206,8.02957368894242,3.601523365722066,0.31413454814015496,0.016544195598751282,0.01696664408640722,1.0255345438304553,1.0255345438304553,13.628836924768674,12.109409532183816,0.8885137887427876,0.8885137887427877,0.6284706248154804,0.4177591700685248
6751,1.6068426600898225,5.385020103413196,1.6709511122983411,0.34113733331659546,0.01614939968625285,0.01607652012568582,0.9954871659638798,0.99548716596388,8.812721459911845,8.996299425000545,1.0208310186500025,1.0208310186500023,0.5908718219647884,0.2703893742370462
6752,1.607080675592724,1.7965555530678874,1.0826844353011449,0.33100233963303827,0.011997791279838972,0.011840674093548489,0.9869044907828575,0.9869044907828577,21.732942654648404,23.07374975100575,1.0616946870777557,1.061694687077756,9.580404503976276,3.2199407692053685
6754,1.607556706598528,1.338794752696244,1.9983365862642606,0.10603631125634842,0.009885786881108295,0.009063458175053525,0.9168170712210845,0.9168170712210844,16.40913560650552,25.127680115697224,1.531322594819387,1.531322594819387,4.61543217424574,2.347070486711186
6754,1.607556706598528,1.7087495589901862,1.4150057081502365,0.3723743944938597,0.01130211057132268,0.011255583146744654,0.9958832977005124,0.9958832977005123,7.534415103286003,7.676623590655827,1.018874522497148,1.018874522497148,1.0267372825972234,0.4212365520901873
6756,1.6080327376043313,12.934117804011466,11.306899178628376,0.29123488348869486,0.016965969556177275,0.018766886775841145,1.1061487947211457,1.106148794721146,15.236194002494873,9.162769201125549,0.6013817623761668,0.6013817623761669,0.21371933808020901,0.1855675135605665
6757,1.608270753107233,1.827752423967019,2.0422553935305188,0.3914506055524333,0.010931733668621588,0.011023926789890436,1.0084335315937563,1.0084335315937563,5.785746010481802,5.568424283896289,0.9624384260574522,0.9624384260574524,0.4595246686410983,0.23650090148328778
6759,1.6087467841130367,4.2354790540244815,5.028918603806517,0.3139122099442343,0.012811650031548287,0.013420364939997487,1.0475126082081745,1.0475126082081745,15.037828208083766,12.052830591532478,0.8015007502914107,0.8015007502914107,0.8945263589327349,0.6611780878299066
6760,1.6089847996159383,7.036339896978595,1.3269840097676053,0.4172324018652693,0.01830011916222852,0.018284238263603085,0.9991321969827271,0.9991321969827271,8.275777461637299,8.308287896695594,1.0039283843975988,1.0039283843975988,0.500407356163952,0.19623546695380234
6762,1.609460830621742,19.617786774737212,3.4591196626905725,0.4705505112777989,0.022401650832423924,0.0232880720725744,1.039569460607228,1.0395694606072277,6.223886020907584,5.200916787302444,0.8356381800423832,0.8356381800423833,0.07455981322283584,0.04883137009062641
6763,1.6096988461246435,3.183974363055872,10.411896204668002,0.11335539608389773,0.01072434627734346,0.01095636897938467,1.0216351371021455,1.0216351371021455,22.744570540145325,20.285651303039,0.8918898366198558,0.8918898366198559,1.3076212742859825,1.122282022551302
6764,1.6099368616275453,2.6575239235344257,1.2620647440886745,0.42556343058572943,0.01333435865915717,0.013321214167711447,0.9990142389460406,0.9990142389460407,6.9270454654283,6.957939272521839,1.0044598822467277,1.0044598822467274,0.6902455364286759,0.26099445463774934
6768,1.6108889236391524,1.2558385899778097,1.1890528927702635,0.4319846783395077,0.010486371590052493,0.010473365519141686,0.9987597167619786,0.9987597167619786,25.900050091832526,26.045382428000494,1.005611276258257,1.0056112762582574,16.435632436108158,5.943304083378638
6771,1.6116029701478578,3.1969511109377056,2.387269909184695,0.32357607256277476,0.012876947459296689,0.012947885484419995,1.0055089162511175,1.0055089162511173,14.35272716691108,13.99386586269778,0.9749969953417199,0.9749969953417198,1.7495475142487953,0.9765143011586428
6776,1.6127930476623664,4.238618789065595,4.3816327824072845,0.4634678737218795,0.013036791618695281,0.013747781603478757,1.0545371902519243,1.0545371902519243,14.04729706075512,10.956933138426846,0.7800029493957217,0.7800029493957218,0.8740157334895792,0.6204723682432
6777,1.6130310631652685,7.1906792460277895,1.4054057756218856,0.4891923315245074,0.018266468723354974,0.01832397238123864,1.0031480445812793,1.0031480445812795,9.25424136851423,9.123990315481871,0.9859252587169909,0.9859252587169909,0.5966377131876481,0.24363125873718977
6778,1.6132690786681703,9.978017697427973,1.657326586495804,0.29839884556836677,0.019860238330238065,0.01961412183670956,0.9876075760302543,0.9876075760302543,5.720154762634649,6.056520314816976,1.058803575452109,1.0588035754521092,0.16585877843628066,0.07551103160385429
6785,1.6149351871884825,11.224613615340685,3.9521010582703893,0.14060823794392985,0.01827591308015196,0.017750811674474846,0.9712681164889438,0.9712681164889438,9.801885530648665,11.319654517825715,1.154844594178464,1.1548445941784642,0.24160884951291545,0.16589898978981782
6785,1.6149351871884825,4.479866585988017,1.2895836270335053,0.10597431672087287,0.015815033746166406,0.01433798827189159,0.9066049748624245,0.9066049748624244,11.311052205708506,18.226192011022437,1.6113613198446712,1.611361319844671,1.2837194837358403,0.49312664100347936
6786,1.6151732026913843,7.110859144539458,1.1311185778551736,0.4364160834693363,0.018842892043116597,0.018816754966915178,0.9986128946585475,0.9986128946585475,11.878181817272296,11.952720171077948,1.00627523260313,1.00627523260313,1.1177421329168569,0.38890407088179857
6787,1.615411218194286,1.9776235429638356,1.3473578254538694,0.24709016906275938,0.011958315473088461,0.011608921050953718,0.9707823043370083,0.9707823043370083,11.319012258410337,12.976915902218854,1.1464706995591996,1.1464706995591993,2.162748556876882,0.857390730009823
6788,1.6156492336971877,2.7931751752646257,1.9235285781625544,0.16854358444092057,0.012703568066180851,0.012085016506098672,0.9513088325374607,0.9513088325374608,9.802227342515529,12.421981885114922,1.2672611490285115,1.2672611490285117,1.0345244661477295,0.5149039995926374
6791,1.6163632802058931,2.4128041845188295,1.2304156652443616,0.1807911295760475,0.012964566656256667,0.012274644248052967,0.946783997761256,0.946783997761256,19.227679050322944,24.847408570965985,1.2922729002255036,1.2922729002255033,5.752419552033673,2.134489202630624
6793,1.6168393112116966,7.5505770967123,10.552638151680533,0.4011809587506721,0.01428120157206071,0.015977411868905365,1.1187722397366806,1.1187722397366806,16.772947435628076,9.62256341189089,0.5736954371806607,0.5736954371806606,0.3950161517697971,0.3396888669784725
6794,1.6170773267145984,13.389306526995824,1.1251703611679427,0.4993931080944553,0.0232880720725744,0.02329705977520103,1.000385935881623,1.000385935881623,5.397140890807729,5.387775143964662,0.9982646836477775,0.9982646836477778,0.15176060681656306,0.0525855729098012
6794,1.6170773267145984,12.087153684046504,15.285895756259906,0.4748727879267503,0.016098396910510702,0.018598714835283553,1.155314714792526,1.1553147147925258,26.32440881552936,12.655273027047048,0.4807429149019073,0.48074291490190724,0.5043750444611044,0.45382212172602254
6796,1.617553357720402,12.659902914302199,2.0701808676057634,0.30558415498765673,0.02079670555675639,0.0207191535069473,0.9962709454342448,0.9962709454342447,10.080628108931482,10.255398737463768,1.0173372756780343,1.0173372756780341,0.3804126866873161,0.19724024869522513
6796,1.617553357720402,2.936424063832475,2.608480846069234,0.1097059968667935,0.012361265163990942,0.011493924536344811,0.929833992221707,0.9298339922217072,9.20771593966995,13.18680020871351,1.4321467229348728,1.4321467229348728,0.7153154218438373,0.41648848740126226
6798,1.6180293887262054,1.0017691563299869,1.0017691563299869,0.1009944113254512,0.010002946856749167,0.009016296106993466,0.9013639916431236,0.9013639916431235,13.31345698674168,22.091784970786758,1.6593575201983264,1.6593575201983264,5.5214515452037425,1.7417107664438636
6798,1.6180293887262054,2.736167366397623,1.0896518049050383,0.26624701046337873,0.013789358385036959,0.01342615450867737,0.973660567357963,0.9736605673579631,14.596983564933689,16.497409402354865,1.1301930518019192,1.130193051801919,3.25402752823755,1.0992865548680424
6798,1.6180293887262054,5.846854723543496,1.5260214732529307,0.15922122648443943,0.016831545639997843,0.015832123037985445,0.9406220543621728,0.9406220543621729,12.41782227148818,16.597679424096,1.3366014637047061,1.3366014637047061,1.1742745708523767,0.5069623034702839
6799,1.6182674042291072,12.6292074016039,3.4921036099557825,0.3987653918250323,0.019318603918269575,0.020008875330652445,1.035730915924524,1.035730915924524,11.77766774430771,10.006273715584866,0.8495972150701075,0.8495972150701078,0.35548022965950127,0.23363848352629152
6801,1.6187434352349108,14.935414905076675,2.603157316068182,0.1708004576673117,0.02126442101834933,0.020505851231330547,0.9643268073763116,0.9643268073763115,7.257369828377229,8.635195932148653,1.189851989957016,1.1898519899570161,0.15047387600498743,0.08752989859742785
6802,1.6189814507378126,17.141907808365104,2.1065837018451177,0.24733633007384936,0.022948966877182293,0.02255955539524473,0.9830314155743217,0.9830314155743217,11.278618076225202,12.212870663610936,1.0828339590073623,1.0828339590073623,0.3845209162042463,0.20125471741979645
6802,1.6189814507378126,6.478227555643104,1.258356368668699,0.21986080522055573,0.01795435999501705,0.017263899574654455,0.9615435793559769,0.9615435793559769,8.610227030823651,10.32675795779464,1.1993595431137878,1.199359543113788,0.589743661644329,0.22250950961378774
6802,1.6189814507378126,1.971193850872955,1.8651525642791469,0.4193814488664477,0.011362229783976888,0.011449212809561495,1.0076554538359426,1.0076554538359423,14.091645477348905,13.611972884445072,0.9659604981068488,0.9659604981068488,2.7522430967161937,1.3457502628943572
6804,1.619457481743616,19.026742840836246,4.629010239798807,0.3011989811026458,0.021357581222875833,0.02219366096148002,1.0391467427832453,1.039146742783245,7.850429442633727,6.540364200696605,0.8331218372816035,0.8331218372816035,0.09590527798416366,0.069226017284799
6804,1.619457481743616,1.3992180427957608,1.3992180427957608,0.1887766925368315,0.010592403127320713,0.010082519964217686,0.9518633159091257,0.9518633159091258,9.397350273915126,11.839517344943015,1.2598782635363481,1.259878263536348,1.8368831490895514,0.7477808285993303
6805,1.6196954972465176,9.070205357884848,7.86614194486509,0.34555348352217863,0.015670496001527034,0.017036634156672108,1.0871789989935192,1.0871789989935194,11.873298035697017,7.898104233407106,0.6651988528933992,0.6651988528933992,0.2282411755690063,0.18697024361444817
6813,1.621599621269732,4.771850256666945,11.161480541631276,0.23100904583514262,0.012184483161923075,0.013250785301489567,1.087513120203467,1.0875131202034667,9.036345881881656,5.8896866722524015,0.6517774716947843,0.6517774716947843,0.14788997025910686,0.12818316291908458
6814,1.6218376367726337,13.037840613349374,1.948684300027064,0.14269319620158127,0.021189671066642192,0.019894473181809827,0.9388759796809055,0.9388759796809055,7.507960872291573,10.16236286609893,1.3535449956330396,1.35354499563304,0.21544808042190292,0.10802674994573473
6819,1.6230277142871425,6.9688616710417,1.6997166010002587,0.3902032001883858,0.017553064931035804,0.017591992173180394,1.002217689178359,1.0022176891783587,9.445692923088718,9.351169298999423,0.989992939124853,0.9899929391248529,0.5655082205006059,0.2615388165177704
6820,1.6232657297900444,4.319110665918122,1.6649890898821806,0.19610112057554888,0.015012813925320823,0.014390315192678142,0.9585355060191103,0.9585355060191105,11.957552856872804,14.581822942666452,1.2194654807053857,1.2194654807053855,1.2629620826604746,0.5766561213451087
6821,1.623503745292946,3.3161989885520096,2.4461446329446317,0.4428105427080824,0.012989980137195739,0.01324908264472795,1.0199463359293592,1.019946335929359,12.976970459585948,11.856880968996931,0.9136863650821044,0.9136863650821045,1.3718820064515047,0.7748741010077956
6821,1.623503745292946,1.000271742144208,1.000271742144208,0.3538819210104654,0.010000452862555544,0.009902400729009095,0.9901952306666447,0.990195230666645,16.974098292285007,17.748905552779444,1.0456464459644728,1.0456464459644728,8.990898797176309,2.832596906343339
6822,1.6237417607958478,4.773954152743647,1.83393273374116,0.15609003117280187,0.015297140296978099,0.014438779351397663,0.9438874894969747,0.9438874894969748,9.65412300420579,12.710989185125657,1.3166384123745007,1.3166384123745003,0.7241824110688869,0.3506208569764883
6823,1.6239797762987496,3.583031930977869,1.0147558112048,0.28545906053044967,0.01526480506177226,0.014928773522115892,0.9779865161529055,0.9779865161529055,11.14360361642867,12.336686757928158,1.1070643916067295,1.1070643916067295,1.6433338155981239,0.5239514042369304
6825,1.6244558073045532,16.168207536595414,4.641034877876864,0.2846243035107453,0.020222914235326694,0.020943046008141113,1.0356096932635181,1.0356096932635184,5.4427605589987875,4.6064332130036485,0.84634133048304,0.8463413304830398,0.05127461874406507,0.037039278524349815
6825,1.6244558073045532,6.225589719903259,1.2247341597473984,0.4828738812263184,0.017795124784772146,0.01781307743453873,1.0010088521425795,1.0010088521425793,8.773382850026787,8.733629806940911,0.9954689036412273,0.9954689036412274,0.6382630827334282,0.23601480061546865
6826,1.624693822807455,6.762531874294489,1.2090145189891273,0.40022709073114937,0.018330815704930975,0.018266722413434335,0.9965035221275287,0.9965035221275288,9.437085449795774,9.587566991696585,1.0159457644737198,1.0159457644737195,0.7038309137483709,0.2577448015048621
6826,1.624693822807455,3.5326881082972235,1.7076363579330898,0.1265449131107971,0.013986018476291657,0.012946345106372804,0.9256633779169354,0.925663377916935,11.287786625179347,16.38602131406535,1.451659378244581,1.451659378244581,1.2665462829519996,0.5874390655881301
6827,1.6249318383103566,16.913314679374295,3.097264008178784,0.4168077801200537,0.021639332230517023,0.022295621690354317,1.0303285449313337,1.030328544931334,7.998749205656998,6.968566920133541,0.8712070776272275,0.8712070776272277,0.14795457839833479,0.092811588102206
6833,1.6263599313277672,13.048367314066475,29.279946498688055,0.28118260876389334,0.0155903734445553,0.018461793992551087,1.1841790742349785,1.184179074234978,7.655110809186236,3.0428321869553256,0.39749028626782074,0.3974902862678206,0.021799227013687895,0.02061261316620136
6833,1.6263599313277672,4.949893696602016,1.5512368724619041,0.49277408482108953,0.01588232141815112,0.015966244205336575,1.0052840378289754,1.0052840378289754,15.16825353901559,14.811505654097518,0.9764806222416806,0.9764806222416809,1.9384464634294614,0.8459266452638101
6837,1.6273119933393743,1.0,1.0,0.4533144082287529,0.01,0.009990281700746182,0.9990281700746182,0.999028170074618,19.02114474929553,19.104605730315054,1.0043878001098023,1.0043878001098023,11.293814639797198,3.5573286995728437
6838,1.627550008842276,4.4928977837921655,1.7576552745163745,0.21927595600615668,0.015086980377777195,0.014608794914697725,0.9683047600576304,0.9683047600576304,9.409238290929766,10.93294236904083,1.1619370273128136,1.1619370273128133,0.7361199993735376,0.3474866793305861
6840,1.6280260398480795,9.699728410338212,1.4370468546453712,0.4753493495986931,0.020112554819351855,0.020180105488627545,1.0033586319531467,1.0033586319531467,7.682848945199836,7.567498087916679,0.9849859266912664,0.9849859266912664,0.33245919114682637,0.13785317073399414
6841,1.6282640553509815,1.6607162528149213,1.383624236164204,0.299233014305094,0.011234776576414494,0.011052370850315227,0.9837641874888552,0.9837641874888551,7.10697609101287,7.658867775097929,1.0776549234185484,1.0776549234185484,0.9433343360779974,0.38103621630548995
6841,1.6282640553509815,15.286466029652876,1.9549770643565982,0.11090251105768051,0.022333179923782524,0.020535987646947418,0.9195281512543907,0.9195281512543907,9.428346470354187,14.207146893023994,1.5068545622178737,1.506854562217874,0.304913209326029,0.15316357437307426
6842,1.6285020708538833,1.480185451454632,1.480185451454632,0.11708984813162829,0.010698257202201059,0.00980396392819951,0.9164075739534886,0.9164075739534887,17.523266820150063,26.734440972525384,1.5256539346752034,1.5256539346752032,5.951127497593806,2.51759507771211
6847,1.6296921483683922,1.3970552533122047,1.3970552533122047,0.10089979007936808,0.010589520224738413,0.009573754834988322,0.9040782426216875,0.9040782426216873,13.300068769936829,21.773761031049872,1.6371164245606598,1.6371164245606593,3.686532129538139,1.4991459635671758
6848,1.6299301638712937,21.46930128282136,28.788636299116217,0.4324994509424214,0.018430840776427745,0.022266542423847836,1.2081132214177548,1.2081132214177548,16.60295725678568,6.036281032621052,0.3635666188415926,0.3635666188415925,0.07478922292223177,0.07065178510345252
6848,1.6299301638712937,4.892612483008078,1.758607748578396,0.4944502261782807,0.015520470495091147,0.015655657762223017,1.0087102557344914,1.0087102557344914,14.858733832407099,14.28673839557749,0.9615044294297757,0.9615044294297755,1.7337126795100064,0.8186699378957459
6848,1.6299301638712937,3.9815142785201103,2.497886591050283,0.17097636879597705,0.013765418694683468,0.01324974619841968,0.9625385534794555,0.9625385534794555,9.47804343265876,11.374906315425672,1.200132326491651,1.200132326491651,0.6382588267449764,0.36414566953292976
6849,1.6301681793741956,3.4528092301690037,1.0625621111385297,0.2950029065755704,0.014963069229407853,0.01466581661899052,0.9801342488055109,0.980134248805511,8.274675641773921,9.068058130397901,1.0958807961750987,1.0958807961750987,0.9072156841333842,0.3003465862443757
6853,1.6311202413858026,9.60800012300927,1.0302739783822727,0.25133876998993754,0.02115392256405828,0.02051079482118942,0.969597707426538,0.9695977074265378,7.165209048942253,8.258062555977736,1.1525222082943711,1.1525222082943711,0.349310601488761,0.11277389253025992
6855,1.6315962723916062,8.630237360827183,2.224318795235757,0.11884305628894323,0.018112781624951863,0.01683445834829766,0.929424242884196,0.9294242428841961,8.692382635808332,12.42469786091414,1.4293776955619175,1.4293776955619177,0.34771376712093055,0.18727809398880416
6856,1.6318342878945078,20.543239386427892,5.414264554667091,0.327103839078452,0.021492410888797588,0.022680982524815506,1.0553019222537492,1.0553019222537494,6.644850788088349,5.137966346182258,0.7732252401201614,0.7732252401201614,0.05729389268875581,0.0431945881585476
6858,1.6323103189003114,5.848079419323667,3.783462526058426,0.19407562039354742,0.01478937433369373,0.01470438089379047,0.994253073998565,0.994253073998565,12.407396551120382,12.75705320710144,1.0281813073790638,1.0281813073790635,0.6189764492343263,0.4187156819394189
6861,1.6330243654090166,12.607057265094518,2.268474632309937,0.28627523167879965,0.02049352899683244,0.02040838792634449,0.9958454656344884,0.9958454656344884,9.268650987842607,9.448896728587947,1.0194468149660358,1.0194468149660358,0.3029303635121521,0.1648127553643389
6861,1.6330243654090166,2.815112302002113,1.4041290465802252,0.49212924764232185,0.013364680973559397,0.013406853644321148,1.0031555314223501,1.0031555314223501,13.498549700859966,13.30811841011801,0.9858924628969714,0.9858924628969713,2.373285457122734,0.9684979916566512
6862,1.6332623809119184,14.17490838968941,2.7259103516230616,0.4458086121088627,0.020763115389183566,0.021289591764845364,1.0253563285563623,1.0253563285563618,7.120246105782546,6.347669037923993,0.8914957353466866,0.8914957353466867,0.1450356564661475,0.08615359370333296
6865,1.6339764274206239,4.129238523091724,4.790282813858634,0.40201262976603036,0.012780112830234433,0.013505433991352279,1.0567538933930163,1.0567538933930165,13.983895784814413,10.780604784057864,0.7709300004770409,0.7709300004770407,0.819169833931084,0.5972317869130922
6867,1.6344524584264273,10.737442859932214,23.36555403430717,0.2113091001234023,0.014889152686756536,0.01699748280977243,1.1416017531267035,1.1416017531267038,21.90469596113956,10.644774481092087,0.4859585588394676,0.4859585588394676,0.25259705008633576,0.2355562299637749
6868,1.634690473929329,11.023435152788808,1.2762254608328854,0.3797265956669773,0.02138666943819075,0.021281135599639657,0.9950654383630843,0.9950654383630843,5.50630507203892,5.630949168463035,1.0226366128998299,1.0226366128998299,0.16788992861268076,0.06400464955239121
6868,1.634690473929329,2.987271855863282,2.1180489368511544,0.34732331318208653,0.012808280716959239,0.012863973994583132,1.0043482243132094,1.0043482243132096,14.476581125486954,14.191720807766076,0.9803226801099216,0.9803226801099214,2.02300338066518,1.06190348727
6868,1.634690473929329,5.503390965211252,3.7016288451650645,0.4813204559224751,0.01453435092844168,0.015173457684438951,1.0439721566614049,1.0439721566614049,12.643057304555883,10.35460364769759,0.8189952317914706,0.8189952317914707,0.6809255700883761,0.4570957578357525
6869,1.6349284894322307,12.195173519548542,5.154288340049079,0.3773366245005782,0.018171459610440154,0.019248971964773758,1.0592969622382196,1.0592969622382196,5.108757928244552,3.8880397732867333,0.7610538271526057,0.7610538271526056,0.049971782029474714,0.03718572791677142
6871,1.6354045204380345,4.945188619508912,2.138927347242819,0.1952832416159393,0.015130006759050579,0.014620367848091566,0.9663160156452572,0.966316015645257,10.302741446097924,12.109202538707637,1.1753379041938292,1.1753379041938294,0.7273327018772552,0.3837877102475951
6872,1.6356425359409361,7.960896246788119,1.363172532066362,0.3337918217828563,0.018987781680552235,0.018794217941689232,0.9898058792691273,0.9898058792691272,12.11658134417378,12.694548515285744,1.0477005150788574,1.0477005150788574,0.972793848034087,0.3888479462304048
6873,1.635880551443838,3.529769634458791,3.1952226224665314,0.11182911328455836,0.012781679794911148,0.012029390467873411,0.9411431565249154,0.9411431565249154,12.419078418861503,16.79032920397877,1.3519786764916808,1.3519786764916815,0.9900493324324481,0.6288788938462893
6877,1.636832613455445,9.194254629651944,1.041138781449093,0.15174812326768372,0.02080960685043498,0.019402587156322676,0.9323860511049062,0.9323860511049062,8.441393609424248,11.761747448776909,1.3933419045459163,1.393341904545916,0.49660234604216597,0.16170951804104158
6882,1.638022690969954,15.289921890610064,1.1793686560348804,0.41566095435935035,0.02415596069794334,0.024096958894774388,0.9975574640186439,0.9975574640186439,4.499036280943832,4.5489537038957515,1.0110951367881496,1.0110951367881496,0.09412438016419829,0.03382467227018182
6884,1.6384987219757574,4.011588669531596,1.9790260725568924,0.1864726882621879,0.014272543731559655,0.013701582666038041,0.9599958440303044,0.9599958440303045,15.220628523500467,18.45399317367498,1.2124330572277116,1.2124330572277116,1.9229911636535795,0.9726112933299166
6886,1.6389747529815608,2.0065421612696603,1.7425640213773237,0.1840627455678287,0.01154717329344071,0.011027623824249039,0.9550063503864796,0.9550063503864796,12.938491020597658,16.069778717082652,1.2420133608702968,1.242013360870297,2.3953867355520866,1.1248525260252666
6887,1.6392127684844626,1.0,1.0403764228843542,0.30403160305500104,0.009934462321394772,0.009754731333945475,0.981908332667161,0.9819083326671613,12.212606844753557,13.272086583192642,1.0867529555243343,1.086752955524334,4.563560434877487,1.4851516933948583
6893,1.640640861501873,16.376623817838187,1.8062336860625612,0.19979377070141305,0.023123360685337817,0.022250188223585213,0.9622385139584719,0.9622385139584719,6.115989773023232,7.325511425922906,1.197763844902865,1.197763844902865,0.12903992508431888,0.06191667253158143
6893,1.640640861501873,4.725117583126733,4.725117583126733,0.1137939525091837,0.013390236662357849,0.012926134697956358,0.9653402717140798,0.9653402717140798,11.415681628544215,13.648873284311541,1.1956249068985392,1.1956249068985394,0.504670852407987,0.36648418526197124
6895,1.641116892507677,20.35992608559721,4.278404026170573,0.28844924514073184,0.02206312636675338,0.022748045757004225,1.031043623594657,1.0310436235946567,8.740924660571071,7.560630247706283,0.8649691584473997,0.8649691584473997,0.12119703913008012,0.08539988477683916
6897,1.6415929235134803,5.958823127900285,2.3125301890499315,0.43132171287377713,0.015919564305951858,0.016186383521414216,1.0167604596667636,1.0167604596667639,12.815260172867088,11.878929481469493,0.926936271385264,0.9269362713852642,0.9417132851542986,0.5173661064719954
6898,1.641830939016382,7.465791200778229,4.844803623357748,0.44740555033314816,0.015547504164274552,0.01649339538287459,1.060838782135433,1.0608387821354333,7.797764588179585,5.905876240005312,0.7573806791959155,0.7573806791959155,0.17002669225848704,0.1243638609013675
6899,1.6420689545192837,4.029683647314329,1.0945527665589632,0.15182713336474912,0.01567713745877388,0.014620421170868213,0.9325950741527584,0.9325950741527583,12.328458618693654,17.160065606225626,1.3919068179541765,1.391906817954176,1.7889971116669985,0.6065295553090395
6901,1.6425449855250873,1.4172062771524097,1.5631604151850105,0.48060663961665806,0.010455536209367337,0.010511203921866635,1.005324233151182,1.0053242331511822,12.652107055880268,12.352241246336348,0.9762991406712329,0.9762991406712327,3.0902378017512513,1.3553085235823117
6904,1.6432590320337925,6.540484649695547,1.1903751628089103,0.1576189644339547,0.018173524464531694,0.017010989216902028,0.9360313818104724,0.9360313818104724,10.664276106315452,14.577943995009417,1.3669886122299728,1.366988612229973,0.926833348220638,0.3354366940444458
6905,1.6434970475366943,3.7947604737130782,5.176241969849648,0.47394638160424896,0.012307309250794093,0.013126739391952625,1.0665807711873057,1.0665807711873059,15.437108078681938,11.38857314153225,0.7377400665646332,0.7377400665646331,0.9901067590406833,0.7376196388768683
6905,1.6434970475366943,3.8501595450089368,1.2443186372376438,0.29267201103398055,0.015122576308177586,0.014832843672763923,0.9808410531704846,0.9808410531704845,19.020925390629255,20.778390861730795,1.0923964231502303,1.0923964231502306,4.096915130440482,1.5329763358743493
6913,1.6454011715599086,56.26566444154171,11.453339382115015,0.24990081967978356,0.027659282766021656,0.030310531372573536,1.0958538451260507,1.0958538451260504,11.622215300686653,7.295011348080071,0.6276782144664859,0.6276782144664858,0.04611693029646124,0.040111684573409634
6916,1.6461152180686138,1.8912252373136924,1.8912252373136924,0.42621726217347244,0.011183263521606607,0.011279503650136094,1.0086057284033008,1.0086057284033008,13.793167283624888,13.266747020806582,0.9618347075770431,0.961834707577043,2.6862592728343597,1.324087874514206
6918,1.6465912490744175,45.88976531634055,7.339465433670081,0.493967426818135,0.027112207559283265,0.02965146689791226,1.0936574173488705,1.0936574173488705,13.794993696121315,8.963489534915688,0.6497639457012523,0.6497639457012523,0.111145425347221,0.08983287239777836
6921,1.6473052955831227,25.756564318767648,6.257360065785214,0.10772095138333933,0.022779237428967872,0.022317601333332295,0.9797343481284179,0.9797343481284179,7.553495220536836,8.397778649410954,1.1117738747723884,1.1117738747723886,0.056275925043813436,0.043955183936814
6925,1.6482573575947297,26.38566798322277,5.4358631914282265,0.2331972321109133,0.023351197130390494,0.02410614894662376,1.0323303260221606,1.0323303260221606,6.533996371202195,5.597612267642195,0.8566904463419966,0.8566904463419966,0.046727182536031205,0.035264612780521155
6925,1.6482573575947297,1.3443261678232663,1.0746746416439976,0.4548656922623402,0.010905694675061174,0.010897360335694564,0.9992357809736166,0.9992357809736165,14.7801474047421,14.831118977116267,1.0034486511520049,1.0034486511520049,5.396784965381784,1.8030735873681136
6929,1.649209419606337,23.954662192046925,11.795997454344354,0.4969748617828179,0.020745129659186304,0.02350885136935335,1.133222677108852,1.1332226771088518,11.88230684116783,6.378695898750083,0.5368230246882906,0.5368230246882906,0.08289557802977235,0.07238227674156085
6931,1.6496854506121403,3.625642327328358,2.0866889728292244,0.4875765598313981,0.013692232165933006,0.013892068150551648,1.0145948434263221,1.0145948434263217,17.79982563639204,16.665403563463485,0.9362677985671269,0.936267798567127,2.715267805745736,1.41390670706796
6931,1.6496854506121403,15.28849819909252,11.829433128198215,0.2868874438132653,0.017855940219418654,0.019799900162429107,1.1088690888926902,1.1088690888926904,12.300567818464126,7.290626452880449,0.5927064961941547,0.5927064961941547,0.11952634831297568,0.10440575261493626
6932,1.6499234661150421,2.6149472144390185,2.166512639480551,0.2900438999785224,0.012212075919002616,0.012148590018435386,0.9948013834021091,0.9948013834021092,13.822392074515854,14.15907817891336,1.0243580201301228,1.0243580201301228,1.9846042719551453,1.0543235900733616
6942,1.6523036211440598,0.8034526149921486,1.7385675125096183,0.48846472760100357,0.008513939619582848,0.00858476409379497,1.0083186488719298,1.00831864887193,17.707902414449855,17.056308838949654,0.9632032320796792,0.9632032320796792,8.271189276560964,3.8786578695585443
6946,1.6532556831556666,4.622194279262631,4.181564122957163,0.46917454610320497,0.013498662674311174,0.014194814846162005,1.0515719363204514,1.051571936320451,10.504637191639006,8.307043213457176,0.7907977269380642,0.7907977269380642,0.4791444449588754,0.33516829541041815
6947,1.6534936986585687,26.6548444089972,12.367730349561006,0.4976712509950688,0.021394313758064172,0.024331575342748782,1.137291694321229,1.1372916943212292,12.28133501444435,6.462009794321243,0.5261650941629008,0.5261650941629007,0.07894295808651515,0.0693480012239345
6951,1.6544457606701757,20.19909771308629,1.7083054500361066,0.4692876211839452,0.02500789610493685,0.025193915672073415,1.0074384332994668,1.0074384332994666,6.98388375773009,6.75356312638822,0.9670211247306428,0.9670211247306427,0.15159064384461074,0.07032647809321145
6952,1.6546837761730773,1.4225967765135243,1.3834991086019495,0.2964050223725936,0.010670041138714722,0.010490581848952948,0.9831810123851696,0.9831810123851698,9.459573396154799,10.222140708227249,1.0806132877390036,1.0806132877390036,1.85298076842995,0.7484177200685456
6960,1.6565879001962915,14.337927299548632,1.9788821678512825,0.27850074629360955,0.02182207491092151,0.021577106208033346,0.9887742708295094,0.9887742708295095,10.519595884895537,11.082164045654366,1.0534781152160595,1.0534781152160593,0.39296260359088797,0.19874470783298526
6962,1.657063931202095,3.998275177615718,1.6855709107365195,0.14448009471352005,0.014604114499790205,0.013662641813940009,0.9355337370257045,0.9355337370257045,12.902225328812209,17.741177615213882,1.3750478822901748,1.3750478822901748,1.5361779138791511,0.7067929182911493
6965,1.6577779777108004,6.010991681109029,1.95903813515812,0.3584696019908,0.016356740979942296,0.016406007026909197,1.0030119720687216,1.0030119720687216,12.392514335251896,12.223498572800409,0.9863614632285957,0.9863614632285959,0.9800951269997843,0.4928961695210488
6966,1.6580159932137022,2.748204811046489,2.147936945141837,0.13089102997659174,0.012431648950664426,0.011630981747411541,0.9355944487790502,0.9355944487790503,16.46798627562689,22.731766015097353,1.3803610007096643,1.3803610007096645,2.7412769939619213,1.4497020744571543
6969,1.6587300397224074,1.990460801512624,2.035468158404497,0.2600950198441381,0.011252446159628011,0.011086203328086689,0.9852260718084771,0.9852260718084769,6.658949203675844,7.134411964766195,1.0714020705891387,1.0714020705891387,0.5763425093137976,0.2960817952276734
6973,1.6596821017340144,13.071313016333582,1.7355855006031367,0.109763354840491,0.021578921506979036,0.01974891530702162,0.9151947330006479,0.915194733000648,7.775416173049156,11.978844772254744,1.540604966429366,1.540604966429366,0.24864603280058648,0.11647723910879906
6973,1.6596821017340144,16.99508358929693,1.1743335007812734,0.4684017977135926,0.02503984364343339,0.025046648646439313,1.0002717669927508,1.0002717669927508,8.223743212706172,8.213685702260474,0.9987770155043073,0.9987770155043073,0.2937614060599572,0.10522127503721392
6976,1.6603961482427199,5.449948468158535,1.0950054781367238,0.11352093494383339,0.01733582180215395,0.015782435884405047,0.9103944459353005,0.9103944459353005,12.225818813686075,19.24991059282709,1.574529353508655,1.5745293535086555,1.4382680528843894,0.4877811899855686
6977,1.6606341637456217,15.572403556086993,13.943139663982276,0.26463228166260505,0.01767358097306343,0.01973666896837701,1.116732879344484,1.116732879344484,13.645559042000901,7.729583177956741,0.5664541228516294,0.5664541228516295,0.12474823044152493,0.1111473034132672
6978,1.6608721792485233,2.7352924472712306,1.6488242330576406,0.1837776488072513,0.01291156232114097,0.01230978766584103,0.9533925763333371,0.9533925763333372,13.470763508030448,16.860702463077438,1.2516515825570032,1.2516515825570038,2.186718043724386,0.9923422672281834
6979,1.661110194751425,1.7957489651631025,2.904826888281658,0.3470858013780272,0.010336777779744517,0.010532425996121555,1.0189273892257238,1.0189273892257238,20.885265733081706,19.14925434872675,0.9168786547156467,0.9168786547156469,4.720396639782048,2.882986511481924
6980,1.6613482102543269,4.606618626297747,5.326489648062771,0.44505366609000774,0.013083269514115058,0.01396707807010384,1.067552575832461,1.0675525758324609,13.59576868618248,9.979983520776301,0.7340506999739604,0.7340506999739603,0.658851050900973,0.4945965153892703
6981,1.6615862257572285,15.028069191142423,1.6258236444813903,0.46142951795512505,0.02283207535180442,0.022965040769496355,1.0058236238118157,1.005823623811816,7.963235522440963,7.756874475933855,0.9740857788363073,0.9740857788363074,0.24757614313127357,0.11135812947108077
6983,1.6620622567630323,14.739290041962548,9.351758818727806,0.21499297715467344,0.01807797045236269,0.019295445082145174,1.0673457583632329,1.0673457583632329,19.49753007461261,14.020490095816886,0.719090574147785,0.719090574147785,0.3813800982615522,0.3219758371787052
6985,1.6625382877688357,16.727903538227306,1.2796867202978806,0.1489023538779914,0.02456574715432102,0.02290669068771193,0.9324646445236546,0.9324646445236547,9.16506476168995,12.77531813863946,1.3939146608150987,1.393914660815098,0.35169450277470204,0.13434238981988114
6985,1.6625382877688357,3.21792291678656,1.321475999982889,0.30378829487623754,0.014108597600540757,0.01388186052663483,0.9839291558009113,0.9839291558009114,5.65909103403464,6.093347461257468,1.07673607379898,1.0767360737989802,0.395132502171587,0.15449030283875415
6987,1.6630143187746391,18.341251327465418,4.660227159846333,0.2909694808074693,0.02108024310128165,0.021867794452139516,1.0373596901645779,1.037359690164578,14.969565727223067,12.569635955163582,0.8396793991361375,0.8396793991361376,0.35538240132878995,0.25703047988398364
6990,1.6637283652833446,25.362520498470776,4.354330328293855,0.48321929008141196,0.023686643458662872,0.02498011052938167,1.0546074446122395,1.0546074446122395,3.9295760109725646,3.064615124631736,0.779884424190906,0.7798844241909061,0.020857166257654935,0.014777999772777
6994,1.6646804272949516,3.5076938869973815,4.814856398771187,0.4947995448069985,0.01209603233233319,0.012842332046685986,1.0616978934785009,1.0616978934785009,20.613322222275098,15.558013902622216,0.7547552856768507,0.7547552856768507,1.9760892234052017,1.4428254403108538
6994,1.6646804272949516,4.911933515076051,2.7223417434792294,0.14331757824560143,0.01458643137513409,0.013896327855429762,0.9526886664766566,0.9526886664766566,19.11930363710612,24.186191693771995,1.265014257466586,1.2650142574665861,2.121730706561122,1.2596046682881867
6996,1.6651564583007552,3.586666766705486,3.7261942202067484,0.10446194227136499,0.01259041811622548,0.011887482698540817,0.9441690171687961,0.9441690171687961,25.02092838115115,33.4120811358947,1.335365364023215,1.3353653640232148,3.5293815080085555,2.3747714061639544
7000,1.6661085203123622,3.500481803422594,1.0404175444819808,0.3167680905321938,0.015084032740560784,0.014847460872854809,0.9843164045202689,0.9843164045202689,14.876513620564277,15.985681823877213,1.0745583428754233,1.0745583428754233,2.9371677198286426,0.9558940898110321
7006,1.6675366133297729,16.11693646004227,3.388149714440418,0.1436018672040693,0.021038809635854163,0.020282871404089506,0.9640693439957556,0.9640693439957558,15.126447717787157,18.093346954778927,1.1961398533446157,1.1961398533446153,0.5101933801860233,0.33154062072980256
7007,1.6677746288326747,15.070250195166436,5.027580556804443,0.2660686930278312,0.01955953713137401,0.020273263655301244,1.0364899495899826,1.0364899495899826,11.657487565922676,9.813340354186533,0.8418057749315574,0.8418057749315572,0.23070160026704994,0.17050768770837182
7007,1.6677746288326747,5.753683065701737,1.134035932514424,0.12056709765413294,0.01755117788173089,0.016062224612054858,0.9151650516159436,0.9151650516159436,14.769141330809113,22.63347137335411,1.5324839045408578,1.5324839045408583,1.9873551818781792,0.692868213881708
7008,1.6680126443355763,13.260498824831375,1.080484080615761,0.20108013704520175,0.02336790085734405,0.022287464613815575,0.9537640864652626,0.9537640864652626,8.83706008404897,11.015809105965351,1.2465468154787198,1.24654681547872,0.4182879251835411,0.14035631380970956
7008,1.6680126443355763,11.199552721936964,2.7490302963423594,0.1983538730918074,0.01917239264702964,0.018759066266483816,0.9784415858700942,0.9784415858700942,13.606810525341897,15.09091102344949,1.1090704170050387,1.109070417005039,0.6159195023462452,0.36724699360565466
7009,1.668250659838478,20.399010649214613,1.5927152942410931,0.18055504829847974,0.025360165282773708,0.024122385825320638,0.9511919798766513,0.9511919798766513,7.725666801669857,9.776547381372854,1.2654632450961658,1.2654632450961663,0.19250487472399294,0.08545692593067947
7010,1.6684886753413797,9.521898717599758,5.335567736572965,0.3408362164403146,0.016662505688532676,0.017605625357005578,1.056601311117449,1.0566013111174486,11.998487794668856,9.229151128090145,0.7691928588026586,0.7691928588026592,0.3157784349822782,0.23715974065616074
7011,1.6687266908442817,1.512803099034124,2.5824453556242744,0.11822567174721553,0.009923444149277389,0.009280395372352524,0.9351990329918176,0.9351990329918174,24.45970771610724,33.98228972150778,1.3893170808059052,1.3893170808059052,7.911618998660738,4.58512635200802
7015,1.6696787528558887,1.8504965948011158,1.4175508149545535,0.3564015191950896,0.011603089421260305,0.011531993483911646,0.9938726717715034,0.9938726717715037,21.784656639431276,22.40098665643063,1.0282919316655084,1.0282919316655081,8.130757036050353,3.3399196944314626
7019,1.6706308148674958,2.1746062564134228,1.037466305656151,0.46355284243919365,0.012876743296338332,0.012869609477955991,0.9994459920324443,0.9994459920324446,7.211684723254655,7.229698707530452,1.0024978884916738,1.0024978884916735,0.9494234562433341,0.30827092539678713
7019,1.6706308148674958,27.211066760873422,2.222402754939141,0.2969105914025191,0.0265631890413519,0.026491552185690583,0.9973031530382216,0.9973031530382217,7.141253356879628,7.230825510330752,1.012542917744941,1.012542917744941,0.10921175024404178,0.05879507448286306
7022,1.671344861376201,3.0363718776558204,1.0173124431288567,0.37845542595191145,0.014439241199635253,0.014342405421421438,0.9932935687634153,0.9932935687634153,10.07719824466613,10.388439274532661,1.0308856710277852,1.030885671027785,1.4987659362322185,0.47885327567851077
7023,1.671582876879103,3.853667088985374,1.691163850220123,0.31405577187089184,0.014418613544242436,0.014292113501725805,0.9912266153657233,0.9912266153657233,15.251088969888997,15.878364409491287,1.0411298787149397,1.0411298787149394,2.195210255767353,1.0120889895944014
7025,1.6720589078849064,1.4898870639981316,1.272256974616653,0.48787711224667935,0.010980908760260252,0.010997828559218669,1.0015408377692427,1.0015408377692427,22.644863335531873,22.488338197525675,0.9930878303089339,0.993087830308934,10.800497153751898,4.108084854020068
7026,1.672296923387808,7.452839975413422,1.1497902482226476,0.22844513774389436,0.019089226611070972,0.018390744049661553,0.963409593503158,0.963409593503158,6.956810474994503,8.2651174274412,1.1880613187824023,1.1880613187824023,0.368361083250145,0.1298109401922477
7027,1.6725349388907098,4.416515400052702,2.2309171028077044,0.37119361613375834,0.014481655267604084,0.014621793873014544,1.0096769742699203,1.00967697426992,7.695245281945119,7.363421277959817,0.956879346683875,0.956879346683875,0.4250727879402525,0.2292939871393078
7028,1.6727729543936116,2.713403747485946,2.3045905488365346,0.25658210747457005,0.012253597304078849,0.01212123129651094,0.9891977837786584,0.9891977837786585,23.081430758213333,24.277964341951314,1.051839662639293,1.0518396626392932,5.173631978288357,2.837411986780655
7031,1.673487000902317,11.714622854399869,3.130273326754296,0.40869862803003193,0.019118475496856333,0.019696964119404907,1.0302580936771708,1.0302580936771708,6.67954721112461,5.8204066491726305,0.8713774250264893,0.8713774250264896,0.13074559453420617,0.08236945215260139
7033,1.6739630319081205,17.876275917048478,10.797901286693877,0.4187493467673846,0.01898853980089052,0.021311564671308805,1.122338257431956,1.122338257431956,15.538446964237279,8.772305137894584,0.5645548205740638,0.5645548205740637,0.18687725468565283,0.1612305876117389
7040,1.6756291404284327,1.2669296005684174,1.3765189302359884,0.4276928583745947,0.010273918810080496,0.010278796122051783,1.0004747275174593,1.0004747275174593,10.115814876241458,10.094158206503597,0.9978591275144105,0.9978591275144105,2.295916888509597,0.9240405142343412
7041,1.6758671559313347,6.317249405240694,1.9409837100654095,0.2840215578232653,0.016652775324568145,0.01647571985327574,0.9893678099991423,0.9893678099991422,9.487290266509468,9.966321408653185,1.0504918821588833,1.0504918821588836,0.5591183665968847,0.27971722515683656
7047,1.6772952489487452,15.795037649814624,3.0764198653230674,0.4847386303629833,0.021170893273303175,0.02187071678494698,1.0330559274287352,1.0330559274287352,8.356381182251143,7.194399150020861,0.8609467415514364,0.8609467415514362,0.1698795683099116,0.10627203042136413
7048,1.677533264451647,10.751426156305499,7.732795192587625,0.32334894013640103,0.01661608708427456,0.01797688223855739,1.0818962459320933,1.0818962459320933,10.576485589742392,7.200095501497843,0.6807644600282781,0.6807644600282781,0.16416583817328723,0.13404630378751697
7050,1.6780092954574504,10.78404152104708,4.208435045527932,0.25446090221265105,0.017888762246405215,0.018269965662212374,1.0213096585753865,1.0213096585753867,16.169036485546144,14.621484210691067,0.9042891469607068,0.9042891469607068,0.6420034259078159,0.4500142909222087
7051,1.6782473109603522,3.926036069827036,1.4441231450418475,0.24699323897292716,0.014866139365600127,0.01444965322583989,0.9719842435539132,0.9719842435539132,10.83852425120759,12.356834037392652,1.1400845494270955,1.1400845494270957,1.2057160728957328,0.5016262924716179
7051,1.6782473109603522,1.0324693060006764,1.2620619119183802,0.16925671966623793,0.009729838028707426,0.00916628516376048,0.9420799335729731,0.9420799335729731,10.818857418331003,14.32883434292363,1.3244313876108094,1.3244313876108096,3.1623084204520757,1.1957246420236403
7052,1.6784853264632542,1.0928598384987998,1.0928598384987998,0.3419944496953635,0.010150208679920005,0.010035359700196013,0.9886850622144158,0.9886850622144158,5.428731603458222,5.716314995302242,1.0529743249161228,1.0529743249161225,0.82859880613024,0.2805766380487957
7054,1.6789613574690576,11.352876369202155,1.1190366470171325,0.2226265636327701,0.022061627347089663,0.02120955307950803,0.9613775423645692,0.9613775423645692,8.305737531852072,9.966864419338126,1.199997517513131,1.1999975175131308,0.40235680372727683,0.13882076047379865
7056,1.679437388474861,27.740429250893527,11.646329256880584,0.2428843791397439,0.021813343118088264,0.023885837426817012,1.0950103932950184,1.0950103932950184,12.202807385729647,7.679074974715738,0.6292875673589582,0.6292875673589582,0.08021894139279794,0.0699280189946897
7056,1.679437388474861,5.003478248015611,1.0454300193119461,0.38111424159935925,0.016978008641620558,0.016869974701706113,0.993636830903148,0.9936368309031482,13.27903920401206,13.667739017781098,1.029271682069558,1.0292716820695578,1.8397748886418308,0.6011025754103816
7057,1.6796754039777628,16.712051409816617,2.7873682151868047,0.4013073381069301,0.021866807083261545,0.02237702297153882,1.023332893839258,1.0233328938392579,6.702121313380383,6.0274193516345695,0.8993300881619658,0.8993300881619657,0.1132742548690509,0.06795570194228429
7058,1.6799134194806646,8.178931992755516,1.3499709815179717,0.3995167195162651,0.01918909101542047,0.019149243676934668,0.9979234379338876,0.9979234379338876,12.946018921861777,13.068267488285464,1.0094429466820296,1.0094429466820296,1.0968391097221308,0.43542445518912265
7058,1.6799134194806646,9.139737655593018,1.1124643951600188,0.2678320680968705,0.020543072613394386,0.02001227289794933,0.9741616200539073,0.9741616200539069,6.36935336133506,7.1814537302385535,1.127501227021462,1.1275012270214624,0.27426863979884797,0.09418983220490101
7062,1.6808654814922717,13.594927151125702,8.283591598261701,0.16506697819928923,0.01783113920152484,0.018471570937453725,1.0359164789580084,1.0359164789580082,8.798914715157496,7.347955229476635,0.8350979032469359,0.8350979032469358,0.09140184242013802,0.07558913408230065
7063,1.6811034969951733,7.316244022368213,3.193479745922023,0.25003864091777217,0.01629798132137699,0.016353510511703348,1.003407120748968,1.003407120748968,7.178279413436185,7.064068206989203,0.9840893339658522,0.9840893339658524,0.2035501361725596,0.12926692693219227
7063,1.6811034969951733,4.80726678055957,1.9114537338942885,0.3631076511945708,0.01523815130286819,0.015280352170157939,1.0027694217264929,1.0027694217264929,7.68998510807914,7.593583712866783,0.987464033563462,0.987464033563462,0.44518409356589395,0.22078156168709184
7064,1.6813415124980753,7.205057539164365,1.5361375508702673,0.4071432880584242,0.018026774860722905,0.01804793268640031,1.0011736889066887,1.0011736889066887,12.024041885710858,11.960359081415628,0.99470371070722,0.9947037107072197,0.9540413634676406,0.4136782679732792
7065,1.681579528000977,22.80608845648915,10.08486147972595,0.1170445646185941,0.020742179025552518,0.021196461736049544,1.0219013976273847,1.0219013976273847,15.666285746695742,13.961295666203243,0.8911681997851911,0.8911681997851911,0.17188261964471913,0.14682434622389018
7066,1.6818175435038787,22.13349118041643,4.7461292779657835,0.24615362791754256,0.022392072258072895,0.0229944323154182,1.026900594567711,1.0269005945677108,10.823945885676457,9.526545728582512,0.8801361194154879,0.8801361194154877,0.16147051644450125,0.11740867474181939
7066,1.6818175435038787,9.950355541820201,2.0545237556150115,0.38923281079799243,0.019213839732710673,0.019375863412062724,1.008432654878255,1.0084326548782547,8.814316498860379,8.483169544672291,0.9624307847090694,0.9624307847090694,0.3432459266243377,0.17723581729399399
7067,1.6820555590067805,4.437257017110492,1.5340632814819668,0.10679762334013453,0.01534032553325287,0.013961769263025513,0.9101351358392563,0.9101351358392561,8.671360779786061,13.722578007772526,1.5825172491682542,1.5825172491682542,0.6860324875875141,0.29720381567547693
7067,1.6820555590067805,6.853283500802407,1.0389788474363804,0.3344617872044279,0.018874433890156517,0.01863535518512066,0.9873331986311631,0.9873331986311629,12.039308034688755,12.756525683037276,1.059572995913221,1.059572995913221,1.2300475038726937,0.39986358907173725
7068,1.6822935745096823,4.648358150153428,5.460144598292438,0.4045426813129428,0.013083356462080122,0.013952407730206555,1.066424183323693,1.0664241833236932,17.322107482061675,12.765947939725484,0.7369742944353375,0.7369742944353375,1.0410945690021698,0.7866110134649005
7069,1.682531590012584,7.052285622874358,1.7534396366951253,0.48725640161873274,0.017539922442560592,0.017690096052439798,1.0085618172127608,1.0085618172127608,9.250262891680503,8.900102844400505,0.962145935593363,0.9621459355933629,0.5275658546066869,0.24867690024660558
7076,1.6841976985328966,20.20080144734469,8.409359217833973,0.241527425534941,0.02031371504185996,0.02169655599202784,1.068074251672739,1.068074251672739,5.000065656673225,3.6003435487552915,0.7200592544120243,0.7200592544120243,0.022363665225294142,0.018544469263394314
7078,1.6846737295387,17.143742153225634,1.3476581923759838,0.16318659161714716,0.02456454216738687,0.023095584936009904,0.9402000973041855,0.9402000973041856,5.61362734452408,7.511765812374029,1.3381304727506582,1.3381304727506584,0.12604120835645108,0.049975142474998055
7078,1.6846737295387,9.035384473098453,3.8056076144509583,0.23527919339275352,0.017084313712357274,0.017242444600495562,1.0092559110538875,1.0092559110538872,10.376051883728165,9.930077012321266,0.9570188279314331,0.9570188279314331,0.3224152342997569,0.21854542599262558
7091,1.6877679310764229,5.459240117183941,2.686082630230873,0.2315529568223994,0.015137473004496551,0.014968985347103673,0.988869499067458,0.988869499067458,12.462838134622395,13.136492879917412,1.0540530766762966,1.0540530766762966,0.848486092756065,0.5006895934816159
7093,1.6882439620822265,5.7581156245468605,2.989819390424647,0.40549928561759163,0.015182664098881731,0.015599200624477342,1.0274350089604032,1.0274350089604032,13.927890089374817,12.29372047433202,0.8826692625691053,0.8826692625691053,0.9448463458687475,0.5841361048003196
7094,1.6884819775851283,8.725168921158867,1.3327086234214556,0.29176923392780935,0.01964714580676819,0.019285395039455363,0.9815876173124235,0.9815876173124236,10.42431264747367,11.34873344075406,1.0886793042900937,1.0886793042900933,0.6861975284811367,0.26992327703993896
7095,1.68871999308803,8.951126781259335,1.836675785145485,0.43785258280462247,0.018858745485944788,0.01901623427107358,1.0083509682680731,1.008350968268073,6.0242964053694195,5.801279805245385,0.9629804735495316,0.9629804735495315,0.1852742966777302,0.08978142718159027
7096,1.6889580085909317,6.053169364381761,1.4390151678075789,0.3894682397704735,0.01718364301820359,0.017151096809136762,0.9981059773511153,0.9981059773511154,12.790280498811757,12.900546222615517,1.0086210559505715,1.0086210559505717,1.2607271435554268,0.523245964384347
7097,1.6891960240938335,10.816180337480876,4.861517949182855,0.2661087512754394,0.0175849677843343,0.018185727812649256,1.0341632714761155,1.0341632714761155,10.61608579401453,9.03638725076532,0.8511976472402037,0.8511976472402041,0.24543329455610446,0.1796951963777947
7103,1.690624117111244,12.707136967302757,3.1801214666013693,0.20210624799907562,0.019601945490304584,0.019355053302404387,0.9874047100058352,0.9874047100058353,12.085123837582884,12.838717873922723,1.0623571629441046,1.0623571629441046,0.40057039721399745,0.2539628520054224
7103,1.690624117111244,5.756941793414284,1.9002513556021174,0.24110155950485643,0.016196085230724713,0.015832603850599022,0.9775574544744832,0.9775574544744832,8.915381125661337,9.906447921391099,1.1111637048109084,1.1111637048109084,0.5326561921562041,0.2632728052649765
7105,1.6911001481170478,5.396003058973754,1.5984517929043132,0.22351292341858855,0.01627045754325828,0.015735832724906793,0.9671413777436756,0.9671413777436754,14.816843014783094,17.30502980129546,1.167929617937495,1.167929617937495,1.714533283717909,0.7628761752225102
7108,1.691814194625753,24.991329861434412,9.399605786552414,0.1581862192611752,0.02154515476475172,0.02245299096214338,1.042136443543998,1.0421364435439981,5.726762233586881,4.626523330731688,0.8078776701427548,0.8078776701427549,0.023032400294534655,0.019460790231646503
7108,1.691814194625753,13.327170955893395,1.392496571081799,0.265049563748756,0.02247024882443491,0.021933439919439517,0.9761102376217725,0.9761102376217727,9.369450933765878,10.470497357496045,1.1175145087490865,1.1175145087490863,0.40752006428257076,0.16534345694740457
7109,1.6920522101286546,16.82880237159275,2.165449605113988,0.2674548632673749,0.022716978321775362,0.02247791436476468,0.989476419195174,0.9894764191951739,6.24583285727773,6.559738856191881,1.0502584693005967,1.050258469300597,0.11715851425871925,0.06222453375516894
7109,1.6920522101286546,23.2762297272513,4.099187223025175,0.390782211241682,0.023196240855314063,0.02424067210189019,1.0450258838529372,1.0450258838529372,8.118820865759531,6.606739717942664,0.8137560647268439,0.8137560647268439,0.09899362340725058,0.06880212969478829
7110,1.6922902256315564,18.020835506282296,1.0216132291789757,0.4016178101481099,0.026124419408344337,0.026010719639733414,0.9956477590244701,0.9956477590244702,7.3105824231527174,7.455921893525634,1.019880696497262,1.0198806964972618,0.24011536612730927,0.07698403712308481
7112,1.69276625663736,21.33856175125316,1.2081512133575034,0.2330495178665987,0.026889566599582845,0.02595551936074852,0.9652635814945112,0.9652635814945111,9.053700383561305,10.659827777285678,1.177400104452385,1.177400104452385,0.30123864132466655,0.11025496442877498
7112,1.69276625663736,3.040339287790361,1.700089732433398,0.3818469438366552,0.0133124669249251,0.01333025800203392,1.0013364222581096,1.0013364222581098,16.882050813331794,16.779934379180183,0.9939511831067959,0.9939511831067961,3.13994126754535,1.452371115709216
7118,1.6941943496547707,11.314897508180268,1.6612273944644518,0.27576128531439187,0.020702878669327893,0.020344018819268346,0.9826661859062522,0.9826661859062522,5.653191007427416,6.126588347230135,1.0837398451919895,1.08373984519199,0.14875409636643483,0.0678235886902678
7119,1.6944323651576723,29.911623440482895,6.838718614745001,0.3729790785123102,0.023697849368291314,0.025595096966774634,1.0800599062386613,1.0800599062386613,6.337774290609446,4.37215760799523,0.6898569446490653,0.6898569446490652,0.033199572307216665,0.026445305505730078
7124,1.6956224426721813,1.255113348454789,1.517218171533174,0.2652310607109884,0.010087117171570043,0.009863868588930652,0.9778679498966658,0.9778679498966658,18.42525848611843,20.423452665243683,1.1084486375390983,1.1084486375390983,7.236274586799312,3.1121486579701605
7128,1.6965745046837883,0.822661825782378,2.6264821217508425,0.39011707645150717,0.008080628365235553,0.008236085724148181,1.0192382760208891,1.0192382760208893,18.540278659993202,16.98623874115105,0.9161803364802974,0.9161803364802974,6.7400547955650865,3.936814403037747
7129,1.6968125201866902,9.08909973173378,1.597906069882917,0.37132244781549145,0.01936000425517357,0.019329965993007764,0.998448437212622,0.9984484372126221,8.263246065283775,8.321723562697288,1.0070768190795132,1.007076819079513,0.3767570294213569,0.16760013614868324
7130,1.6970505356895917,14.321860823380653,3.1838179776390154,0.2564893525937171,0.02039615762452464,0.02049892135032298,1.0050383865279986,1.0050383865279986,10.725390473765488,10.474569413503364,0.9766142723777155,0.9766142723777157,0.29106131937657115,0.1846192186418659
7134,1.698002597701199,6.668069016735203,1.334022842448783,0.42390395089680977,0.017960025860691512,0.017954573391879287,0.9996964108596214,0.9996964108596215,4.5329072613076775,4.5391254355016475,1.0013717850014376,1.0013717850014376,0.15513597701810464,0.06106740495627328
7139,1.6991926752157076,13.99301153947121,2.0819695489296928,0.269143805164249,0.02148458298299013,0.021234870991290736,0.9883771543577506,0.9883771543577506,6.103794082774007,6.443184340171748,1.055603163015535,1.055603163015535,0.1299654634084164,0.06759345970893962
7141,1.6996687062215112,12.787769418379204,2.293745587013055,0.2279252340262437,0.020558183800374392,0.020159173790866194,0.9805911838622179,0.9805911838622179,8.170986202008574,8.956352242802254,1.0961164321389532,1.0961164321389532,0.23141582594774826,0.12661496760593638
7141,1.6996687062215112,15.138996721953678,2.494450228233776,0.45757551265953117,0.021489365952656235,0.02195205747591053,1.0215311854371907,1.021531185437191,5.2500727063094565,4.762915197049994,0.9072093785150814,0.9072093785150814,0.08046698517079538,0.045878692907619874
7143,1.7001447372273146,11.503775518338582,2.748580035600708,0.10695311781804202,0.019344882593838434,0.01799546658434197,0.9302442905532924,0.9302442905532924,7.001516086414448,10.019490618613135,1.4310458613463282,1.4310458613463284,0.1602093328761272,0.09551915641892915
7144,1.7003827527302164,21.49771777137249,1.5163288471162477,0.24464218115006808,0.026004172180868923,0.025284714706065504,0.9723329983435228,0.9723329983435226,6.1123633756574955,6.9581923887251484,1.1383800276724663,1.138380027672466,0.11989103575120544,0.05154225083989158
7145,1.7006207682331183,26.947537517251373,15.534270365047263,0.32614808635982756,0.020998040794952353,0.023953529927376756,1.1407507091392481,1.140750709139248,12.373587080459473,6.291676199761382,0.5084763342149407,0.5084763342149404,0.06431676072643595,0.057965182087289756
7146,1.70085878373602,8.7276575290914,5.2012226889770625,0.4611275738890956,0.01623599992594714,0.017316260374248216,1.066534888718168,1.0665348887181683,11.141473306944041,8.21986138726976,0.7377714922268533,0.7377714922268536,0.29480859444667645,0.21991440371034393
7147,1.7010967992389219,6.263833657302582,2.010302712972309,0.4404918509696809,0.016519784073774132,0.016712135918928832,1.0116437263523357,1.0116437263523355,6.644962400182901,6.304359057185338,0.9487426229848663,0.9487426229848662,0.26949171937801697,0.13749837740474724
7147,1.7010967992389219,19.327590993558555,6.07150761075734,0.312273081916459,0.020773494729330558,0.022039676550286654,1.0609517963854367,1.060951796385437,10.944794852098383,8.229408067838667,0.7519015366707298,0.7519015366707298,0.14684148592256355,0.1138910652315009
7150,1.701810845747627,15.481363902161528,2.9499447063363466,0.16590508635438034,0.021150552157831234,0.020476360380797573,0.9681241524097027,0.9681241524097028,10.405168770517243,12.162629113313868,1.1689026272958052,1.168902627295805,0.2754853100359273,0.16935702315345946
7151,1.7020488612505287,6.57947183677198,1.3711986109350136,0.27229126614213056,0.01780250535693195,0.017404213021202965,0.9776271750664635,0.9776271750664633,12.29350897017583,13.638369847662215,1.1093960138434869,1.1093960138434869,1.1332362414663135,0.4548566092775798
7152,1.7022868767534307,5.607322524793631,1.357152749989432,0.1009477232889668,0.01690607122002439,0.015277242251705965,0.903654199303907,0.9036541993039066,9.16808016095026,15.04057029008713,1.6405365164835333,1.640536516483534,0.7053360302227336,0.2810591592108802
7155,1.703000923262136,2.8702503886247523,2.389677797200713,0.32104083405579975,0.012420671175665176,0.012484045385629914,1.005102317666126,1.0051023176661258,14.18962513626023,13.860541980732954,0.9768081853912874,0.9768081853912874,1.8361194027137022,1.0253429184104181
7155,1.703000923262136,9.354661890684525,7.319104497323543,0.22526541536343864,0.015961448760170888,0.016787888667451668,1.051777249026606,1.0517772490266062,12.522679858913293,9.748233883659795,0.7784463065005431,0.778446306500543,0.26507163885250595,0.2141240965412436
7155,1.703000923262136,3.470334057081107,1.0090791244326454,0.14830422309143426,0.015117154438358883,0.014067882300991475,0.9305906318781171,0.930590631878117,6.405052159254119,9.010922086210662,1.4068460118925874,1.4068460118925874,0.5561579236549502,0.17650015727889723
7158,1.7037149697708414,1.586122498111668,2.259675972918824,0.1279701619111379,0.010274664153474233,0.00961478637678631,0.9357762193653022,0.9357762193653024,9.664825940041585,13.34205286586296,1.380475235522509,1.3804752355225085,1.3153858808244177,0.7142321631750858
7169,1.7063331403027606,2.305976448489794,1.0499386399339994,0.405327526328467,0.0131050483281548,0.013052997550587975,0.9960281888121695,0.9960281888121695,13.81511848686,14.065453671568402,1.0181203791300455,1.0181203791300455,3.330139845929732,1.0918615364059694
7171,1.7068091713085642,1.7996016587769947,1.7996016587769947,0.3026205900865107,0.011081753297327978,0.010980376708567628,0.9908519359671367,0.9908519359671366,20.572193953603037,21.45797639322251,1.0430572666005968,1.0430572666005968,6.378884498414617,3.054065236441467
7174,1.7075232178172695,17.56984374209627,1.8105228610568527,0.24104742537556686,0.023663410954739242,0.02309529389580965,0.9759917511462645,0.9759917511462646,8.032520710392445,8.99100357472354,1.1193252901409907,1.1193252901409905,0.21206484032261366,0.10189749030902062
7177,1.708237264325975,2.1401345297478658,2.1401345297478658,0.11528127925688603,0.011443428727744027,0.010592371304347623,0.9256291585638964,0.9256291585638967,16.535713495439992,24.121994791572767,1.4587816121889643,1.4587816121889645,3.2734139138374587,1.7277820459004565
7180,1.7089513108346799,20.699776055931622,8.642201731470376,0.4089290602329727,0.020418428278756038,0.02251845109348171,1.1028493861552802,1.10284938615528,9.955934302502525,6.174107934660144,0.6201434990494282,0.6201434990494281,0.08512845465151846,0.07092865535545329
7182,1.7094273418404837,17.2902722859217,1.3170933905423916,0.2403896779228692,0.02472418211965491,0.023945851472891223,0.9685194582778559,0.9685194582778558,7.792105896649497,9.031632470653225,1.1590746571522736,1.1590746571522739,0.24465961176540665,0.09542979748677567
7183,1.7096653573433853,7.029553578432047,2.530313157480507,0.17304262373019927,0.016607004984477557,0.016009925630081648,0.9640465360879945,0.9640465360879942,10.591476149012466,12.615727212862677,1.1911207687550662,1.1911207687550662,0.5406031937220599,0.3103227947646756
7184,1.7099033728462871,1.878105106194645,5.059064181866989,0.4820413445238666,0.009762450469618753,0.010397911934383415,1.0650924137072195,1.0650924137072197,8.326681647730037,6.186026988032474,0.7429162359916649,0.7429162359916648,0.4693056575473882,0.3474536274735285
7186,1.7103794038520905,9.444205646573526,2.067399422064161,0.16624063236422396,0.018865072539307175,0.017973479653327656,0.9527384332012612,0.9527384332012613,8.084718707323976,10.179297882677748,1.2590787943501713,1.2590787943501711,0.29774642571225235,0.15426591824246258
7186,1.7103794038520905,13.65076745510095,1.8668630165453977,0.4937484926519517,0.021654425708666512,0.021884315986593038,1.0106163183923422,1.010616318392342,8.676000021794499,8.270519164701017,0.9532640783684998,0.9532640783684997,0.2869842864480582,0.1404000626083313
7188,1.7108554348578942,1.0,1.1832032893315532,0.12957810232615324,0.009727340465656518,0.008958734406266945,0.9209849740426765,0.9209849740426763,16.114846674296295,23.907324319035475,1.4835589070275446,1.4835589070275441,7.426009982438902,2.6752488185394583
7188,1.7108554348578942,8.755873486335714,1.062918111438211,0.3829066168058187,0.020403545878992138,0.020278701607592646,0.9938812463215997,0.9938812463215997,9.65438845128098,9.92592074875155,1.028125271615163,1.0281252716151632,0.6639956703351055,0.21988466634568773
7189,1.711093450360796,4.945490666766502,4.224102409659946,0.42143382155887243,0.013788506615425293,0.014474871481593272,1.0497780423443492,1.049778042344349,17.35867416023867,13.830276863933122,0.796735783866051,0.796735783866051,1.2405449715265338,0.870596881823401
7191,1.7115694813665994,10.486548000074553,2.172397066381335,0.12691367601453252,0.019394335697682258,0.01810696922464996,0.9336215226394092,0.9336215226394093,10.134431340861054,14.144859711465104,1.3957230786531047,1.3957230786531047,0.42187800216982996,0.22444313562155438
7192,1.7118074968695012,10.350404940710732,2.924944763709163,0.41164744163629263,0.01851587866580882,0.019011683329898672,1.0267772690153452,1.0267772690153452,8.66525808045095,7.6722943056765,0.8854086323159142,0.8854086323159143,0.251471387211221,0.1540383213466345
7192,1.7118074968695012,2.9848631555654968,1.738092294486822,0.4063146703137421,0.013186714006935076,0.013244530095600029,1.0043844196995966,1.0043844196995968,9.733935763062576,9.5426149391744,0.9803449674884663,0.9803449674884662,1.0421012946432606,0.4885974402045619
7193,1.7120455123724032,23.105728087009354,1.7281506206039765,0.16195672333358602,0.026108319766991385,0.024672353156689947,0.9449996543968745,0.9449996543968745,6.142028682903443,8.033440439977518,1.3079457708067836,1.3079457708067843,0.10641583275486001,0.04971968029855275
7193,1.7120455123724032,3.260350449939005,3.260350449939005,0.33382917057720257,0.012414094189781462,0.012702030696588434,1.023194322711357,1.023194322711357,17.756335345998654,15.958247930950597,0.8987354439972743,0.8987354439972741,2.1012731578367707,1.3453876750078304
7196,1.7127595588811082,5.907522605055641,2.5360442894499813,0.3595252487283452,0.015666738904280605,0.015884322696493963,1.0138882631250021,1.0138882631250021,11.802002830642337,11.076453556080468,0.938523207884845,0.9385232078848451,0.7525248082139566,0.43243355377413967
7202,1.7141876518985188,4.455932730222783,1.312046985843291,0.4340517766714986,0.01574343170696849,0.015744886621551785,1.000092414068951,1.0000924140689513,21.31132375295114,21.302439741705122,0.9995831318903976,0.9995831318903976,4.528931974230357,1.761639411898149
7203,1.7144256674014207,30.568410492749628,29.83157868937203,0.35325086495483304,0.020674502431768632,0.02484294775237765,1.201622521962306,1.201622521962306,13.429129900002932,4.977149491385969,0.3706233783161843,0.3706233783161843,0.03735213516700691,0.03535489534624325
7204,1.7146636829043225,6.506905965991946,4.534582904110196,0.363486098024431,0.014974191333686443,0.015700516910766574,1.0485051620414496,1.0485051620414496,11.626951122049073,9.300403122106852,0.7999004231186445,0.7999004231186444,0.43751652340655894,0.31386908492280374
7204,1.7146636829043225,14.011126599339947,1.2554442753040835,0.24104467914110736,0.023227556702673652,0.022485818743740452,0.968066466549716,0.968066466549716,9.909712748192769,11.50988024339577,1.161474659847716,1.1614746598477161,0.4677049957312416,0.17616281466444705
7204,1.7146636829043225,20.432816707007454,3.5737946736069675,0.3292918310005863,0.022609953412199946,0.023239296768457575,1.0278347922609183,1.0278347922609183,7.035063528658902,6.187267338552111,0.879489902734623,0.8794899027346232,0.09038670891893526,0.059913698310697164
7206,1.715139713910126,1.6569096265529852,1.955708418592578,0.3364474942948598,0.010647731227935622,0.01064454844278908,0.999701083256291,0.9997010832562911,22.340426407167982,22.37101177164053,1.0013690591179913,1.0013690591179911,7.528690844665814,3.78259918730555
7208,1.7156157449159295,8.110541079064268,1.478105920670872,0.10940869879002833,0.018864822919015343,0.01718988632108901,0.9112137651587479,0.9112137651587479,13.122281228032435,20.624199600012357,1.5716931562138732,1.5716931562138727,1.0746398672337993,0.4541916023994877
7213,1.7168058224304383,6.574360363165295,2.4490578614348104,0.21586717918399204,0.016315713369446646,0.015979908689935242,0.9794183268664033,0.9794183268664032,9.901128221787067,10.919320243406222,1.1028359595807133,1.1028359595807133,0.5056273636757669,0.28575566270288066
7214,1.7170438379333401,3.408218518159529,1.6779814518264446,0.2509139913916566,0.01385666001196954,0.013532193562993091,0.9765840795187173,0.9765840795187173,16.346961591220424,18.23873751855111,1.115726455755956,1.1157264557559563,2.750714913433599,1.262054861396998
7216,1.7175198689391438,1.149723371822881,1.038536747014987,0.22061336132131634,0.010410448329711174,0.009998438597816062,0.9604234401011101,0.96042344010111,13.079079563881182,15.768020911059134,1.2055910229802147,1.2055910229802147,4.773507352845333,1.55123097547987
7217,1.7177578844420456,10.612504505590783,2.099364807580336,0.48517178151060547,0.01956893652596212,0.0198585912088423,1.0148017590274205,1.0148017590274205,9.570065230343717,8.951735026727656,0.9353891338529724,0.9353891338529723,0.38201098975499825,0.19957273805332412
7219,1.718233915447849,11.682938822900898,1.4483952335698023,0.12321697387648971,0.02137290036616408,0.019660749592021964,0.9198915100520162,0.9198915100520161,11.671904114203961,17.455102086513545,1.4954802503279478,1.4954802503279476,0.6746800141989517,0.28125944452870066
7219,1.718233915447849,1.3223121925267591,2.0296932587355836,0.48076354160965895,0.009822495827989698,0.009954496135208109,1.0134385709630203,1.0134385709630205,14.425644818223558,13.57698776477141,0.9411702517186572,0.9411702517186572,3.559424821295562,1.8257139717767659
7220,1.7184719309507506,17.53916453704749,7.207619020966323,0.48700772779765633,0.01971617118229299,0.021532882312558538,1.0921432013076213,1.0921432013076215,16.69004371156085,10.922268749923077,0.6544182231444634,0.6544182231444633,0.31387436055405715,0.2527630361249342
7223,1.719185977459456,1.1467939598147963,4.796439521278181,0.29055328004022285,0.00833688748693747,0.008664085589413652,1.0392470334988744,1.0392470334988746,11.354035568616341,9.448777972690827,0.8321955586265881,0.8321955586265881,1.2673005135756577,0.924291694736883
7223,1.719185977459456,12.109956576818256,1.406327025022724,0.467070952703443,0.021730384588921178,0.02178966845155076,1.0027281552421214,1.0027281552421214,9.789512848032878,9.669933061411964,0.9877849093742246,0.9877849093742247,0.471487090166258,0.19261462630139237
7223,1.719185977459456,1.8969376223655567,1.8509113447383931,0.3791351433178941,0.011230588548300686,0.0112714884715646,1.0036418325796561,1.003641832579656,12.224315660442922,12.02369890461809,0.9835887127429133,0.9835887127429135,2.135472827608093,1.039514515995265
7230,1.7208520859797685,11.042827903791947,1.4527206102062806,0.13668777553916378,0.020965427510296692,0.01945392289298401,0.9279048988354595,0.9279048988354595,9.961241961445946,14.249764097258884,1.4305208278657682,1.4305208278657682,0.5093184152894664,0.21275482026112827
7231,1.72109010148267,4.648226669276265,4.286943421656544,0.11673828599728549,0.01348116463499695,0.012959242072933242,0.9612850539107873,0.9612850539107873,25.06574623901579,30.570214958681078,1.2196012305868384,1.2196012305868391,2.6637641266007437,1.8781671814613394
7232,1.7213281169855719,9.67818169365825,1.6446223031337892,0.13806868930388508,0.019682405558892124,0.018332290623757755,0.9314049834460192,0.9314049834460193,7.214346967052817,10.14104073845741,1.4056768803566702,1.4056768803566702,0.27054025654962055,0.12257524306147477
7232,1.7213281169855719,9.726803031137552,1.339755502682989,0.2636335216250141,0.020354866730304066,0.019848179482808693,0.9751073168786203,0.9751073168786202,7.9843926437092145,8.964722750529347,1.1227807988116065,1.1227807988116068,0.37330507741769375,0.1473971265290696
7234,1.7218041479913755,1.1650655267117613,1.2089020749735857,0.1468811247014995,0.01020004261292096,0.009493985315913812,0.9307789855590657,0.9307789855590658,14.637638086266326,20.582699489156933,1.4061489543499865,1.406148954349987,5.469269566237866,2.002720894734656
7237,1.7225181945000807,12.508610205466795,5.821335175041315,0.34354690484567885,0.018058702120327792,0.019204711650348913,1.0634602377504812,1.0634602377504814,9.45781198149574,7.044297982611036,0.7448126476179949,0.7448126476179951,0.15192757526059958,0.11665194009185817
7237,1.7225181945000807,16.095859666687808,1.5709743176683368,0.2640835632894614,0.02348403551062463,0.02297633434449424,0.9783810084131113,0.9783810084131113,5.092461165614168,5.631571377018728,1.1058643736048093,1.105864373604809,0.09878225716088712,0.04346414994926889
7238,1.7227562100029825,13.414173184068474,2.5427030324830175,0.34281215473981885,0.02058436883987863,0.020822918968350878,1.011588896911432,1.0115888969114322,11.67806451026942,11.074167147207628,0.9482878894417188,0.9482878894417187,0.42569158815969743,0.2449231793006316
7238,1.7227562100029825,19.385246735295173,17.499520370333176,0.12602969425135788,0.01860508768522112,0.019941984031345762,1.0718564926295189,1.0718564926295189,14.416499136852744,9.822626587849594,0.6813461780565101,0.6813461780565101,0.09719463204744976,0.08859687590282653
7239,1.722994225505884,6.956394473243374,1.5653865821657778,0.28066896048575896,0.017765114568915538,0.017450719121412904,0.9823026501583757,0.9823026501583757,9.351091902214035,10.149828786286381,1.0854164296987854,1.0854164296987854,0.5839554475559908,0.2563466782551758
7240,1.7232322410087861,6.407066460478609,1.0559757905848233,0.23098782077756772,0.018406108416012278,0.0177390059659622,0.963756464160032,0.963756464160032,10.863027483909049,12.882457336944402,1.185899359642296,1.185899359642296,1.0387434327573157,0.3421644611727209
7241,1.723470256511688,1.9105665821924425,1.0055937060612037,0.40991470079883097,0.012397015827499226,0.012351764848795022,0.9963498490819195,0.9963498490819195,11.096834384141678,11.281407196273912,1.0166329248272827,1.0166329248272827,2.489494375920482,0.7877899996835579
7242,1.7237082720145895,19.103983226463143,2.3378307169625816,0.17868429002256553,0.02343732726936,0.02257229368153716,0.963091628244074,0.9630916282440741,11.817648010724785,14.131069201096224,1.195759865945572,1.1957598659455722,0.36552116153487574,0.20191121758565878
7244,1.724184303020393,22.40192322959548,2.7317508726301525,0.2721666037939947,0.02417788417244145,0.024203255946991582,1.0010493794398705,1.0010493794398705,4.43216382981737,4.410525129490147,0.9951178022387963,0.9951178022387963,0.041354818061650714,0.024588961874116144
7244,1.724184303020393,3.0980777372969666,1.075177000214374,0.22674780986592402,0.014403978598690664,0.01386378099039369,0.9624966390642875,0.9624966390642876,23.309234802005076,27.815106315763103,1.1933084269832157,1.1933084269832157,7.691363983904426,2.570660540759026
7246,1.7246603340261968,17.91027826590914,57.279689069406054,0.29571372278956476,0.016475576175736393,0.020472445583691483,1.2425936043342318,1.2425936043342316,22.386933764991973,6.370409665116244,0.2845592760486969,0.28455927604869685,0.07842739630644412,0.07619740365218937
7247,1.7248983495290984,17.315645043193637,3.2132779081799034,0.38357305880041026,0.021701463426412028,0.022336472924841956,1.029261137184743,1.029261137184743,8.441499669710574,7.385991305504667,0.8749619847770371,0.8749619847770371,0.15775774020876537,0.10043173837818618
7250,1.7256123960378036,13.995618766400568,3.125189983502959,0.49276710824336645,0.0202909977934565,0.020981334824942598,1.0340218375908907,1.0340218375908905,2.6138923265649203,2.2405641950555943,0.8571753978864386,0.8571753978864385,0.017804674862732767,0.011209549587707196
7250,1.7256123960378036,22.273518971194406,4.817261106670939,0.23337451102249945,0.02239778676685498,0.022934309575467056,1.023954277902406,1.023954277902406,10.089179171066288,8.999513497751545,0.8919965980543113,0.8919965980543113,0.13799538776523693,0.10077062525736571
7250,1.7256123960378036,5.035491690680031,1.8037896564850127,0.3191923336869784,0.015610321547954602,0.015517858792986693,0.9940768193221475,0.9940768193221473,9.036017324817896,9.285090199536482,1.0275644529846677,1.027564452984668,0.6188396165608294,0.29669635662969907
7252,1.7260884270436072,20.620085496660558,2.2651090508629204,0.3118249990626137,0.024151006234068573,0.02417706049539467,1.0010788064511094,1.0010788064511094,4.7258675680263345,4.702442602798285,0.9950432455224655,0.9950432455224653,0.05678963965136004,0.0308736626220638
7258,1.7275165200610179,12.834180237148322,1.384707891562027,0.36656928990949367,0.02220931032692507,0.0220932514592245,0.9947743146458777,0.994774314645878,4.386980538349948,4.492437107662134,1.0240385313748965,1.0240385313748963,0.09191396210864543,0.037146661205668854
7259,1.7277545355639197,8.708805441867446,4.441898610314579,0.37231455524568324,0.01654498654651271,0.017343319053714685,1.048252230665624,1.0482522306656237,16.481495921556203,13.203968070674998,0.8011389338394632,0.8011389338394633,0.7362089620190574,0.5248454362686901
7260,1.7279925510668213,9.62187130591565,3.333110079656089,0.45847498288864913,0.017753993427679568,0.018410237596132677,1.0369631864023328,1.0369631864023328,13.914365093262678,11.765798784664085,0.8455864644777126,0.8455864644777122,0.6166206353434782,0.398200021471189
7261,1.728230566569723,5.734892110233305,2.950773995448724,0.2286541087495793,0.01518950675336629,0.015078314283995344,0.9926796523958026,0.9926796523958025,19.36561109361102,20.049470293261656,1.0353130710074134,1.0353130710074132,1.8496692398914427,1.1372353280119847
7261,1.728230566569723,1.481939521309503,1.2750377164467113,0.330144849973831,0.010957521434803441,0.010828263795363642,0.9882037520794393,0.9882037520794394,9.384391012873678,9.904585286673871,1.0554318626628603,1.0554318626628607,1.8592335697949238,0.7083121151537257
7265,1.7291826285813303,14.000523365194333,2.0668841598631706,0.433754073918747,0.021511331543256754,0.021776012847155402,1.012304273371753,1.0123042733717529,8.27298897172628,7.825260659177298,0.9458807071931153,0.9458807071931151,0.2398439058738238,0.12424911258239509
7267,1.7296586595871337,5.328756289063772,1.7994103265062742,0.2857139890561302,0.01591348308998951,0.01571084047950242,0.987265980091149,0.9872659800911491,12.992563471845559,13.781343776981558,1.0607101367520935,1.0607101367520932,1.2339661471609926,0.5907576111549644
7269,1.7301346905929373,18.205375730114206,2.246975890891063,0.12636812924741858,0.023195745326453784,0.02167820894936401,0.9345769512584238,0.9345769512584238,7.15898103132588,9.946913503578033,1.3894314651837838,1.3894314651837836,0.1423926629233371,0.07709387223633446
7274,1.731324768107446,11.763338561356457,4.966344957169941,0.2068706762781293,0.01803640623727162,0.018339118825047795,1.0167834203662274,1.0167834203662276,8.698279799132253,8.020879364407099,0.9221224827933527,0.9221224827933531,0.15306245454385492,0.11274125829397746
7276,1.7318007991132496,14.60610038870229,5.66654399666781,0.11565414803822441,0.01907770912803699,0.018670941172606963,0.9786783647501873,0.9786783647501873,13.984517862603289,15.61400098784929,1.1165205079828662,1.1165205079828662,0.30650347948248113,0.2337749295828195
7276,1.7318007991132496,11.208463481251309,3.371539305744732,0.4890640856987644,0.018652062431738187,0.019367979938315363,1.0383827530707261,1.0383827530707264,3.4798258716954567,2.923958048881227,0.8402598741116327,0.8402598741116325,0.034528729650595856,0.022395993509045732
7278,1.7322768301190532,7.425379804692057,1.1087566084105547,0.36864824307338445,0.01917922881400913,0.019033876512887443,0.9924213688396315,0.9924213688396314,9.06973483938669,9.387381406564433,1.035022696120984,1.035022696120984,0.639854103089983,0.21916131644161613
7282,1.7332288921306602,2.498353411275175,1.5469168313642903,0.41546933759267335,0.01265087239598884,0.012676351225623175,1.002013997836419,1.002013997836419,19.295601949769843,19.120705515266337,0.9909359430735152,0.9909359430735151,4.956746035096242,2.159154253727419
7283,1.733466907633562,5.273498770895499,1.4134550318164216,0.250755707956815,0.01645790241290126,0.016007305126833318,0.9726212202039356,0.9726212202039356,12.502604884775486,14.209053778506819,1.1364874687681514,1.1364874687681514,1.3346270389122732,0.5471392793226422
7286,1.7341809541422673,2.5827272150576457,3.0825812817055955,0.32481680137073016,0.01157374262723352,0.01178775851615567,1.018491502344156,1.018491502344156,13.527232566315845,12.422280429444708,0.9183164678026917,0.9183164678026918,1.4864879657276606,0.930666809225103
7287,1.734418969645169,62.40167255142612,9.249467334286242,0.13705553540100382,0.029279883500839543,0.03011955898895477,1.028677555636147,1.0286775556361472,9.434471914277635,8.140197610041223,0.8628143349202487,0.8628143349202486,0.03446146688227269,0.029041974413806092
7291,1.735371031656776,59.67104591207466,6.69242247578042,0.26570178556643437,0.02990654264577667,0.031622468442196655,1.0573762676864389,1.057376267686439,6.202381535910237,4.722299764227474,0.7613687963061511,0.7613687963061511,0.02044601828218326,0.01621097414183246
7292,1.735609047159678,50.36349973667989,22.398478456403843,0.17575198573212072,0.02501510768320528,0.028061042840247068,1.121763823510813,1.1217638235108127,16.556883918789367,8.798753892050494,0.531425716047048,0.531425716047048,0.053631878225773456,0.04986637976306908
7293,1.7358470626625797,9.246667514570648,1.3009698397672633,0.17190638938455827,0.02010795831178184,0.018974916263085544,0.9436520589943529,0.9436520589943531,10.793192113561174,14.180347353782702,1.31382330682002,1.3138233068200196,0.7174573309353355,0.2773681446291211
7294,1.7360850781654815,5.0632994746633715,1.5824274775195464,0.17169354267982595,0.015953644512901793,0.015111452539720786,0.9472100577081355,0.9472100577081355,3.914624578999692,5.056516024096908,1.2916988390720738,1.2916988390720736,0.12563974415865972,0.055541786634358964
7296,1.736561109171285,15.196336748101992,1.1220973472110365,0.18190402681501353,0.024302703625956282,0.023001725735304457,0.9464677712128157,0.9464677712128154,7.921107307984694,10.249733605050864,1.2939773704010866,1.2939773704010868,0.30086931828122443,0.10402872857303702
7298,1.7370371401770885,9.01091873487791,3.9016526610281854,0.2947820920637444,0.017013741137445075,0.017464857413042694,1.0265148195187224,1.0265148195187226,10.132846542490189,8.955730582394567,0.8838316602191095,0.8838316602191093,0.30199867161319904,0.2064659717417714
7307,1.7391792797032044,23.511369709225473,9.225756087114583,0.22968967703472148,0.021153545994407996,0.022667204395513715,1.071555776109871,1.0715557761098713,13.979174289845625,9.871507435272937,0.706158119971616,0.706158119971616,0.14537163431311553,0.1224589612870948
7307,1.7391792797032044,43.36535547937901,12.995075654224461,0.35474547762422654,0.025038253100324866,0.028305857697437615,1.1305044958216495,1.1305044958216495,7.409893568095791,3.989350211952378,0.5383815806922,0.5383815806921999,0.019843461485247068,0.017537056536431436
7308,1.739417295206106,20.074147436020095,1.2116603398355996,0.2804816254391077,0.026335274880891504,0.025752182957338186,0.9778589011813809,0.977858901181381,6.472422415747836,7.170768750784141,1.1078956672137439,1.1078956672137439,0.16009873005175912,0.05872531090903943
7309,1.7396553107090078,9.477141903004899,1.583304750156718,0.20847865739061416,0.01965942364380073,0.018908868386367274,0.961822112843571,0.9618221128435712,8.77433816925547,10.521044745647647,1.1990698948112675,1.1990698948112668,0.41546284320183524,0.1837300990535311
7311,1.7401313417148114,7.983371400593351,2.009721718732923,0.2519784162751457,0.01791175901920397,0.01759979893873603,0.982583503935405,0.9825835039354048,9.335219895112946,10.128087330232152,1.0849329147066238,1.084932914706624,0.4525458189549352,0.23085814211065633
7312,1.7403693572177132,1.1316556373578448,1.1091065406267262,0.4405481330464134,0.010244102125933019,0.01023096987400791,0.9987180670630115,0.9987180670630115,20.256444719314903,20.373858780219557,1.0057963804868826,1.0057963804868826,11.18447879630949,3.831836739048175
7315,1.7410834037264185,48.35870163769931,1.8342481771431125,0.3181965869387573,0.03309770274174134,0.032913260212344315,0.994427331381993,0.9944273313819926,4.550574525592946,4.6685289838680815,1.0259207837629614,1.0259207837629618,0.03436440657560412,0.016639587236392743
7318,1.741797450235124,63.18555631927425,29.826436422074952,0.345980806038345,0.026336383454318064,0.03161268709546233,1.2003427558797628,1.2003427558797628,17.58960127245355,6.55106798194877,0.372439822851935,0.3724398228519349,0.03949791232947391,0.03738558816203733
7319,1.7420354657380255,42.710067919878064,4.775725786824015,0.3657382406091001,0.027856008513194492,0.029315546115664948,1.0523957910832458,1.0523957910832458,6.480941722305709,5.091336383035561,0.7855858918639108,0.7855858918639108,0.03715753040236899,0.02706667255754512
7320,1.7422734812409273,23.776609711182694,1.2585837260878343,0.19400965273738466,0.027694185455778373,0.02637431025726817,0.9523410717163804,0.9523410717163802,3.5117182410171592,4.4111104819392075,1.2561117319769772,1.256111731976977,0.04122562007500759,0.015556446226392335
7322,1.742749512246731,6.844299106203713,4.004869156437884,0.19949051219924502,0.015471129706337731,0.015469232642502405,0.9998773803935889,0.9998773803935889,13.904459092460565,13.912692038307725,1.0005921083152112,1.0005921083152112,0.6690011009502937,0.4614091174384967
7326,1.743701574258338,10.277300673104,12.004787783685977,0.16397902407952622,0.015618482579598096,0.01662859085967834,1.0646739063754962,1.064673906375496,10.445179855994503,7.516006737166485,0.7195670003569195,0.7195670003569195,0.11080003152520244,0.09696728736522159
7329,1.7444156207670432,22.593929752065105,44.68675403968522,0.1873005668265714,0.01811843710831436,0.021436026954946903,1.183105740677276,1.183105740677276,14.341989051731819,5.378658409798363,0.37502876277463626,0.3750287627746362,0.035169373940230224,0.03389576819703761
7329,1.7444156207670432,32.76166563721005,11.206370201788088,0.2571250983483397,0.023148381205755072,0.025376235811043032,1.0962423499719314,1.0962423499719314,8.402774323823163,5.272766831396963,0.6275030874562291,0.6275030874562293,0.035270549823792297,0.03058742679839277
7332,1.7451296672757484,9.307756624981026,1.5718484252196043,0.47654118051441197,0.019563464796339164,0.01966875728789874,1.0053820983479,1.0053820983479,10.738792355423515,10.481511830971481,0.976041949975679,0.9760419499756788,0.6326539026426354,0.27846782087706673
7338,1.746557760293159,8.278036747721485,2.9946415064275027,0.1511987863047499,0.017131737047718566,0.016473672956036044,0.9615880111952713,0.9615880111952714,18.36495328085179,22.207889559615914,1.209253800975958,1.2092538009759577,1.2880942128407404,0.7968795432305251
7339,1.746795775796061,4.326556302373418,2.3698792441587067,0.2977912932984049,0.014258320170334526,0.014261446790140932,1.0002192838826072,1.0002192838826074,5.26128291288758,5.255951179986354,0.998986609731979,0.9989866097319787,0.1931396393919354,0.10741325578899233
7339,1.746795775796061,3.012590430599231,1.7750896750793332,0.17475819702004772,0.01318539922592056,0.012547105125566152,0.951590840033147,0.951590840033147,9.701901586834337,12.265368621693451,1.2642231537720179,1.264223153772018,1.0151744145137847,0.48207298078722266
7341,1.7472718068018644,26.50960346263343,15.877956432600506,0.470069775019999,0.02084024436845073,0.02414309752328122,1.158484377459151,1.1584843774591511,19.336603291152517,9.146756545635085,0.47302809122738704,0.47302809122738704,0.15556159082606927,0.14050559438582963
7343,1.7477478378076678,3.7718798587533073,2.905436930751649,0.3635287068962211,0.013237624656546433,0.013519096381489501,1.0212630084509815,1.0212630084509815,17.914519678745894,16.25483254989625,0.9073551979839724,0.907355197983972,2.1172208270891466,1.2932104254849925
7344,1.7479858533105697,4.87373089153532,2.7515955299639874,0.24998703882676715,0.014526925273338225,0.014462258058155954,0.9955484581929421,0.9955484581929422,19.786517693489937,20.204705528080392,1.0211349890399384,1.0211349890399384,2.2664477547628583,1.351948105521664
7345,1.7482238688134715,34.39013275272497,12.232434361006483,0.2508441024090408,0.023316619236491618,0.025686046592898304,1.1016196787525019,1.1016196787525019,13.684883339556613,8.343912658164069,0.6097174854275673,0.6097174854275675,0.08355079102498592,0.07329468376685205
7345,1.7482238688134715,18.772980317713476,1.2571469534193769,0.15471996104342495,0.025601331069870496,0.023941884187422647,0.9351812264011223,0.9351812264011223,9.571572708023808,13.147494894704078,1.3735981845159666,1.3735981845159668,0.3587417898499344,0.13525676339789336
7348,1.7489379153221767,56.36073512824455,8.231458415676233,0.42908560301867615,0.028664752226494075,0.031545274279447456,1.1004900384344154,1.1004900384344154,11.659421722105199,7.321290148727215,0.6279290965903324,0.6279290965903322,0.06254077929849033,0.05166233999787343
7348,1.7489379153221767,9.331782359934296,2.894772836197019,0.17785677856161763,0.017912865471072875,0.017422088855858733,0.9726020040731793,0.9726020040731792,14.629670827732186,16.712857694022347,1.1423946506261267,1.1423946506261269,0.7740005318867885,0.47202157853000065
7349,1.7491759308250785,36.08620177918082,3.9328660651986582,0.4779681966893417,0.02699040856314474,0.028279605416083674,1.0477649995524456,1.0477649995524456,8.28191094120681,6.6655782229523295,0.8048357764616394,0.8048357764616394,0.07949351295396266,0.05449392348159195
7349,1.7491759308250785,2.145968351415599,4.14064673079156,0.21896142527050666,0.010465537193749114,0.010561220450160185,1.0091426989976415,1.0091426989976415,17.337850089062705,16.595545246745743,0.957185877227925,0.9571858772279249,2.1942589018389156,1.5300486306076257
7350,1.7494139463279803,5.214988560101734,2.215684339161578,0.24466263893596685,0.015321678585340632,0.015080352874668345,0.984249394782163,0.984249394782163,22.612930209030772,24.34910848431973,1.076778120271896,1.076778120271896,3.3011762931224222,1.7744326230630103
7352,1.749889977333784,1.1319751244843783,1.7605905523396366,0.2059674536230643,0.009526418703585438,0.009181036332994063,0.9637447837075034,0.9637447837075036,16.023878987201527,19.044798881549493,1.1885261300812875,1.1885261300812873,5.346128710251772,2.5261939641879434
7354,1.7503660083395873,1.8140456958195585,1.446694463570054,0.47621274832198,0.011489698783534504,0.011530046528132635,1.0035116451143133,1.0035116451143133,12.50529918004271,12.309057094531957,0.9843072858405548,0.9843072858405548,2.6827094258602178,1.1174688749945005
7361,1.7520321168598996,10.322377212860994,5.220692774803151,0.1390707791507678,0.017162288080857364,0.01695936057587599,0.9881759644153907,0.9881759644153909,11.259151905807943,11.951690157253315,1.0615089180107902,1.0615089180107897,0.2683593948497646,0.2003852619656
7362,1.7522701323628014,23.628072914020912,2.9639171307972965,0.4529395888764683,0.024335886906071538,0.025068201277380905,1.030091953259639,1.0300919532596389,8.608095218333276,7.510653726580874,0.87251053062063,0.8725105306206302,0.14173204058784067,0.08730461276847029
7363,1.7525081478657034,27.12152598173129,3.7370934747031543,0.3078864296935876,0.024702947396301397,0.02535932879931941,1.026570975215544,1.026570975215544,9.848963543376302,8.706860769356757,0.8840382778360836,0.8840382778360836,0.1416197123384546,0.09538799459881915
7363,1.7525081478657034,14.312882092858795,2.7491979881020763,0.3748340739542201,0.020805657346230487,0.021217879303849604,1.0198129744597473,1.0198129744597473,10.0397554980744,9.172138174863827,0.9135818274282694,0.9135818274282692,0.28472166756853345,0.16977220479576474
7364,1.752746163368605,23.794110795925395,5.5077318568322156,0.13607985065815367,0.022524468787475358,0.022300107009017106,0.9900391977908484,0.9900391977908483,8.077153931166315,8.495352231755616,1.0517754526103125,1.0517754526103127,0.07565508082785355,0.057289715257939945
7367,1.7534602098773102,21.633676972048722,5.566116673202735,0.13410970912869438,0.021793329329133596,0.021565972533327392,0.9895675969296591,0.9895675969296592,12.123855761152319,12.783411610725327,1.0544014926081833,1.0544014926081833,0.18000450846103333,0.1366751521910644
7371,1.7544122718889175,17.287098223196985,1.6325417977163048,0.3202294455766969,0.023908047386821733,0.023702287135896116,0.9913936823197435,0.9913936823197436,5.915181632546817,6.153371816787676,1.0402676027613889,1.0402676027613889,0.12411097226306178,0.05597042023560479
7374,1.7551263183976227,10.584800146958255,1.129318259315618,0.3159693165705261,0.021520252749178136,0.02118738609216611,0.9845324002049772,0.9845324002049773,5.279082350766069,5.667164076206889,1.0735131031597762,1.0735131031597762,0.1694930405343896,0.05889948401808049
7374,1.7551263183976227,5.716890175023708,5.716890175023708,0.10838423265877173,0.013940393224407845,0.013577940948085593,0.9739998527668757,0.9739998527668756,18.535034747590156,21.224289371315194,1.1450903470291407,1.1450903470291405,0.9987175441455542,0.7634173317454616
7380,1.7565544114150333,36.49112477943483,1.925714213717027,0.30408038875200083,0.029914527424875877,0.02971588967272483,0.9933598231611753,0.9933598231611751,7.380513820161105,7.609863567471895,1.0310750379850633,1.0310750379850633,0.10565267017813483,0.05261953849822007
7382,1.757030442420837,38.5821469550518,2.912698796884144,0.3074370187177426,0.02872570596396711,0.02907532421886698,1.0121709195011055,1.0121709195011055,5.619982489094519,5.312496008590512,0.9452869326371248,0.9452869326371249,0.0441367073245513,0.02698765793747309
7383,1.7572684579237385,35.89438405616766,4.906005046372472,0.3886306789229875,0.02620012834413253,0.027695416927826934,1.0570718037734066,1.0570718037734066,8.754816896449665,6.735919486809814,0.7693958156385232,0.7693958156385233,0.07445833739038192,0.05465588898995991
7384,1.7575064734266403,26.417758769458384,1.195491436582909,0.25122253385710647,0.028922324588585846,0.028066207864156784,0.9703994496774673,0.9703994496774674,7.590876309773863,8.716210763371409,1.148248292775972,1.1482482927759716,0.18472206954935333,0.06707231903295678
7387,1.7582205199353458,36.32737476523781,2.661040843015403,0.3979214060733698,0.028509427115890898,0.029098534380193514,1.020663595305086,1.020663595305086,6.122285753477695,5.5732631285275405,0.9103239138032247,0.9103239138032249,0.05827254138762625,0.03424066860300298
7394,1.759886628455658,3.42252674976578,1.411942963792228,0.3414842770838522,0.014251595948080883,0.014132458264691988,0.9916403970598858,0.9916403970598857,17.872085322549133,18.567282348985902,1.0388984840823048,1.0388984840823046,3.6404036462099176,1.4913047704905515
7396,1.7603626594614614,16.793043373704137,15.114440747430455,0.4149220766149706,0.017982664542862917,0.02069630717180681,1.1509032558815597,1.1509032558815595,11.488091349812139,5.625207622005307,0.4896555442255684,0.4896555442255683,0.07796953301199636,0.07007337047717115
7397,1.7606006749643632,5.98888518755052,2.99970497728509,0.26161873411021586,0.015375908524445373,0.015424754211329626,1.003176767526068,1.003176767526068,14.714795919086127,14.497422707141581,0.9852275754866163,0.9852275754866163,1.0248191211648663,0.6344511593600887
7399,1.7610767059701669,16.858375673505932,2.859167878459376,0.24101015729296327,0.021853537821292734,0.021741602545393438,0.994877933412217,0.994877933412217,8.343496125924727,8.547489388601655,1.024449374650404,1.0244493746504042,0.17128631432915983,0.10390408903402372
7399,1.7610767059701669,12.18820751098583,1.1635192240363013,0.1282853027936823,0.02244688199761788,0.020652964413529585,0.9200816583666868,0.9200816583666866,4.293250431033231,6.4008346643224305,1.4909064279257476,1.4909064279257476,0.1004266886331262,0.03571663077062255
7400,1.7613147214730687,30.088481695904807,1.5129198564790376,0.18973325873779007,0.02909805738789757,0.027752789328425904,0.9537677707642714,0.9537677707642717,5.602163170812624,6.993576632603239,1.2483707488278646,1.2483707488278646,0.08059907139688613,0.03459862552688468
7401,1.7615527369759703,40.494030099679605,6.421540114267171,0.4809555026135254,0.02640735899745041,0.02859797166218242,1.0829546288571876,1.0829546288571876,9.577944058535385,6.545504297182536,0.6833934565894139,0.683393456589414,0.06544159900769884,0.05141570993693994
7402,1.761790752478872,24.29128178461444,6.3493646087553826,0.3089174921005999,0.022300668131988624,0.02372016119546136,1.063652490368061,1.063652490368061,11.959180856464073,8.874227803483459,0.7420431139886005,0.7420431139886005,0.14484943402681738,0.11351439130750744
7402,1.761790752478872,9.4821419897723,4.538812187384321,0.2083161575908425,0.01697474258388083,0.017166049074762185,1.0112700672741288,1.0112700672741288,13.05038845556674,12.360628023814582,0.9471463677804981,0.9471463677804983,0.4285057159739576,0.3074911175008919
7402,1.761790752478872,22.5087168801001,1.3033019105834063,0.4480720530447944,0.027041609781262098,0.02706154822121172,1.000737324445952,1.000737324445952,6.362889573703649,6.341776220342785,0.9966817979290227,0.9966817979290221,0.13765376544616575,0.053285826034430724
7407,1.762980829993381,19.756108529455773,6.733471329734898,0.2557183883309403,0.020674678959786336,0.021812758918777223,1.055047043835821,1.055047043835821,14.841823777773293,11.415177648646031,0.7691223005720556,0.7691223005720557,0.2433304595753739,0.193183798938293
7407,1.762980829993381,1.997375957250672,1.135577620982025,0.48797684928516816,0.012332410318415143,0.012337150906193405,1.0003844007502072,1.0003844007502072,14.699642895984306,14.674233577536372,0.9982714329437978,0.9982714329437978,3.9828047145570844,1.390031960535778
7411,1.7639328920049882,2.0,1.0275899706952998,0.44962469880245814,0.012542318459609169,0.012528376832000067,0.9988884329756098,0.9988884329756099,16.04129076782236,16.121838157290508,1.0050212536281506,1.0050212536281506,4.991248286075418,1.607960508581776
7417,1.7653609850223986,19.431210623394904,1.1506035301112323,0.24551673681932562,0.026270259800324998,0.025442423105897734,0.9684876852867278,0.9684876852867276,5.79098483332882,6.711035984817494,1.1588764567631933,1.1588764567631933,0.13469204435034635,0.04749167906640698
7418,1.7655990005253004,3.850019064787137,1.324216336974892,0.45924524488020446,0.014972809694903319,0.014994384978203957,1.001440964237192,1.001440964237192,9.279868536662102,9.219815649170306,0.993528692000911,0.9935286920009108,0.941663770211519,0.3687226770310347
7420,1.7660750315311038,27.402117340394625,3.6886293173079436,0.494688533986373,0.02483020245341759,0.025920272206276018,1.043900961134064,1.0439009611340642,8.18245168392402,6.7038541783961385,0.8192965186176575,0.8192965186176574,0.09808342048183191,0.06575984701592683
7423,1.7667890780398092,17.600465721554848,5.671513933788598,0.2648046126484306,0.020299121707053766,0.021207887678621883,1.0447687335778832,1.0447687335778832,6.858780301394768,5.548911987725601,0.8090231417089131,0.8090231417089131,0.06506048504103033,0.04963350822828307
7424,1.767027093542711,17.82396955191352,4.877795586556569,0.393918509283142,0.020762143653970635,0.02195028635341667,1.0572263981623502,1.0572263981623504,10.418497320879125,8.011866418137657,0.7690040292165288,0.7690040292165289,0.16896240636261578,0.12382412927710156
7425,1.7672651090456126,9.160784410606546,1.0827569030382709,0.1590032761123233,0.02065033933252669,0.019330267616767077,0.9360750593729786,0.9360750593729784,9.56327436998722,13.065719356484667,1.366239098764049,1.3662390987640491,0.6261574578245441,0.21046062480225736
7425,1.7672651090456126,21.95527896580564,1.686602053841888,0.37938999181698047,0.02576263222954552,0.025784177555552755,1.0008363014235218,1.0008363014235215,7.749142978485295,7.719769293238001,0.9962094278904329,0.9962094278904329,0.1779680531147573,0.0819138842697361
7426,1.7675031245485144,13.268308093467224,4.735536526751016,0.43910625690219784,0.01888586406702258,0.019996002453104487,1.0587814453255737,1.0587814453255735,14.833531900573806,11.340442606843768,0.7645139864771575,0.7645139864771576,0.4273352731556005,0.31052314546130494
7427,1.7677411400514165,21.704433358995544,2.4988258672232275,0.4431611231509728,0.024225145376541316,0.024732872423167837,1.0209586790392673,1.0209586790392673,6.48722817033166,5.900098193843033,0.9094944772909676,0.9094944772909676,0.0965075002767413,0.055070265971378964
7427,1.7677411400514165,1.8329793505371828,2.739895916227032,0.1731340919344315,0.010492106685696358,0.010154219349359157,0.9677960445448163,0.9677960445448163,22.225560933384834,25.99868652551526,1.1697651457904419,1.1697651457904419,5.505603281059711,3.2779009772673766
7427,1.7677411400514165,30.09125039728875,3.3384066185432983,0.43954727222200074,0.025957575533436465,0.026896179347483735,1.0361591479465497,1.0361591479465497,10.579522903086163,8.97703993601642,0.8485297511287317,0.8485297511287317,0.16648397604176088,0.10757732407035432
7429,1.7682171710572199,7.056511147954692,1.2871078302755308,0.4930182915755466,0.018406801677100716,0.018438878622878144,1.001742668082165,1.0017426680821653,12.66765038658481,12.56866736923389,0.992186158101131,0.9921861581011306,1.1906281848248643,0.4567269567384164
7429,1.7682171710572199,17.23045917394358,1.0181986444168907,0.43248300977227117,0.025751082677443755,0.02569878661559247,0.9979691703643555,0.9979691703643557,6.649149419695361,6.710339300631816,1.009202662938391,1.009202662938391,0.20500654400980292,0.06554638305241711
7430,1.7684551865601215,5.484096508683198,2.455853306248882,0.4207418963653745,0.015352736559902536,0.015640487762463566,1.018742665285651,1.0187426652856508,13.58235773573605,12.476050883414814,0.9185482466412682,0.9185482466412684,1.0716566288172937,0.6064581808825038
7433,1.769169233068827,13.467793294509626,1.5103612243606417,0.1525903288107821,0.022264356349824016,0.020864779119671138,0.9371382128383899,0.9371382128383902,7.080264451608133,9.6392548413868,1.3614258206411267,1.3614258206411272,0.2202397957311549,0.09443583205373171
7434,1.7694072485717287,14.770571438864891,2.3235031552797083,0.15210041412516315,0.02153022167219025,0.02046124702163159,0.9503500397332456,0.9503500397332458,5.359750138748995,6.845145315933299,1.2771388849725382,1.2771388849725385,0.08963799728133419,0.049363289955078125
7434,1.7694072485717287,3.415693094278637,1.9968829644756068,0.4186564412903925,0.01350971376138382,0.013644685795552653,1.0099907397412546,1.0099907397412546,15.399282660320193,14.7184369747216,0.9557871817397736,0.9557871817397736,2.178090834351432,1.1071693019384663
7439,1.7705973260862375,6.181939817132245,1.9039303039411428,0.15990704989878501,0.016580437176883466,0.01570043336427545,0.9469251743352749,0.9469251743352748,8.626123520475549,11.182979566751499,1.29640846670081,1.2964084667008104,0.4749260499507469,0.23499976110135704
7440,1.7708353415891394,21.916451720013864,1.4788892604944779,0.3429303565623661,0.026273848045281482,0.026084289220752684,0.992785266010441,0.992785266010441,6.206404465050253,6.414194265303231,1.0334798999038965,1.0334798999038965,0.12387211274154097,0.05237263524416191
7442,1.7713113725949428,4.074548822490334,2.2435424074022126,0.1004897724335114,0.014086317787669698,0.012915088487769837,0.9168534092759796,0.9168534092759795,17.306095856464708,26.581695681747153,1.5359729832894422,1.5359729832894427,2.2597286690621203,1.2224960551900148
7445,1.7720254191036482,17.914081655260002,1.0422159238765285,0.2790116905381513,0.02598656512084942,0.025377681229150156,0.9765692815165192,0.9765692815165193,6.341772555760364,7.068260459726358,1.1145559695776397,1.1145559695776397,0.1795783527310949,0.05852580470661075
7446,1.7722634346065498,19.38238048089377,19.714966950626778,0.4934812833314212,0.018402642513584304,0.021674390854164494,1.1777868769751452,1.1777868769751452,14.98287860141812,6.423562453581028,0.4287268571323165,0.4287268571323165,0.09376315601574141,0.0863412963044904
7451,1.7734535121210588,34.453614307713195,22.851107917945065,0.2531405792040208,0.02200318057285541,0.025413723199168195,1.1550022559247757,1.1550022559247757,10.854762369980667,5.0033983057739,0.4609403813031433,0.46094038130314324,0.029127703276563156,0.027120899016251466
7451,1.7734535121210588,15.221320387356444,1.5145594876354578,0.496353347149867,0.02318150816881396,0.02329146127921814,1.0047431387812853,1.004743138781285,9.800065648691566,9.592941258580673,0.9788649997320633,0.9788649997320633,0.38823246932891914,0.16677561731142085
7454,1.7741675586297638,26.858079022692195,1.0612268296081666,0.33889238372354297,0.029653656069079694,0.029300457382454445,0.9880892027005893,0.9880892027005894,5.493526192628255,5.800461370100727,1.0558721605595234,1.0558721605595234,0.10191951092847631,0.03370761733754546
7457,1.7748816051384693,17.6788626404122,5.932331942976629,0.3189591526264122,0.020220568068989572,0.021444489751575285,1.0605285508502964,1.0605285508502964,6.848124161477027,5.162390857562496,0.7538401372163577,0.7538401372163578,0.06223361624274078,0.04800301630026038
7460,1.7755956516471745,5.802281920467908,1.8055865192868372,0.19220806971095383,0.016363109245653935,0.015697479407498962,0.9593213106285552,0.9593213106285551,13.428506244651418,16.322159872002093,1.2154858905846821,1.2154858905846817,1.242691165069808,0.596148249683215
7460,1.7755956516471745,14.069588263291225,2.6552808241316406,0.2996712644368795,0.02078750959349686,0.020909983597700105,1.005891711253452,1.0058917112534518,10.706315340596296,10.418399071843245,0.9731078097745424,0.9731078097745427,0.33591990452192727,0.1971901677777602
7461,1.7758336671500763,18.969035485173002,10.946352837142623,0.2737273850291344,0.01934043299543524,0.02125486085829008,1.0989857808926349,1.0989857808926349,21.49782743703612,13.353189049856946,0.6211413264417726,0.6211413264417726,0.33956349240053907,0.2935245969378252
7461,1.7758336671500763,12.543503653859071,1.7223252215288831,0.268616689426042,0.02130922107638876,0.020924326530857587,0.9819376529929736,0.9819376529929738,6.94113363061303,7.549339567632584,1.0876234300312466,1.0876234300312468,0.20466280120777072,0.09542544011836504
7462,1.776071682652978,34.48773504516464,6.475718698300694,0.34976979579375245,0.025006781032984704,0.026820469391350424,1.0725278617817067,1.0725278617817064,7.769717987523431,5.545894080114032,0.7137831886587901,0.71378318865879,0.047582266869522244,0.03745445668909631
7465,1.7767857291616833,9.103278998430042,1.5684153195196826,0.40935723228999976,0.019425689289294376,0.01946176201339781,1.001856959800305,1.001856959800305,11.775831412997679,11.67732013558862,0.9916344524684408,0.9916344524684406,0.7731255431926949,0.33981540425555634
7466,1.7770237446645851,25.88789799692121,1.7218129748706357,0.3116103304415955,0.027131874749081315,0.026895260170730108,0.991279092191769,0.9912790921917691,4.797738126385788,4.993995557981863,1.0409062409047989,1.0409062409047987,0.060331986187969144,0.028125081083278432
7466,1.7770237446645851,2.7550941797476414,1.505211094272997,0.2235946486085477,0.013125639995319679,0.012676527009528524,0.9657835361969931,0.965783536196993,8.128766583447304,9.554414302386013,1.1753830306607365,1.1753830306607367,0.8378726810033232,0.35845378536028694
7467,1.777261760167487,28.171076111644584,4.61635224885202,0.3241317186078775,0.024350829484275582,0.025409687320990512,1.0434834401595512,1.043483440159551,8.115911346431902,6.633467833284598,0.8173410908684889,0.8173410908684888,0.07908278881527539,0.0570369524310474
7467,1.777261760167487,2.677377728207168,1.294170622391633,0.3017455905150115,0.01331390958695558,0.01309048980328873,0.983219070085488,0.9832190700854883,22.76628774014405,24.59432826068166,1.0802959420263412,1.0802959420263416,7.315033390070098,2.8172540881083026
7470,1.7779758066761921,23.164391727659417,3.515423116096495,0.36770369928073227,0.023626976950472098,0.024397973568717063,1.0326320468277073,1.0326320468277073,7.206542867164543,6.20594617256341,0.8611544102290446,0.8611544102290448,0.08836336508746039,0.05821981666036975
7470,1.7779758066761921,14.500692799347721,1.4805662600584926,0.40254776859838093,0.02289038889672476,0.022889191904467983,0.9999477076487351,0.9999477076487351,5.100234454631107,5.1014416914437,1.000236702218953,1.000236702218953,0.11009500906195566,0.046583200648168045
7471,1.778213822179094,26.67761442742952,12.430631757425557,0.19954275227081936,0.021389488789412256,0.02319262457345005,1.0843000878511104,1.0843000878511102,10.19476243411366,6.6963819817183445,0.6568453188581371,0.6568453188581371,0.05411161145439722,0.04756473337019094
7471,1.778213822179094,8.804950519697474,3.652776349435895,0.11290559131867547,0.0170287974105763,0.016163258440134408,0.9491720437108306,0.9491720437108302,17.39284511542821,22.57497861684689,1.2979462800379855,1.2979462800379855,0.9519376096945801,0.6360042148620312
7473,1.7786898531848974,23.072166291947767,1.8314317052321294,0.4963055699507332,0.025868374079803087,0.0261269438628996,1.0099955947095411,1.009995594709541,8.01121630167388,7.65825075360529,0.9559410787604323,0.9559410787604325,0.1746073788131448,0.08447022583545233
7474,1.7789278686877994,14.514929258283525,11.052638542537755,0.24868972630323816,0.017672128417733864,0.01930731001138808,1.0925288428762956,1.0925288428762958,16.164252450221362,10.314968117920262,0.6381345595588619,0.638134559558862,0.2274485563427598,0.19687454909183622
7476,1.7794038996936028,9.949147207012642,5.430544537640068,0.306570779918457,0.016871995609976376,0.017741549841508573,1.051538315421208,1.0515383154212081,13.387368081968644,10.522106550973747,0.7859727533110785,0.7859727533110784,0.37613992817412784,0.28379766608234563
7479,1.780117946202308,18.81318773688112,1.0471080665326944,0.26160892959569926,0.026393784111604333,0.025663893661981435,0.9723461233699342,0.9723461233699342,4.793703582566108,5.452010193309943,1.1373273502220673,1.1373273502220675,0.09907346214263169,0.03241220416209833
7480,1.78035596170521,27.158019117220565,2.00218621024691,0.26926045051057357,0.0269535512503172,0.02660221023213448,0.9869649451784731,0.9869649451784731,7.0535195239854325,7.4946764591523864,1.0625442282631818,1.0625442282631818,0.11450894414712869,0.05829314369230308
7480,1.78035596170521,12.72781510703111,1.3227861537082763,0.28011663945092696,0.022308730808754798,0.02183784869832948,0.9788924742307382,0.9788924742307381,10.299437510256586,11.356606478320563,1.1026433693113051,1.1026433693113054,0.5230130962081381,0.20463500039185806
7481,1.7805939772081116,29.75732325028,2.67863473117124,0.3816192384562672,0.026650712632879596,0.027164841809478105,1.0192913857006667,1.0192913857006665,5.921512930266722,5.423250284918786,0.9158555167884277,0.9158555167884277,0.06196980631521958,0.03652230564986038
7482,1.7808319927110134,10.940564919081293,1.3811870318908748,0.4342598073555769,0.021066866417557537,0.021086760317964717,1.000944321761617,1.0009443217616172,10.535972527592172,10.491172603000216,0.9957479079909679,0.9957479079909678,0.5905544353048177,0.2382456105250359
7489,1.7824981012313257,16.089241904076655,1.9694420927339664,0.39063743393252015,0.022692699565497493,0.022851887895018026,1.0070149577868015,1.0070149577868015,10.179929884938174,9.860903738276146,0.9686612628703812,0.9686612628703816,0.341865290304603,0.1724390419067182
7490,1.7827361167342275,17.70324521360564,1.810188182324595,0.4687902200059926,0.02372380814443493,0.023941785304028185,1.0091881184616809,1.0091881184616809,8.159800941410895,7.828593111587688,0.9594098149940974,0.9594098149940974,0.21776386646209264,0.10462441016692951
7492,1.7832121477400311,14.782333549915478,1.2430614019750292,0.2884649780024875,0.02368378195182119,0.023208324806038447,0.9799247794651234,0.9799247794651232,12.419338226315501,13.625702293479142,1.0971359379364884,1.0971359379364884,0.7127290040407852,0.2664874726036636
7492,1.7832121477400311,1.0,1.0938502191311599,0.2064741279970767,0.009852706794837808,0.00941693539727603,0.9557714030635627,0.9557714030635627,9.427136884378573,11.633215270017688,1.2340136154482642,1.234013615448264,2.649789438873808,0.8979078645508803
7494,1.7836881787458345,25.271033514986993,1.7309813105772445,0.46105289402009475,0.02689298612041495,0.027096481792986266,1.0075668678688248,1.0075668678688245,9.762694734010942,9.435148127194035,0.9664491602225549,0.9664491602225553,0.25300904020188725,0.11832925322947496
7495,1.7839261942487363,21.487975352377166,15.146197019788932,0.14022949533789034,0.019518896480608738,0.020880034495824172,1.0697343733836424,1.0697343733836424,18.79471047443662,13.04686704503615,0.6941776018727012,0.6941776018727011,0.17671281742156367,0.15885112985142233
7498,1.7846402407574418,10.67082009889523,1.1260475074800549,0.34306084641271717,0.021588616670457764,0.02135150162777786,0.9890166634435463,0.9890166634435462,8.447876719578959,8.88187810995095,1.051374020334144,1.051374020334144,0.43236877440006927,0.14990883752491704
7500,1.7851162717632452,18.979635135894885,1.7309480810643332,0.273044522642002,0.024445292737575557,0.024033722860083755,0.9831636347369583,0.9831636347369581,3.889891638160957,4.206253464875304,1.0813292132898373,1.081329213289837,0.04861463246277613,0.02273620640657228
7500,1.7851162717632452,2.108471155911726,1.5472394294534377,0.4519247099223199,0.011954857623464836,0.012005182248274572,1.004209554508701,1.004209554508701,18.421413647822853,18.07502026800174,0.9811961564707575,0.9811961564707576,5.058188943847105,2.2036433508850624
7502,1.7855923027690486,21.768328094072384,1.6895924843019496,0.3859121359447826,0.0256823765675996,0.02572349562325131,1.0016010611612784,1.0016010611612787,7.868591052073534,7.811636053632474,0.9927617284893651,0.9927617284893653,0.18434078559382103,0.08494032364924879
7503,1.7858303182719506,5.666689182370924,3.1052136306148928,0.26636712463040424,0.015024261122967824,0.015118658900232947,1.0062830229382007,1.0062830229382005,16.962595659783542,16.471099319177807,0.9710246974894875,0.9710246974894874,1.3766597433251118,0.8644757509561654
7507,1.7867823802835576,18.382310829618493,3.3446266828929287,0.33573018689877765,0.022019599351619294,0.022569752132276487,1.0249846862275782,1.0249846862275782,10.338557819658435,9.215393115210363,0.891361568601724,0.8913615686017242,0.2205115811672123,0.14259032047131
7508,1.7870203957864592,8.176185390007618,1.019894894358748,0.23042254318266286,0.02007982921157355,0.019347181975292962,0.963513273516375,0.9635132735163748,11.95459005190202,14.193678822483331,1.1872995026061195,1.1872995026061195,1.08835556167131,0.34845647958465314
7509,1.7872584112893612,13.372666819575752,3.5840080349696555,0.19593034021204644,0.019623039605044253,0.019461639241541782,0.9917749560337746,0.9917749560337746,19.178961795047922,19.955679822793332,1.0404984396989603,1.04049843969896,0.8891809544068789,0.5900146916441757
7510,1.7874964267922628,13.752703973124508,1.1035999533343979,0.14009986534857355,0.023571435486105227,0.021838551925324436,0.9264837492904374,0.9264837492904375,4.270482035437209,6.144360889104011,1.4387979713102703,1.4387979713102703,0.09428934082814353,0.03217684569512664
7511,1.7877344422951646,22.54174802800474,1.1445714424558655,0.10544145281962296,0.027626891166089098,0.025004042035890774,0.9050617344372874,0.9050617344372873,4.895619204192163,7.952038769134925,1.6243172594644457,1.6243172594644455,0.08743400333250007,0.03070324956842561
7511,1.7877344422951646,15.861689250393669,4.318890024869066,0.20064897668201,0.020277087662298812,0.020380701453755774,1.0051098951280666,1.0051098951280668,7.228551678355218,7.052272903084332,0.9756135415343677,0.9756135415343677,0.09715070615095256,0.06865905991044507
7512,1.7879724577980665,37.78278554052336,9.639593526904916,0.2890527202409655,0.02466121412618942,0.026939528445102334,1.0923845155090486,1.0923845155090486,6.441219522168094,4.1463427155738835,0.6437201373596778,0.6437201373596777,0.021621170384549682,0.01834152071213875
7514,1.7884484888038699,21.279435495986444,2.5979435086352285,0.493465910984322,0.02393444506707358,0.024515645902670247,1.0242830294986123,1.0242830294986125,5.072479978823836,4.545147018809415,0.8960404058338552,0.8960404058338554,0.058140258437729055,0.033788524698514295
7516,1.7889245198096735,29.6481558708937,1.986114433200746,0.38478609512604545,0.02778640823430985,0.027972711241777953,1.0067048251035937,1.0067048251035935,4.59234961891722,4.454591404155424,0.9700026726636122,0.9700026726636123,0.04602873092957968,0.023326989956323457
7519,1.7896385663183787,6.911705166438569,1.546162442225035,0.16584021335828542,0.017760846680653745,0.01676675238849814,0.9440288906249927,0.9440288906249927,8.829612292058508,11.593472538363196,1.3130216995813675,1.3130216995813675,0.5268306596288465,0.22941372394382176
7521,1.7901145973241823,15.59542787346257,2.491064317977817,0.4083912075979024,0.021707366203351786,0.022107344284298766,1.018425914834625,1.018425914834625,8.711678744180407,8.012738517755391,0.919769742784429,0.9197697427844291,0.21742609902621265,0.12388635976051912
7522,1.7903526128270841,14.542594557960934,1.1247009780966775,0.49296555215401383,0.023940014907476062,0.023948666146007595,1.0003613714763742,1.0003613714763742,8.980493240326384,8.965899977072443,0.9983750042605221,0.9983750042605221,0.3977455371782898,0.1377751017524472
7523,1.790590628329986,31.360004063944228,2.3693919814601605,0.24522385796761204,0.02759470174740202,0.02724206952139857,0.9872210169462459,0.9872210169462458,7.40357610312168,7.86172814174084,1.0618825324731898,1.06188253247319,0.10212800035625003,0.05679199469279444
7524,1.7908286438328875,33.659595908100265,2.416399795481171,0.16536615880211963,0.02817431146909147,0.027005098162503856,0.958500731850349,0.9585007318503489,7.918875778534067,9.698574901632357,1.22474138664008,1.2247413866400807,0.1099216212212399,0.061718680173235174
7526,1.791304674838691,1.7581407256489443,1.35458874379701,0.367854593283404,0.011488729356003684,0.011426198834231946,0.9945572291039251,0.9945572291039251,16.228474693540385,16.634884329102547,1.0250429965376802,1.0250429965376797,4.793675176430999,1.9076085810946697
7528,1.7917807058444948,15.61477885596364,4.838836970054649,0.17949503271326536,0.01988597807953082,0.01996095830556086,1.0037705073258236,1.0037705073258234,19.33968665895325,18.985706142765963,0.9816966777988921,0.981696677798892,0.6401464024239141,0.4680623520520285
7530,1.7922567368502982,68.92593993671805,4.458412889903718,0.46618736485814777,0.03295626630788856,0.034795666297667234,1.0558133610341165,1.0558133610341163,4.79338548685465,3.716990419539193,0.7754415808477421,0.7754415808477422,0.015632455991682306,0.011157075819893128
7530,1.7922567368502982,1.7171294641631587,1.5274451430620801,0.3013450767972572,0.011186343918310655,0.011031778149730855,0.9861826375347896,0.9861826375347897,18.40826570138382,19.617810484499167,1.0657066126019912,1.0657066126019912,5.837219171977851,2.521617092416729
7536,1.7936848298677088,7.694575618500332,1.7277785867114028,0.3327309021769844,0.018097340673191933,0.018008677470390925,0.9951007606917437,0.9951007606917436,9.116472131833868,9.323192716856905,1.0226755023252019,1.0226755023252014,0.4880362376837875,0.22799064270644606
7537,1.7939228453706104,45.046146467172036,5.557134798011538,0.42567261703014014,0.027834517530219455,0.029768280874396334,1.069473571513407,1.0694735715134067,11.011962330542069,8.006790270247876,0.727099315263798,0.7270993152637979,0.09119567515198594,0.06921532712608668
7538,1.7941608608735122,30.526734398676886,3.215251181281196,0.4217648696455879,0.02621402338363139,0.02707441245144644,1.0328217097857741,1.0328217097857741,10.728537537523112,9.241385379486596,0.861383515429275,0.8613835154292752,0.17452917784198765,0.11113575110521318
7539,1.7943988763764143,22.625414190900116,1.6706186473376952,0.3983697166125184,0.02605989292492197,0.02612586857292344,1.002531692980917,1.002531692980917,7.556831663363554,7.470652414484357,0.988595849065025,0.9885958490650251,0.1668785855660335,0.07635597422928088
7542,1.7951129228851193,50.27541442158189,8.741168039520623,0.10249776364098655,0.027412350129308545,0.02740880519835971,0.9998706812465142,0.9998706812465141,10.56670698930007,10.573977928915863,1.0006880989151261,1.0006880989151263,0.05253255675953601,0.043855687985496175
7547,1.7963030003996283,72.0444358162246,4.268164422722541,0.30420120743076473,0.03363107330670587,0.0347853487880932,1.034321696214113,1.034321696214113,4.573134418060712,3.8980994446951236,0.8523911803904849,0.8523911803904852,0.014314153369358006,0.010078642332089938
7551,1.7972550624112353,14.40845476693348,1.8308888259891378,0.2604224264890128,0.0221121741823153,0.02170742921331032,0.9816958311892875,0.9816958311892875,6.81977377645029,7.42757565739854,1.0891234666825873,1.0891234666825873,0.1732219280642039,0.08378535900527152
7557,1.798683155428646,61.87315974468341,2.6736768844955225,0.3026193231708494,0.03402440934647684,0.034257039165747794,1.0068371449714832,1.0068371449714832,6.603085327654716,6.397600719552409,0.9688805160154896,0.9688805160154897,0.047364760976205594,0.027891291602188402
7562,1.7998732329431548,25.727108912490333,4.434394801384495,0.4863827072003881,0.023744870861619135,0.025072066821286664,1.0558940062214779,1.0558940062214779,8.766680531532696,6.796609077005583,0.775277375804787,0.7752773758047865,0.10131082888951554,0.07218735886410892
7568,1.8013013259605655,27.05076539783793,1.67044471099923,0.12195982162269677,0.02765925810390451,0.02550885449733121,0.9222537495946163,0.9222537495946163,5.2615010944913925,7.7817368831904075,1.4789955838529834,1.4789955838529834,0.07182021777175326,0.03285949686490175
7568,1.8013013259605655,59.28765036633343,6.6422872343456945,0.3584691119629251,0.029868318016667526,0.03213228271093817,1.0757981983788734,1.0757981983788736,7.0836200894335155,4.9814534314221,0.7032355446126801,0.7032355446126799,0.02695928414492854,0.021340217846197683
7568,1.8013013259605655,1.301932085001412,1.216455405796809,0.40547945965494886,0.010574137449068967,0.01054279482314465,0.9970359165392657,0.9970359165392658,15.664410892809732,15.875788465234962,1.013494128433662,1.0134941284336618,5.796612452905137,2.132568173536234
7570,1.8017773569663689,37.97042272814183,9.393914304560614,0.33090206988346127,0.024770218156709396,0.027225409473666168,1.0991186795943395,1.0991186795943397,5.331801782215072,3.3413623565140496,0.6266854044836409,0.6266854044836409,0.015114806366080159,0.01276972931696883
7570,1.8017773569663689,43.76102794981258,7.620367217730836,0.23701376054164103,0.026573523322778646,0.028137606701194563,1.058858712840506,1.0588587128405058,8.841355863343644,6.657879357066705,0.7530382737641343,0.7530382737641343,0.045588046500220206,0.037119421987861445
7573,1.802491403475074,28.110440835462562,8.751170440015327,0.19085218220370564,0.02258028945931407,0.023761445694162928,1.052309171544373,1.0523091715443729,13.884936388416216,10.719085115788594,0.7719938223650202,0.7719938223650203,0.1335108683798733,0.11148050962476767
7576,1.8032054499837795,5.274093483308273,5.546805497287727,0.44335408711304525,0.013620016400823873,0.014579591080612407,1.0704532690379498,1.0704532690379496,9.948985059500183,7.204534715580963,0.7241477067755195,0.7241477067755195,0.3115254893407188,0.2363284926789774
7577,1.803443465486681,24.452410819613544,1.5945411932461708,0.4780172164674486,0.026934759507648703,0.027090196345017702,1.0057708641254013,1.005770864125401,5.6943490471114,5.548192578905319,0.9743330682757807,0.9743330682757808,0.09261411050751905,0.041143615071856016
7578,1.803681480989583,25.344640113465044,2.1601066110248874,0.13751339017788544,0.02604858610882923,0.02447629918735795,0.9396402202061036,0.9396402202061037,6.788180512193738,9.16728146946937,1.3504769728798471,1.350476972879847,0.10550627621813338,0.05596296480943394
7581,1.8043955274982884,31.97901174149525,8.854092450752123,0.2235678455383665,0.023541981152710823,0.0250985025872312,1.066116841417195,1.0661168414171949,11.807767967408084,8.557891516838371,0.724767927389829,0.7247679273898289,0.08767443570727872,0.07335313491827433
7582,1.80463354300119,13.902005430163285,1.7471512110508496,0.45800980836594596,0.02200456145947178,0.022174737559115577,1.0077336737638343,1.0077336737638343,7.832105357439749,7.563592106937913,0.9657163382963465,0.9657163382963467,0.24111275830245152,0.11340531411388495
7583,1.8048715585040918,27.633833156167356,1.3305721878657712,0.44457740709190874,0.028860187781343492,0.0288856669874444,1.0008828496298758,1.000882849629876,5.18668318468313,5.166077502079235,0.996027194669467,0.996027194669467,0.07884124591013063,0.030977517808967504
7584,1.8051095740069936,26.883684545816536,9.741004630726431,0.25158211660958646,0.021991878764030838,0.02381828679456805,1.0830492042146223,1.083049204214622,6.137480298558876,4.109936582353562,0.6696455845762315,0.6696455845762315,0.02439720870123636,0.02073026646935366
7589,1.8062996515215024,37.770617683773956,1.7552599734386507,0.19541805304315682,0.030683223055707497,0.029447659732699902,0.9597316318183281,0.9597316318183281,5.322097181954481,6.453918238090902,1.2126644849654498,1.2126644849654498,0.057011741861451505,0.02689030658935528
7592,1.8070136980302078,11.586170172961875,8.220932559059312,0.29531180792511075,0.016919881077704597,0.018289040455082797,1.0809201536990911,1.0809201536990913,18.04913341706721,12.302776909707417,0.6816270136312442,0.6816270136312443,0.43076652454437125,0.35575609223003335
7594,1.8074897290360112,47.702979383774036,2.150163095174268,0.45978728496837473,0.032183163901892485,0.032669768720657466,1.015119856464341,1.015119856464341,6.747616401244064,6.3021998067556675,0.9339890462050756,0.9339890462050757,0.06860167896624234,0.03629933634967908
7595,1.8077277445389128,32.13394881143071,3.2096656454892107,0.16887447901571334,0.0266724725100608,0.02597752231833502,0.9739450404733329,0.9739450404733329,5.284427847534909,6.002953040982076,1.1359702912364196,1.1359702912364198,0.040973490274713885,0.026072936368588515
7597,1.8082037755447167,11.847342731211253,1.2936902193124737,0.36244938384469505,0.02185924170869818,0.0217098317063529,0.9931649046048184,0.9931649046048188,8.732262512736488,9.007953799234995,1.0315715756479373,1.0315715756479373,0.3993639436737803,0.15376638549991456
7602,1.8093938530592253,19.01910383046843,2.5502357998398844,0.37464657673777707,0.023115248916487887,0.02348703602339198,1.0160840624406557,1.0160840624406557,6.021733325578464,5.596040366860747,0.9293072383478848,0.9293072383478849,0.08949315569625906,0.05156183768442464
7606,1.8103459150708323,16.476386874988705,2.3149736484765153,0.1233940046167506,0.022340823850079315,0.02086420163746576,0.9339047555935001,0.9339047555935002,2.202263131848469,3.073356258948672,1.3955445262206478,1.3955445262206483,0.014106340601303693,0.0077539735996423826
7606,1.8103459150708323,5.977992854255127,3.167009394080166,0.4441957739469907,0.015253772641895398,0.015762649172916733,1.0333606998719567,1.0333606998719567,13.279611413906004,11.413988475855737,0.8595122342136726,0.8595122342136725,0.8021212283156771,0.5077089238784734
7607,1.8105839305737341,35.02825681060897,10.108929689699846,0.2968691358858683,0.023925873203130776,0.02627430674772921,1.0981545594871385,1.0981545594871385,9.019807304010431,5.650371781572022,0.6264404095484086,0.6264404095484086,0.042707809919513076,0.03649462434072652
7608,1.810821946076636,2.4392254691670723,1.2822241741443992,0.41617700173579586,0.012925955363811074,0.012907219668186854,0.9985505368773998,0.9985505368774,20.527487840327524,20.66235621927881,1.006570135615247,1.006570135615247,6.361253340941144,2.433429623797277
7608,1.810821946076636,20.682376806744017,1.8098802070250712,0.19396743903327218,0.02498684131787045,0.023989351467761384,0.96007939389299,0.9600793938929901,7.641276407167807,9.252568538873915,1.2108668821605058,1.2108668821605058,0.17217670815344055,0.08271376240679448
7608,1.810821946076636,37.75477987240178,2.8192387263109504,0.2722040933694972,0.02864726609206835,0.028723089744521167,1.002646802393259,1.002646802393259,5.149430607581277,5.086232407937033,0.9877271480168702,0.9877271480168699,0.03851450643134317,0.02322109784947424
7610,1.8112979770824396,27.065853641791268,1.634666968962605,0.30626482098356766,0.02775604012693777,0.027445719851825354,0.9888197209078379,0.9888197209078379,7.913016905248024,8.330778626949352,1.0527942410213054,1.0527942410213056,0.16459172286430154,0.07428718902464382
7611,1.8115359925853411,37.224296948345625,2.78619315430739,0.43935875913786665,0.028558998767406193,0.029305449992678777,1.0261371636783183,1.0261371636783183,7.865719813151758,6.986974392329197,0.8882816268953201,0.88828162689532,0.09150690347347953,0.0548868049975158
7613,1.8120120235911448,25.881593204315816,1.8590002993500485,0.13394607129819136,0.026818341543079688,0.025007568911174383,0.9324800667111884,0.9324800667111883,4.296347730140117,6.0157183550724005,1.4001935441282845,1.4001935441282847,0.046066794483926005,0.022481748827413054
7614,1.8122500390940464,34.47233361780771,6.761032412460701,0.29444222363737116,0.024878482947165326,0.02650360255299697,1.0653222951448817,1.0653222951448817,6.3544043412182605,4.67084571549166,0.735056421448335,0.735056421448335,0.03066529093640363,0.024367050162540597
7617,1.8129640856027518,30.262993640207803,2.597374869889279,0.4284652114667623,0.02691662695030011,0.02750729423743074,1.0219443278766416,1.0219443278766416,6.879879063143072,6.228497674760494,0.9053208083449952,0.9053208083449952,0.08458603561784736,0.04915264586112108
7619,1.8134401166085552,17.95884965029221,6.16862608519206,0.43807576981631247,0.020233195606802163,0.02181492030915756,1.078174734880912,1.078174734880912,10.481571577365754,7.319327892198344,0.698304432515057,0.6983044325150571,0.13951745786559594,0.10861323540178495
7623,1.8143921786201624,7.613297241653822,1.741487742117747,0.1264547951407643,0.01801182742722877,0.016681468243232862,0.9261396885257305,0.9261396885257304,11.035480016682227,15.98287077192787,1.4483167698882804,1.4483167698882806,0.7166024826814149,0.3363838712759964
7625,1.8148682096259658,33.09823692283124,1.4892497033940213,0.13903474765396734,0.030111318906393122,0.027994453301661563,0.9296986753947163,0.9296986753947162,5.491001010859186,7.7805864441150385,1.4169704993184107,1.4169704993184107,0.07335482632631352,0.03115973749034215
7625,1.8148682096259658,27.919635633268708,2.814628411130944,0.41504533791557996,0.025911586247522763,0.0265599015050138,1.0250202844124612,1.0250202844124612,7.334791133391603,6.546922087383698,0.8925846651009414,0.8925846651009413,0.09567110343434879,0.0576406447210655
7626,1.8151062251288677,47.63118938639973,3.0328781919130092,0.10883662044173231,0.03064582918113334,0.028695409154693933,0.936356102002939,0.9363561020029391,6.214191381330916,8.616498441282939,1.3865840159299234,1.386584015929923,0.0454943233152692,0.028293737201294123
7633,1.8167723336491801,56.44284479931354,9.062366922741505,0.28956045526193597,0.028378995214903655,0.030860842036960094,1.0874536537767574,1.0874536537767574,6.593721709546479,4.349287292091976,0.659610381462569,0.659610381462569,0.01833239324183041,0.015397669205830399
7633,1.8167723336491801,28.359795214372994,5.319212768234281,0.19953331312721875,0.023982546915619556,0.024430805828627764,1.0186910470595707,1.018691047059571,7.247657679282804,6.618796633063241,0.9132325126202991,0.9132325126202993,0.05580344234370916,0.04187629946759045
7634,1.817010349152082,26.968821508150874,1.2184251200575666,0.44036466331802177,0.02903284270831425,0.029018078788724186,0.9994914752324326,0.9994914752324326,8.859916957549306,8.880256363516713,1.0022956655310495,1.0022956655310495,0.24564272092269585,0.09048168559126804
7639,1.8182004266665908,2.2579113770297123,1.6425230183844688,0.21661536373815088,0.012119016116752463,0.01170149040094874,0.9655478867441586,0.9655478867441587,5.469649721790766,6.439680415070348,1.177347863687694,1.1773478636876942,0.41067002655763674,0.1859148791903531
7645,1.8196285196840014,35.17158661764658,1.9381407243434055,0.12185359750198346,0.029521314991817982,0.02735114606289938,0.9264880670281769,0.9264880670281769,5.900669915281238,8.547099121891359,1.4484963986473027,1.448496398647303,0.06891801478491437,0.03444984583054787
7648,1.8203425661927066,6.893290968845108,1.060984426807069,0.1063016818656062,0.018845681156128037,0.017061081519853763,0.9053045829710444,0.9053045829710447,12.478373874245477,20.233557596924555,1.6214899313671995,1.6214899313671993,1.3022295728801327,0.4306039925886132
7649,1.8205805816956082,21.623219709786667,1.8069124447842506,0.484851568252447,0.02536637604017814,0.025606471043445496,1.009465088859641,1.009465088859641,2.446872751563461,2.3446632682892425,0.958228525284402,0.9582285252844017,0.017157118311872683,0.008234263321583439
7651,1.8210566127014118,46.82159157987069,12.200333342014337,0.22124224724728567,0.025849462560390286,0.028210762707650383,1.0913481331282442,1.091348133128244,13.111650970666199,8.358399168749028,0.6374787726922188,0.6374787726922186,0.06258877190035973,0.05488762350941418
7651,1.8210566127014118,17.30392006320048,1.062486883572028,0.23867567445989826,0.025606471043445496,0.02473808793912652,0.9660873572603728,0.9660873572603728,6.551513657150698,7.6810980964731,1.1724157955603907,1.1724157955603909,0.19420472381810053,0.06429054285482581
7652,1.8212946282043136,11.207982264656858,1.6672215486371276,0.3141591101707846,0.02062612827722315,0.020437435142532635,0.9908517424038866,0.9908517424038867,9.959410428875849,10.38686961830452,1.0429201299094288,1.042920129909429,0.4635755929362076,0.21184144748788036
7652,1.8212946282043136,11.7274544842191,3.3565940019583698,0.49855974864806685,0.018946842322745423,0.019670117072588818,1.0381738939672873,1.0381738939672875,10.418298074304447,8.76255776578387,0.8410738206267803,0.8410738206267803,0.3013292664686876,0.19511658640111318
7656,1.822246690215921,12.297493043872693,6.162576057637704,0.49395740134249433,0.017835856379940833,0.01926153081910487,1.079933052206421,1.079933052206421,13.783645824461077,9.555154584028703,0.6932240356228319,0.6932240356228317,0.31082212382446645,0.24191734063568832
7656,1.822246690215921,10.469454567166725,1.3796051686913402,0.48970246388859223,0.020763785738067753,0.02082224629499073,1.0028155056915173,1.0028155056915171,11.220984728876903,11.079638580192857,0.9874034095848739,0.987403409584874,0.6902477794792031,0.27824126140658295
7657,1.8224847057188225,44.524036444787676,1.741055859123445,0.19812986063647164,0.0324524873910464,0.03117163075722694,0.9605313263545756,0.9605313263545756,5.591820288547012,6.753278878305371,1.2077067090545133,1.2077067090545135,0.05669214059258702,0.026608121839752835
7658,1.8227227212217243,1.690135243076902,2.147919472034692,0.31688995676834575,0.010571907944447751,0.01057039504724392,0.999856894591612,0.9998568945916118,18.11258406420409,18.12450794158916,1.0006583200576353,1.0006583200576349,4.585502408519889,2.4249952622570587
7658,1.8227227212217243,56.208727272745676,1.4247609209803491,0.3927594954087851,0.036174265358840475,0.03611067948442047,0.9982422345336043,0.9982422345336042,4.0865331088237555,4.119204774495442,1.007994959248254,1.0079949592482544,0.029302362414884216,0.012078817504555464
7668,1.825102876250742,58.08866741782857,10.312133913060553,0.2976956357968946,0.028260708977803778,0.031086646156082004,1.0999952683599603,1.0999952683599603,6.509515948050672,4.041378364749765,0.6208416104979341,0.620841610497934,0.015591548886912788,0.013362752917121837
7669,1.8253408917536438,18.96967433661501,2.145129121030353,0.4332406950212777,0.023674547677927885,0.023999643236630605,1.0137318593421665,1.0137318593421667,5.931130398893074,5.573933209232731,0.9397758663800401,0.9397758663800401,0.09817341497803787,0.051882253299791035
7670,1.8255789072565454,17.232203297047192,2.4407751469268892,0.2937753665033469,0.0225066459099202,0.02252199791768235,1.0006821099786967,1.0006821099786967,6.057516611074276,6.038416817657015,0.9968469267781547,0.9968469267781547,0.09979368935077862,0.05630611268575532
7670,1.8255789072565454,37.57139968677437,22.611312728133797,0.10346617563375587,0.022668604100653952,0.02435837658150198,1.074542414404744,1.0745424144047442,16.544249857462415,10.93974747596227,0.6612416743106554,0.6612416743106553,0.06451585558192122,0.06002643249777054
7671,1.8258169227594472,7.6325775147317465,1.880273803595787,0.3891020417405259,0.017820530668665256,0.017914012740455218,1.0052457512925996,1.0052457512925996,12.994768652999593,12.689053652278561,0.9764739943522994,0.9764739943522994,0.9441765232152466,0.4638370106994322
7676,1.827007000273956,44.752033527309585,3.7139719057039025,0.15929839632456175,0.029214645854557263,0.02855905218707592,0.9775594176035827,0.9775594176035824,4.281976528856095,4.783546057556055,1.1171350485739238,1.117135048573924,0.019264470455772256,0.01294721766858771
7681,1.8281970777884649,13.888317764198158,1.9460990387350894,0.29526274330731905,0.021645003903675207,0.021470023444741748,0.9919158961711368,0.9919158961711366,11.019993634654455,11.439275757589797,1.0380474015535572,1.0380474015535575,0.4453959517808765,0.22315618331250572
7693,1.8310532638232861,123.9482187093988,27.24538049648932,0.34164173402282577,0.03321455576078475,0.039587762105308885,1.1918799212738156,1.1918799212738156,6.644926829734694,2.5892417860110317,0.3896569296180512,0.38965692961805115,0.00392587800822723,0.003696969606331526
7701,1.8329573878465002,43.90012525663164,6.146291916027541,0.1515690053739183,0.027267516413800034,0.027447442367189698,1.0065985457076172,1.006598545707617,10.963103625126145,10.605860120760685,0.9674140173639607,0.9674140173639607,0.08437357733195851,0.06562870688791818
7703,1.8334334188523038,15.763170583475691,2.0375104546182667,0.23637292370653054,0.022425711696070112,0.02194536478609259,0.9785805277224847,0.9785805277224847,5.61734572504919,6.213320729066673,1.1060954823129148,1.1060954823129148,0.10316035455964764,0.053025275486519786
7703,1.8334334188523038,43.30617778810384,5.987413294264084,0.11074564542550074,0.027228031738628394,0.02665427472357411,0.97892770874656,0.9789277087465601,13.696866565791083,15.284388995409904,1.115904058931535,1.1159040589315345,0.1359221175454663,0.10507388922593983
7704,1.8336714343552054,1.3070708511678326,1.3944854870080055,0.33988895277607156,0.010360101222249285,0.010268581520700908,0.9911661382852294,0.9911661382852294,10.567764614015143,11.002741164524735,1.041160696362665,1.041160696362665,2.4356711414349164,0.9892095486372294
7707,1.8343854808639106,5.596979388695656,4.541933239665681,0.487099862658787,0.014237972395536739,0.015057375752448966,1.0575505650768848,1.0575505650768848,23.627431545021693,18.178171053018136,0.7693672085507864,0.7693672085507863,1.9949558208271618,1.4318550101362273
7707,1.8343854808639106,44.94206769700468,7.239562974483523,0.2089191601997389,0.026966155567018327,0.02817872137548407,1.0449662097903494,1.0449662097903494,8.06347231461799,6.477009413579325,0.803253134736679,0.803253134736679,0.03897343379334729,0.03141344931658734
7713,1.8358135738813213,84.5974231538286,24.15183139688791,0.4633344800999217,0.029542834384578828,0.03529572796632374,1.1947305903981877,1.1947305903981875,8.097166987381739,3.1727756217166507,0.39183774110883,0.3918377411088301,0.008444796183814576,0.007892657627875685
7720,1.8374796824016337,40.81984016929929,1.0088011235791499,0.2389178498051153,0.034381379932947764,0.03321454382083584,0.9660619755696966,0.9660619755696964,4.735775899137665,5.552862403114395,1.1725348752514901,1.1725348752514901,0.0587933888574593,0.018654180931784073
7722,1.8379557134074374,1.0,1.4371142963344352,0.21372344849137967,0.009430705671085074,0.009068214432957031,0.9615626602323667,0.9615626602323668,10.801516580046387,12.96106669860124,1.1999302692868319,1.1999302692868317,2.988759200929212,1.2393194915658508
7723,1.838193728910339,61.863462199185484,64.56138030205932,0.23210227595537147,0.02470427975226406,0.030416692411371272,1.2312317022148234,1.2312317022148236,18.38380007977347,5.336815804297325,0.29029992608378535,0.29029992608378524,0.020574550585979998,0.02005417905945227
7724,1.8384317444132408,14.581053463377655,1.3644755382568508,0.27155798398501857,0.023228310762429268,0.022702595296585,0.9773674688951299,0.9773674688951298,6.585173496920761,7.314531114059515,1.1107575400222642,1.1107575400222642,0.19183935246683342,0.07673424916161897
7725,1.8386697599161426,2.1719469295159888,2.1719469295159888,0.19762908044530691,0.011475198315871033,0.01110578492279726,0.9678076680763897,0.9678076680763898,8.04271260334046,9.384004928125226,1.1667711369206049,1.1667711369206049,0.7591199381122479,0.4038151046197118
7726,1.8389077754190444,48.24062031538914,2.688252471497222,0.41347547514116584,0.03129185958120252,0.03199735012825341,1.022545497662743,1.0225454976627433,6.204141199381913,5.600516646569477,0.9027061871395557,0.9027061871395559,0.04916599118397104,0.029023324107356443
7727,1.8391457909219462,19.42009199183655,11.477136203692003,0.2298305604832067,0.019397743482626868,0.021131876601684394,1.0893987035456296,1.0893987035456296,17.56321750660433,11.334670577505939,0.6453641295078046,0.6453641295078046,0.21362712962728345,0.18586064411903344
7727,1.8391457909219462,1.9523845527907264,1.9523845527907264,0.24152737678368377,0.011249210089814351,0.0110084588112891,0.978598383655112,0.978598383655112,12.411515887211266,13.724023323688666,1.105749164598806,1.105749164598806,2.0852774121670974,1.0466895857868381
7728,1.8393838064248478,47.28031624577299,9.74405963922628,0.21738701062187443,0.026544734367639038,0.028443925523379827,1.071546813369363,1.071546813369363,10.392378489034783,7.320254673015292,0.7043868427943657,0.7043868427943659,0.047996024743729306,0.040784124161889
7728,1.8393838064248478,38.81947417301053,26.20205219801011,0.3670151745424789,0.022629853364524666,0.026992368711513337,1.1927770046370472,1.1927770046370472,17.658731979065475,6.8942470065237025,0.3904157452922934,0.39041574529229334,0.06242352341765733,0.0586459025810768
7731,1.840097852933553,25.509932493829627,1.5688823039244173,0.3596138500976237,0.02738589817636767,0.02729016436522081,0.9965042661544156,0.9965042661544155,4.920571201957025,4.999508666767504,1.016042337682073,1.0160423376820729,0.06790128262512578,0.029850726610975067
7736,1.8412879304480618,1.2039328671006333,1.2039328671006333,0.3207464600484651,0.01031909109243465,0.01017385717648349,0.9859257065714212,0.9859257065714214,9.94403073801664,10.606408280330639,1.0666105686682654,1.0666105686682654,2.4750789558823114,0.90350155907104
7742,1.8427160234654725,40.79959964829137,1.490879951301192,0.1397318831599119,0.03228044573736711,0.03002421116409236,0.9301052224733383,0.9301052224733384,6.816624102344533,9.637695843741746,1.4138517393715349,1.413851739371535,0.09826811914168812,0.04177301027929387
7742,1.8427160234654725,26.748847977204758,1.8084439419870402,0.4715423242204658,0.02722689028104724,0.027478228712172356,1.0092312573536932,1.0092312573536932,4.8451927370691905,4.647638904634849,0.9592268371652354,0.9592268371652354,0.058346792164227695,0.028016624102903138
7744,1.843192054471276,58.640795272224246,2.320822242065945,0.387863306086214,0.0340973996593404,0.03454965789565578,1.0132637163195373,1.0132637163195375,5.793702646706772,5.454663417417434,0.9414814238901175,0.9414814238901174,0.04180846511169061,0.023010424914341424
7745,1.843430069974178,21.952096407906005,3.951998429894227,0.2034733129260438,0.02285504465220565,0.02286843982321657,1.000586092532951,1.000586092532951,5.94781406977325,5.931047109435046,0.9971809878147649,0.9971809878147652,0.05688716427085158,0.03906082339481839
7751,1.8448581629915886,21.909883453287605,1.118545349776163,0.40082152560672435,0.02746924913781011,0.027356899407703677,0.9959099817565894,0.9959099817565891,4.560508647887139,4.645673639176178,1.018674450124877,1.0186744501248772,0.07827554632685552,0.026997227123323333
7753,1.845334193997392,32.54485175900813,2.1666199412020446,0.4141807237917719,0.02830041649963797,0.02866258978649777,1.0127974543012266,1.0127974543012266,6.058691066347097,5.7173853389361895,0.9436667551335164,0.9436667551335164,0.0709965904668136,0.037718013836509995
7756,1.8460482405060974,52.72954789356224,52.81890327375318,0.4435425740776806,0.023746606737771677,0.02990688857650909,1.259417351993234,1.2594173519932337,21.356325446789885,5.805007018238538,0.2718167520298348,0.27181675202983485,0.03762526226044755,0.036467312802713835
7758,1.8465242715119008,29.89726454050043,1.7974473652038157,0.15899865225810805,0.02828167191418572,0.026717909512870203,0.9447075687017232,0.9447075687017232,2.653166765289214,3.4772478563401514,1.310602824455743,1.3106028244557433,0.0163083573986021,0.007802503705281988
7766,1.8484283955351148,51.3631932875993,2.155346963363564,0.37327761736432186,0.032974541293054396,0.03325544722573659,1.008518873096238,1.008518873096238,3.9646425001279764,3.8138352586001902,0.9619619570937561,0.9619619570937562,0.022507311191544088,0.011924506094427332
7767,1.8486664110380169,47.12562803792843,8.41995864596655,0.4618647627971013,0.02693759194156379,0.029742261780662662,1.104117318473867,1.104117318473867,9.30191976348998,5.747453177054285,0.6178781717310688,0.6178781717310686,0.04395302445524044,0.03645499434202136
7768,1.8489044265409185,28.371847670529437,2.978695321826505,0.4546355652341854,0.025848672589700465,0.02663537322784549,1.0304348563902075,1.0304348563902075,8.434047432442805,7.347393299625773,0.8711586410295659,0.8711586410295658,0.11998777467739037,0.0740649383452401
7769,1.8491424420438203,2.2229134867429363,1.679761703108257,0.36486362218406865,0.012014899130519879,0.012002564231579927,0.9989733664173162,0.9989733664173162,21.848529949298396,21.950838082723582,1.0046826094781938,1.004682609478194,6.5292591962427124,2.9976648459559403
7770,1.849380457546722,58.83303524977034,17.555982617750946,0.2083212338249978,0.0269289077886921,0.03006797804695702,1.11656879227694,1.11656879227694,17.290794326849927,9.613959561322195,0.5560160730379636,0.5560160730379635,0.06649603956137269,0.06063142217223181
7770,1.849380457546722,2.838121192867655,1.9432392021979836,0.26009470100927357,0.012752033952843671,0.012542608916874457,0.9835771268533586,0.983577126853359,16.138349513883657,17.4237996296938,1.079651894681317,1.0796518946813167,2.755937727538619,1.3796552347498203
7770,1.849380457546722,24.35067579401765,1.1782080523504295,0.24068200636192333,0.02821384075851767,0.02729113893233432,0.9672961283761131,0.9672961283761131,2.1831633871336895,2.5448618782657033,1.1656763269591532,1.1656763269591532,0.016260346303581908,0.0058389421121919725
7770,1.849380457546722,17.229220378549343,24.306402961820872,0.1926124521491815,0.017372052434475472,0.01974658482385002,1.136686922764647,1.1366869227646472,12.975737729900597,6.4103063162327185,0.494022494109229,0.494022494109229,0.06226642973902806,0.058219850865053956
7776,1.8508085505641325,28.068156871654367,18.519954708553804,0.46593571908361264,0.02093855190091159,0.02453483691641052,1.1717542374715206,1.1717542374715209,17.213986438240063,7.607865780076659,0.4419583928087768,0.44195839280877686,0.10261374251208925,0.09400278454291254
7780,1.8517606125757398,34.183150151289134,4.620419874032228,0.47688861438556385,0.0259698119184179,0.027490751288769252,1.0585656675192436,1.0585656675192434,6.044785956959569,4.62857520872978,0.7657136649149243,0.7657136649149242,0.03853444031545163,0.027799491988130438
7781,1.8519986280786416,49.22991276739547,3.3991604689345762,0.3546322464609567,0.03051282034085156,0.03139294725108631,1.0288444955400078,1.0288444955400078,7.8067634240695964,6.839026805151286,0.8760386902548357,0.8760386902548352,0.06438976983853795,0.04189414307578878
7782,1.8522366435815432,22.594639997378636,1.1394337312701888,0.270471820213838,0.027668762079827082,0.02697598882054225,0.9749618990077651,0.9749618990077652,3.0737949123223887,3.4525385511488516,1.1232169515630779,1.1232169515630777,0.03449673576989069,0.012071513492444423
7782,1.8522366435815432,41.11823502417189,3.628206728596275,0.25396677114123944,0.028488619086383678,0.028827533217294508,1.0118964745143726,1.0118964745143726,8.945316729379483,8.457878665326964,0.9455091330135237,0.9455091330135236,0.09060518869376208,0.0603881688701574
7783,1.852474659084445,12.954289804122153,3.8303633825921097,0.25334354826816163,0.01924805954094807,0.019537330958314003,1.01502860154555,1.0150286015455503,14.23926142403709,13.265154512970886,0.9315900676265534,0.9315900676265535,0.47509821784225714,0.3227629606793358
7783,1.852474659084445,39.13031655353346,2.8387985554849546,0.22332887426876394,0.02896336930334609,0.028643444482979036,0.9889541573352071,0.9889541573352073,9.455979340255992,9.965233091391228,1.0538552097895606,1.0538552097895606,0.12616517158660773,0.07629655066164058
7786,1.8531887055931504,21.75171843337924,1.8406642936864446,0.1531801539481781,0.025346050152181346,0.023889848871448405,0.9425472106308597,0.9425472106308597,7.990998081447114,10.596724495995089,1.3260827230828336,1.326082723082834,0.18010140827376078,0.08738594108227475
7786,1.8531887055931504,30.94975853900855,2.856440951931474,0.2964426194858672,0.026762460248290536,0.027000384305649876,1.008890216189094,1.008890216189094,6.041362034647861,5.797499484142624,0.9596345080618147,0.9596345080618144,0.05993891513389049,0.036344593803378414
7788,1.8536647365989538,45.197637697658124,3.7054544536773126,0.20038973795808532,0.02932009626530372,0.029187800896443267,0.9954878944576656,0.9954878944576657,8.84478996635718,9.039195340862628,1.02197964849871,1.02197964849871,0.08180132415298369,0.054932181055944246
7789,1.8539027521018556,28.42692771089229,2.4716024473956857,0.24698841660257004,0.02654607960548245,0.02626996763269887,0.9895987664887981,0.989598766488798,8.071126285657678,8.475285631700537,1.050074714697631,1.0500747146976313,0.12577153637388208,0.07139427986056755
7792,1.8546167986105608,45.893818132142194,4.653677784778303,0.4753552431519288,0.028623777315373654,0.030313468009704428,1.0590310173152182,1.0590310173152184,4.88064923854707,3.729090177911459,0.7640561727852377,0.7640561727852376,0.02052037834551191,0.014835224560596659
7793,1.8548548141134626,41.0971086058616,1.5506152317218476,0.19999170478637263,0.03216221914539333,0.03081955833210999,0.958253477248766,0.9582534772487659,5.600177326646698,6.835269091836636,1.2205451172614017,1.220545117261402,0.06445873532730645,0.02812204778755102
7802,1.8569969536395787,83.33315541816894,24.118934313838448,0.2168472827770392,0.029398360832604102,0.03370481270834518,1.1464861221434166,1.1464861221434164,11.278539405904457,5.350944993665542,0.47443598865862496,0.47443598865862513,0.016571302478777895,0.015486436121047806
7805,1.857711000148284,13.51960968824449,1.0914524274778785,0.11315491936067273,0.023480108840480796,0.021370065452627,0.910134854902547,0.9101348549025468,7.178344893741694,11.319262601401665,1.576862461884515,1.5768624618845153,0.27103282937906764,0.0916818285521703
7806,1.8579490156511855,67.96845238672506,2.958368618277792,0.17051841798674042,0.03461929543492018,0.03359518378752951,0.9704178945722374,0.9704178945722374,3.5601450078764847,4.113282852550524,1.155369470471083,1.1553694704710833,0.012002680234577987,0.00738762750469567
7806,1.8579490156511855,30.06650525216732,2.257100329835239,0.36906207966768134,0.0274002455204048,0.027671600560987795,1.0099033798942028,1.0099033798942028,9.761546254430035,9.33082157271613,0.9558753633402668,0.9558753633402668,0.18889254259042842,0.1025056235841837
7807,1.8581870311540873,75.43590008075581,2.7556764391802813,0.1790411163107376,0.03619566397330374,0.03513439849445876,0.9706797620944951,0.9706797620944952,6.275005783622049,7.23440770575465,1.1528925956748388,1.1528925956748386,0.03666221700432563,0.021883602255584007
7810,1.8589010776627928,11.474591056479984,6.278041565534879,0.27860209386798884,0.017390856341813636,0.018362827626067744,1.0558897885848872,1.055889788584887,20.940125202978884,16.080413383926555,0.7679234592942644,0.7679234592942644,0.7393496795141014,0.577917680103368
7813,1.8596151241714978,16.012629248654328,1.6686306221918585,0.42835465362502667,0.023227733658334873,0.023341069313788522,1.0048793247382954,1.0048793247382954,13.415634598526909,13.123140528888193,0.9781975226374433,0.9781975226374432,0.6627599064077565,0.30302314516867285
7818,1.8608052016860068,18.407330081628096,3.5797228260420955,0.29477754707946313,0.021831939857409152,0.022294812306011623,1.0212016179792371,1.0212016179792371,9.67508323868104,8.766574954515324,0.9060981428528186,0.9060981428528188,0.18303762664504514,0.12140150020100743
7818,1.8608052016860068,3.314038202139964,2.745006890248352,0.24799336157057067,0.012778609099965718,0.012712969740076442,0.9948633408083942,0.9948633408083942,11.153390291105682,11.426024032177612,1.0244440240999495,1.0244440240999495,0.9329395870384796,0.5559105098915781
7819,1.8610432171889084,3.7060556599223946,3.8297358384259708,0.3974676649499781,0.012683204020927227,0.013207248432283832,1.0413179832550146,1.0413179832550146,20.421522029254096,16.90861587271286,0.8279801989533909,0.8279801989533908,2.251000346418852,1.5291542535958196
7823,1.8619952792005157,10.969690979420793,1.5802267135833599,0.1386721657343856,0.020647773485369378,0.019218548346799053,0.9307806655481258,0.9307806655481258,7.781676163536192,10.969733978435691,1.409687803488698,1.409687803488698,0.29677195734346434,0.13107667445365706
7830,1.863661387720828,84.40330057642124,5.765564745986916,0.2616856876341439,0.034163976041155855,0.035705462169634834,1.045120220393025,1.0451202203930248,6.002614103105048,4.846705902135995,0.8074325317079567,0.8074325317079567,0.017279633392781518,0.013236226465597287
7830,1.863661387720828,2.080872051432214,1.2722196148086022,0.24748015274071702,0.01227451476300645,0.011907078906298867,0.9700651419789742,0.970065141978974,10.348695509542424,11.903842740552419,1.1502747113948817,1.1502747113948817,1.805322016669885,0.6866587885024001
7834,1.8646134497324351,18.819795795238008,1.2135908202814134,0.4395119998624627,0.025768289506081298,0.02575289137611743,0.9994024388013711,0.9994024388013711,7.038919631774306,7.057912580628024,1.0026982761343064,1.0026982761343066,0.1975007490337117,0.07253155300313235
7834,1.8646134497324351,3.560179417338635,1.4333416648143174,0.2235603886673537,0.014406118164108646,0.01389875629096195,0.9647814999594593,0.9647814999594593,21.501780214451085,25.39188361490166,1.180920061578719,1.1809200615787188,5.087391629109601,2.105747170765282
7841,1.8662795582527474,42.525601120240964,2.818640936699877,0.1065532530824699,0.029807261612821725,0.027754569192484188,0.9311344850459338,0.9311344850459338,7.728908914319472,11.013149891986362,1.4249294452910584,1.4249294452910586,0.08016004093379551,0.04832547693740875
7845,1.8672316202643544,1.915193424240487,1.2457899652999564,0.43536284650124046,0.011979940911624616,0.011973563556727044,0.9994676639104803,0.9994676639104803,10.363869523690123,10.38878614175989,1.002404180987884,1.0024041809878843,1.9361113258374651,0.7250864863584584
7846,1.8674696357672562,15.427705621193475,3.2875200313811783,0.22236802443260598,0.0208182353384508,0.02074467931742391,0.9964667504314818,0.9964667504314819,11.991536154519759,12.194939190175951,1.0169622167698278,1.016962216769828,0.33786245611275206,0.2170252895267353
7847,1.867707651270158,92.36455555529602,5.903263064538439,0.45745802779494116,0.035107254251693074,0.03776841844795022,1.0758009776890713,1.0758009776890713,6.082539074535652,4.297187017500605,0.7064791470868861,0.706479147086886,0.016374794004234545,0.012615526135672019
7849,1.8681836822759617,49.410458587074324,17.545753751822662,0.1039997909595282,0.025408248420820092,0.026806961921369714,1.0550495837959253,1.0550495837959255,8.862508728019765,6.557343180538175,0.7398969503755112,0.7398969503755111,0.019636027119015232,0.017903290478792338
7856,1.869849790796274,2.687229474165569,1.4574277380141987,0.2163715290563414,0.013082547947688834,0.012595021419980791,0.9627345888845629,0.962734588884563,22.73566714698859,27.12472235936262,1.1930471265258376,1.1930471265258373,6.7940514228620295,2.8442817910941898
7857,1.8700878062991757,98.26903397414529,1.6769330094264034,0.3683368896522119,0.042494200487537194,0.042467200900143304,0.9993646288885513,0.9993646288885513,5.223839668476486,5.238956920359983,1.00289389660535,1.00289389660535,0.02988558310851927,0.013706463637031116
7858,1.8703258218020775,3.4000739820778048,3.468085320480146,0.18380139237836693,0.012485627117314522,0.012297047563581562,0.9848962689690255,0.9848962689690255,23.601962082781625,25.397982174700257,1.0760962196964499,1.0760962196964499,3.442282676679564,2.2566301729986047
7874,1.8741340698485058,1.949424420401296,1.5735169822805826,0.2074399948193904,0.011616141405694126,0.011166665798439213,0.961305945618518,0.961305945618518,9.17115537941706,11.024792069409019,1.2021159399558423,1.2021159399558423,1.307517408322699,0.5759102477281357
7875,1.8743720853514074,1.691286920168337,2.100624574710359,0.27089625456845723,0.010608702712166431,0.010493593005461167,0.9891495020806594,0.9891495020806597,24.65098573758933,25.92765037127284,1.0517895976766873,1.0517895976766876,8.619297801690994,4.504403783138568
7876,1.8746101008543092,63.21236926138488,10.297121210171719,0.49499058518324685,0.02907276528497038,0.032608926473181504,1.1216314015385112,1.1216314015385114,10.524211772191425,5.979040509780743,0.5681224056683672,0.5681224056683674,0.03857216417129938,0.033051212828075945
7879,1.8753241473630147,0.9489291317649574,1.4031779321591626,0.47312079834899934,0.009302168997596873,0.00932866207524938,1.0028480537882456,1.0028480537882458,22.924754614334443,22.63255548147742,0.9872539908159229,0.987253990815923,14.138335871815007,5.766907589974825
7879,1.8753241473630147,99.08866804986627,2.8865096923461193,0.2766800718783601,0.03938723951322476,0.0395823653968134,1.00495403805903,1.00495403805903,5.686641432763413,5.5568470706237925,0.9771755677451694,0.9771755677451691,0.024258649776369958,0.014775949550289744
7881,1.875800178368818,96.5030759071193,67.79672399381174,0.13424875708268508,0.028558666574749307,0.033765838341439244,1.182332454250296,1.1823324542502962,19.13961343433426,6.719207601567774,0.35106286888293625,0.3510628688829363,0.015800414443027443,0.015419491892183087
7882,1.8760381938717199,84.77998379717084,2.4206936037807227,0.44336133372680087,0.03832407926083704,0.03907118855350077,1.019494513816727,1.0194945138167266,6.542756523398994,5.990332127225109,0.9155670252747082,0.9155670252747083,0.040483290668898574,0.022750199977333643
7885,1.876752240380425,4.474159224208209,1.5262675225338438,0.4019161771022069,0.015394875970833959,0.015403589754655398,1.000566018449122,1.000566018449122,15.616214126675402,15.576252426293518,0.9974410122672677,0.9974410122672677,2.2195344914617463,0.9583278407062897
7885,1.876752240380425,1.8201507641848826,1.0793972121675757,0.129995562214477,0.012056116837292564,0.011099554530946236,0.9206575119289286,0.9206575119289286,23.63223972060921,35.110181518709446,1.4856899698800259,1.4856899698800259,11.247726599986175,3.771126861961962
7890,1.8779423178949342,66.68698040857399,22.405026128156116,0.332571559796099,0.027468377952429526,0.03223320142271434,1.1734657750281674,1.173465775028167,11.466821662807734,4.92222823468065,0.4292582879042881,0.4292582879042881,0.02132784459920621,0.019830827724730615
7893,1.8786563644036391,36.91378730266977,1.5933044518651258,0.43918755484737726,0.030902044723571886,0.03103507223854574,1.0043048127126806,1.0043048127126806,8.412168943374493,8.25030552220343,0.9807584200625752,0.9807584200625755,0.15366232966392013,0.06823012808760243
7894,1.878894379906541,53.11601648895723,1.5763930553835979,0.34242109319706204,0.03494454549403993,0.03474073552105403,0.9941676170027548,0.9941676170027548,6.911066402433203,7.097591674786236,1.0269893619148793,1.0269893619148796,0.0819077564896849,0.036119829005093744
7898,1.8798464419181482,46.49534100540312,1.7620412479395915,0.3918572828022805,0.03286496501100403,0.03297824604825304,1.0034468631629787,1.0034468631629792,7.776278120363369,7.655665398365849,0.9844896594321032,0.9844896594321033,0.10570717544269205,0.04997440739238599
7902,1.8807985039297552,29.725804238142473,1.0408356623521233,0.12864987435516087,0.03077210267872895,0.028302768807328293,0.9197541390921079,0.919754139092108,5.905380188580576,8.817183470909173,1.4930763455262788,1.4930763455262783,0.11117213993162135,0.03619257761659161
7908,1.8822265969471659,50.78695584319467,87.37153490498468,0.4132196798191363,0.02268912437251002,0.029404622812332325,1.2959787398388434,1.2959787398388432,19.9524513747325,4.285885625950072,0.21480496533762544,0.21480496533762541,0.020507340986602052,0.02012203798446885
7910,1.8827026279529693,30.14186739053097,6.805311167229093,0.255673490024286,0.02377189119774089,0.02509942497227844,1.055844684947225,1.055844684947225,10.094908790245588,7.734131972119511,0.7661418377145491,0.766141837714549,0.08415859781208702,0.0669670911589149
7913,1.8834166744616745,25.732138221139273,2.9112385093386552,0.3043676149631633,0.02509942497227844,0.02538879539172178,1.0115289660923683,1.011528966092368,6.987723402293311,6.624775759246516,0.9480592430250346,0.9480592430250347,0.08942052414170117,0.05466504245280839
7915,1.8838927054674781,101.40785359014133,13.523924580045868,0.32373938276819714,0.033102823243629204,0.03735374486736727,1.1284156820236224,1.1284156820236226,7.206835311305435,3.8999331917432207,0.5411436536679778,0.5411436536679777,0.010266478462580999,0.009115617473918683
7920,1.885082782981987,73.64901314950235,3.0624905072888815,0.2705320002379308,0.035390692059512924,0.03562380764034697,1.0065869178382283,1.006586917838228,7.498261970245254,7.270983876601338,0.9696892300448017,0.9696892300448016,0.049175440101029484,0.030705693373093795
7921,1.8853207984848888,26.43036638639575,23.572000162825706,0.19297552523617162,0.020088203857642366,0.022786633373252714,1.1343290587218806,1.1343290587218804,19.98787433808581,10.007597958397515,0.5006834538342368,0.500683453834237,0.11439874826241825,0.10674506736799777
7921,1.8853207984848888,71.26737866095706,3.3574934420304605,0.423803134637727,0.03457405507388391,0.035801031892765456,1.0354883688436176,1.0354883688436174,6.600683319517706,5.616842078317312,0.8509485770524315,0.8509485770524319,0.03631431688422604,0.02351663961472463
7925,1.8862728604964958,1.7657285139612404,1.4105328082943815,0.17341012531084188,0.011432048014378894,0.010810001271132805,0.9455874623283862,0.9455874623283861,18.51232715722633,24.091137113030044,1.3013564911867934,1.3013564911867939,6.0756169253325885,2.487180431490884
7930,1.8874629380110046,0.7689161822150382,1.4694362990093737,0.47872680388221334,0.008609820659161129,0.008643267179505358,1.0038846941961144,1.0038846941961146,27.399040129952233,26.92379861999419,0.9826548117122353,0.9826548117122352,22.61262004618869,9.519316775129017
7931,1.8877009535139064,53.294604712628775,1.5115930123159784,0.1877425769470536,0.03521146736282415,0.0335549556414595,0.9529553340025365,0.9529553340025364,6.119636208886186,7.671239564425184,1.2535450315307877,1.2535450315307877,0.0657320431584247,0.028200262282825357
7931,1.8877009535139064,39.19913816658802,2.98171437886261,0.22014041754229327,0.02878554252991846,0.028509676246289924,0.9904164987218215,0.9904164987218215,4.824919159922778,5.050040467222343,1.0466580474900988,1.0466580474900988,0.0316317328027104,0.019533626396180545
7933,1.8881769845197098,112.74915239811682,33.89385971481442,0.29670150016313035,0.03161896798765889,0.03795781214897697,1.2004759979450366,1.2004759979450366,17.891656702097013,6.534800641026819,0.36524290342888704,0.365242903428887,0.024539964418221386,0.02337907316779408
7934,1.8884150000226116,81.63585768139282,3.6715292836766813,0.1212202381683029,0.03575007570681335,0.034144839945818115,0.9550983954786617,0.9550983954786616,6.673556505824604,8.386759221632026,1.2567150985103908,1.2567150985103908,0.03162755736413954,0.02116957732221243
7934,1.8884150000226116,34.43983094915067,2.988688432006591,0.11519157712619431,0.027561147952125144,0.025909106651950738,0.9400590533077915,0.9400590533077913,4.77900842001559,6.488032505530745,1.357610603563151,1.357610603563151,0.03377034420920666,0.02087467401851696
7945,1.8910331705545311,91.27946493611762,7.249447576662852,0.20947372574002385,0.034144839945818115,0.035691013373636074,1.0452827844638155,1.0452827844638157,3.955278282711107,3.172354420489467,0.8020559348140247,0.8020559348140246,0.005839977610520321,0.004708449604965573
7948,1.8917472170632363,40.66864757202732,2.4462414442530958,0.35062763969539923,0.02995567399644503,0.03028393222605564,1.0109581319936105,1.0109581319936105,7.090593552861402,6.743984703175213,0.9511170895493911,0.9511170895493912,0.07701530009205465,0.0435010470146954
7949,1.8919852325661382,82.1125138134587,2.2070361004557655,0.22266502385632603,0.038424143347721214,0.03755245777441914,0.9773141182247392,0.9773141182247393,6.176414557925047,6.877129483711135,1.113450112393604,1.1134501123936038,0.03930913423492579,0.021086417091324586
7950,1.89222324806904,92.74958366382003,8.814570166372922,0.4411650785265376,0.033589468449220665,0.037180216869257134,1.106901019450928,1.1069010194509277,7.675100638068478,4.675962631357847,0.6092379568503747,0.6092379568503747,0.018287439862458236,0.015288656949465273
7954,1.893175310080647,57.711937026594484,2.6524246469742243,0.31781667726746266,0.03328096340198121,0.03359365607160433,1.0093955414044447,1.0093955414044449,5.232129844852706,5.010486374375429,0.9576380026777572,0.9576380026777572,0.03133256946644782,0.018383674758776072
7955,1.8934133255835488,1.0,1.335265036156821,0.20828746967025433,0.009540609763002427,0.009143834708945989,0.9584119816329671,0.9584119816329671,9.368438174333269,11.415617939615691,1.218518789064658,1.2185187890646576,2.346364953979735,0.9242321325231628
7957,1.8938893565893522,54.2131895511108,29.183451842339213,0.4301311599257647,0.02507012843065591,0.030312299531986945,1.2091002890484148,1.2091002890484148,18.066101120615315,6.53094390100084,0.3615026760560057,0.3615026760560058,0.04712890461729688,0.044555392060785536
7959,1.8943653875951558,31.953035041509562,6.0350505098507,0.3089710585099786,0.024580833142328527,0.02605143450582366,1.0598271569958602,1.0598271569958604,11.716350388201818,8.854388372519747,0.755729222765135,0.7557292227651347,0.12097809889626851,0.09369783823066924
7960,1.8946034030980576,25.256929029266885,2.194645186473496,0.2720149519916285,0.02595865429393452,0.02572872152853314,0.9911423464869246,0.9911423464869249,7.263512805693173,7.5691762254229,1.0420820377008417,1.0420820377008415,0.11976992302719537,0.06405955460897324
7964,1.8955554651096647,45.55995026782735,1.7022444409433928,0.36381670519008813,0.03281421523145806,0.032788420075652365,0.9992139030105169,0.999213903010517,6.094550937008124,6.116395957474412,1.0035843527590584,1.0035843527590584,0.06727194424015817,0.031140778608333128
7967,1.89626951161837,26.567810394462033,1.009687960707514,0.4158174146020309,0.02979119691392097,0.02969644045041975,0.9968193133100691,0.9968193133100691,8.513192766946911,8.636380842429546,1.0144702556203027,1.0144702556203025,0.2528617535264608,0.08028739931447158
7967,1.89626951161837,2.863761443396309,1.023965405671085,0.24891409268171527,0.014144951029171867,0.013705370593854897,0.9689231560851359,0.9689231560851361,15.00917590121412,17.355089392759826,1.1562986207228034,1.1562986207228036,3.445747116785593,1.106845660966261
7967,1.89626951161837,0.9830062700526395,3.357241474763505,0.12134398707817759,0.008291692175806411,0.00787878772594597,0.9502026316093574,0.9502026316093575,13.072600641986835,16.835386141101893,1.2878375621014284,1.2878375621014282,2.4766930421108158,1.603825455136278
7969,1.8967455426241735,71.75087002195455,13.495148946749328,0.3907631609328479,0.02950358195976943,0.03359406802907834,1.1386437102751328,1.138643710275133,13.192693852981359,6.852511263602944,0.5194171364822792,0.5194171364822792,0.04341337226581535,0.03853735072088315
7974,1.8979356201386823,21.988717005816078,5.312960732083265,0.11006225794105512,0.022035500485530435,0.02138122704459496,0.9703082105457462,0.9703082105457461,11.734023755879237,13.689360370650453,1.166638201477265,1.1666382014772647,0.1734835345481695,0.1301459902167191
7976,1.8984116511444857,30.891985518057197,1.025793722335325,0.25389025071756666,0.03124466313452918,0.03031611606809357,0.9702814185437816,0.9702814185437819,5.298886424687168,6.086884189627615,1.148710068830541,1.1487100688305412,0.08789027086217878,0.028273668571582564
7982,1.8998397441618964,71.07028081704361,1.56136453297741,0.22016201608342112,0.03856337149001856,0.03723234018591692,0.9654845711701803,0.96548457117018,5.035643251111165,5.928738964788264,1.1773548421008633,1.177354842100863,0.03602277629230306,0.015786967383109436
7986,1.9007918061735034,25.66832364763662,2.566645403115032,0.1365576823767304,0.025521659063247864,0.0241483828702009,0.9461917350418441,0.9461917350418441,11.65293722234322,15.243464217903954,1.3081220577311867,1.308122057731187,0.2731554639986063,0.15785310299164865
7991,1.9019818836880125,20.088719728190103,1.2969559580347165,0.4912638923340548,0.0260557895430961,0.026103685881388686,1.0018382224884557,1.0018382224884557,7.261496016299869,7.2016555538477025,0.9917592101795769,0.9917592101795769,0.1939376144457634,0.07480827664584061
7992,1.902219899190914,90.92001481448342,2.9521240317609694,0.46692233155901386,0.038155857612282754,0.039315479075563944,1.0303917022404419,1.0303917022404419,4.585392859890529,3.9957261612065404,0.8714032326778504,0.8714032326778501,0.016426569918796798,0.010101525018038099
7996,1.9031719612025213,56.8329381758881,2.4442414892825357,0.21937504354826973,0.03349471849531635,0.03284239088801057,0.9805244636584421,0.980524463658442,7.9591952693809045,8.730372935563553,1.09689141176739,1.09689141176739,0.07767990212991238,0.04385908152012471
8009,1.9062661627402442,4.87088308402962,1.531444755036606,0.302456094070143,0.015828769413291373,0.015614531362393594,0.9864652743808445,0.9864652743808443,15.124342692420365,16.096882668935333,1.0643029582371444,1.0643029582371444,1.963255296164993,0.8495681953392644
8010,1.9065041782431458,127.40136658186805,7.289194561839015,0.3995835884741127,0.03813489793578302,0.041496523692528375,1.0881509047803442,1.0881509047803444,6.334471627580604,4.212187882608587,0.6649627830470519,0.6649627830470518,0.011935934208765327,0.009633891808985051
8012,1.9069802092489494,86.98801726320038,4.806037663789013,0.10539201231588002,0.03528208558326555,0.033880428066081325,0.9602728270165232,0.9602728270165232,3.560940724343603,4.378831629426134,1.2296839426422341,1.2296839426422337,0.006945028553848224,0.005068190193626094
8014,1.9074562402547528,0.7720528573571728,2.132472558696009,0.323839497631399,0.008150515744370531,0.008157200014950277,1.0008201040019293,1.0008201040019293,16.273548337437383,16.212384725293063,0.9962415319095705,0.9962415319095705,6.271574252090781,3.3039758325518047
8027,1.9105504417924761,2.534705374936757,1.4028237885063048,0.28878580546843724,0.012907219668186854,0.012672422190361295,0.9818088260786111,0.981808826078611,23.480160839780172,25.538334806877696,1.0876558717438833,1.0876558717438831,7.705353572315497,3.142398340174312
8036,1.9126925813185918,57.891462366829415,3.2951691189020442,0.2980039494438249,0.03234047465436066,0.03289110174621272,1.0170259434265236,1.0170259434265239,7.713928546558345,7.127805713193118,0.9240175962445578,0.9240175962445578,0.05779522493579644,0.03715817356793103
8036,1.9126925813185918,1.7628763255999451,2.3643460198456934,0.48002419652783285,0.010574014992409658,0.010782432545769886,1.0197103516034198,1.0197103516034196,25.72305877410061,23.5317561623696,0.9148117402764971,0.9148117402764973,8.413835505192095,4.673884569962418
8039,1.913406627827297,94.01234428537255,8.488385106480449,0.12132727056037594,0.033880428066081325,0.03428019974447752,1.0117994872324656,1.0117994872324654,3.461496680748593,3.255302606873052,0.9404321041177631,0.940432104117763,0.0038130833430234786,0.0031671180424189334
8040,1.913644643330199,3.5506567162908333,1.4051235963289699,0.35506922073727165,0.014438250260707924,0.014344759237867198,0.9935247678110172,0.9935247678110172,23.816101482037702,24.528866016955547,1.0299278425335656,1.0299278425335656,6.325994909944835,2.5827996439390857
8040,1.913644643330199,22.487392467192475,7.819956002719605,0.34099386152855027,0.021223099928210132,0.023047277980151326,1.085952479049324,1.085952479049324,13.9995423321966,9.363356601597832,0.6688330503536306,0.6688330503536304,0.17412690254701593,0.14248277322704714
8047,1.9153107518505113,16.714395281747294,11.165042914140363,0.2296467091830506,0.01850379402647214,0.02011481904432062,1.0870645779748571,1.0870645779748573,14.733316592568078,9.621482403341892,0.6530425341022844,0.6530425341022844,0.1704083879579789,0.1477073886963113
8048,1.915548767353413,92.33774378439105,7.242170085762964,0.2820047638560378,0.03428019974447752,0.03660107872140317,1.067703192928435,1.067703192928435,3.824632570409132,2.7751949916209266,0.7256108764780131,0.7256108764780129,0.005423534123889447,0.004371806754078081
8051,1.9162628138621183,128.42516286459886,30.707607540423417,0.21031192062279017,0.03328201633757151,0.03873020574464631,1.1636976964320647,1.1636976964320647,9.848962146802645,4.223672627086279,0.42884443702095526,0.42884443702095526,0.007503226601798072,0.0071129907107879186
8054,1.9169768603708237,14.029230781360123,3.29981511674976,0.3230708477138358,0.02015908751254357,0.02060298650920024,1.0220197961033932,1.0220197961033932,20.467920781637673,18.49048295398865,0.9033884365322032,0.9033884365322032,1.0456968101067454,0.6726753175813437
8055,1.9172148758737253,1.0,1.5552860731410487,0.37708838369221953,0.009315521089458602,0.009301204165537667,0.9984631107821617,0.9984631107821614,7.383769836349896,7.435479356839018,1.007003132767568,1.0070031327675681,1.3320303597023675,0.5822802350589719
8061,1.918642968891136,29.635247297959733,3.426579291715934,0.19458126279688337,0.02573621462284336,0.02544398913924309,0.9886453587723467,0.9886453587723466,6.860748937477419,7.247234245507678,1.0563328160747947,1.056332816074795,0.06932126072398898,0.04523980063601965
8064,1.9193570153998412,4.983812884712141,1.2715020546582472,0.14375906652032588,0.016424127859947003,0.015269357578908554,0.9296906179198379,0.9296906179198378,21.870128801073683,30.94433292579843,1.4149131542508,1.4149131542507996,4.505528543347728,1.712980027075201
8066,1.919833046405645,104.71844871850908,81.81447722985529,0.44370889354499665,0.028996132026271167,0.03750951853190748,1.2936042123798785,1.2936042123798783,29.01410863730168,6.378490642800007,0.21984099951289107,0.21984099951289104,0.028564552049473065,0.027991998714007624
8067,1.9200710619085466,47.032432259507665,3.8006702127502434,0.49734436059025067,0.029613371785657795,0.03096955855473621,1.0457964320609798,1.0457964320609798,10.590792678389043,8.601868694061347,0.8122025381172667,0.8122025381172667,0.11194914596972849,0.07584925316701052
8070,1.9207851084172518,58.965966563972515,2.1143160888470938,0.11478469863676362,0.034624077057462045,0.0320222839842421,0.9248559587912766,0.9248559587912766,3.1933835831966992,4.677425736054007,1.4647240502726342,1.4647240502726342,0.013493850353591972,0.007076436243721858
8080,1.9231652634462695,29.861366894561062,4.008599318136326,0.3865252538999424,0.025277271405041317,0.02636692041248688,1.0431078572518806,1.0431078572518806,5.985228329288493,4.913302180037603,0.8209047190387945,0.8209047190387943,0.04639124739075238,0.032005895325857556
8082,1.923641294452073,76.88526382769983,2.6022366366834886,0.46285542200329166,0.03671839799639362,0.03759059908373684,1.023753789242899,1.0237537892428992,3.453203513669534,3.101380506310917,0.898116920718422,0.8981169207184221,0.011429854981715502,0.006647601344605032
8086,1.9245933564636801,2.4352141796425113,2.0354146349025686,0.4994202908086963,0.012034917958802814,0.012199930824480155,1.013711174952933,1.0137111749529328,17.57032655351976,16.51651984222916,0.940023498818837,0.9400234988188372,3.507902793230831,1.8020728020996855
8088,1.9250693874694838,49.26221285712852,1.2072837880926848,0.3426154820707188,0.03554269974203163,0.035170763507408574,0.9895355097580498,0.9895355097580498,2.943488045574221,3.087418906695073,1.0488980620584696,1.0488980620584696,0.018235644553318556,0.00667072612484911
8094,1.926497480486894,57.1688896325344,3.964136110149587,0.3554206492605724,0.03143195411587087,0.03264040406234829,1.0384465420769764,1.0384465420769764,8.884372113364568,7.444710533059513,0.8379557314872703,0.8379557314872703,0.06689094197254529,0.04597715632404635
8094,1.926497480486894,2.2393028564985133,2.2393028564985133,0.1928204031252074,0.011541453858700219,0.011162312731098394,0.967149621508384,0.967149621508384,13.51799650688791,15.82907773424646,1.170963295202878,1.170963295202878,2.0576044946044663,1.1120663511595794
8096,1.9269735114926978,30.85813716096816,1.348154576211145,0.3664347019678816,0.029879365443628382,0.029709095507014737,0.9943014205929211,0.9943014205929209,8.078575246912354,8.290561560394302,1.0262405569054975,1.0262405569054973,0.1763709604379792,0.06994909381324084
8103,1.92863962001301,3.1779349563982002,1.7900547944790077,0.2771295179220552,0.013405374362249183,0.013206123689039619,0.9851365081029984,0.9851365081029982,11.328084557416972,12.136830129763943,1.0713929674736982,1.071392967473698,1.3284164526077458,0.634001424122314
8105,1.9291156510188137,139.40637656714864,7.078306209403134,0.4285289918300328,0.039428438473131946,0.04290947653762518,1.0882874949984476,1.088287494998448,5.996370571607363,3.990668199371621,0.6655139390929767,0.6655139390929767,0.010335517050884997,0.008292406815061892
8121,1.932923899065242,90.92175429420442,1.3335644006943397,0.11384836079505929,0.04290947653762518,0.03915456230454756,0.9124921920269727,0.9124921920269726,4.787359252916536,7.458745887037209,1.5580083910546763,1.5580083910546763,0.03032431921055504,0.011933872605749888
8122,1.9331619145681436,25.444711794472603,1.4047438847936655,0.237954020826804,0.027837440647261402,0.026970537112831486,0.9688583607446254,0.9688583607446255,8.531525238379206,9.87459549513144,1.1574244017600053,1.1574244017600055,0.21843229905390427,0.08916561146178309
8128,1.9345900075855542,140.98783744990052,225.7236730580759,0.1088715139640958,0.030297427106214185,0.03752384248021476,1.238515810225958,1.238515810225958,19.17645108510346,4.079741329279196,0.2127474636038572,0.2127474636038572,0.0037380851443193433,0.003710646555053282
8132,1.9355420695971612,15.4175608622505,2.610501014848832,0.380638596291727,0.02148233088545004,0.021867072444465414,1.0179096747493057,1.0179096747493057,12.23388870290322,11.275362320424,0.9216499016987335,0.9216499016987335,0.4177808041848318,0.24333755487768838
8134,1.9360181006029649,8.116561798369855,4.088746818814543,0.16414062794382625,0.016332253191777973,0.01609947763181773,0.9857474925702581,0.9857474925702582,19.37337577052747,20.783319522865412,1.0727773914592043,1.0727773914592045,1.1401160101233316,0.7917377208146523
8139,1.9372081781174735,159.38817719524033,12.068483170857077,0.395153728711361,0.038928272184039964,0.0439713933173006,1.1295490616541735,1.1295490616541735,7.243845805851516,3.9388080140703154,0.5437454246870607,0.5437454246870606,0.00852720084933758,0.007467679482820492
8152,1.9403023796551968,172.59515399081064,20.441024420504963,0.38709700305323014,0.03802002902710386,0.04464076040022045,1.174137988384932,1.1741379883849319,10.035710499493078,4.344583463282829,0.43291239454369296,0.43291239454369296,0.009460098746286286,0.008736233079784382
8153,1.9405403951580984,7.623489072481623,1.357398636862929,0.42386021804868224,0.018728212569873073,0.018727778865909317,0.9999768422126704,0.9999768422126705,19.045436959065054,19.047428712751238,1.000104579049064,1.0001045790490641,2.4799543292802437,0.9883277374974183
8166,1.9436345966958215,3.0877825076611036,2.3672934784816233,0.4961763696128224,0.012743954651812658,0.01299807492681583,1.019940456627961,1.019940456627961,17.894771697407645,16.35362137368048,0.913877061424012,0.913877061424012,2.799868083373698,1.5562861672924497
8170,1.9445866587074283,181.03872073385878,23.733632140972563,0.3918239985334222,0.03812778844866997,0.0452810669708897,1.1876132556665309,1.187613255666531,11.994549275969089,4.839694892531462,0.4034911843021665,0.4034911843021667,0.011347399299649012,0.01059311091906995
8176,1.946014751724839,10.364831891588578,5.448063133872879,0.21353016226554727,0.01709711798384101,0.017536658021850497,1.0257084286617726,1.0257084286617728,13.747651359497489,12.143661247863,0.8833262446296777,0.8833262446296772,0.3849316138602908,0.29067320431764326
8181,1.947204829239348,114.74253530391854,37.613127492322064,0.3551269222940163,0.03154812539548306,0.038532413595086454,1.22138520473243,1.2213852047324303,18.52559164885007,6.148623618555529,0.33189890693381385,0.33189890693381385,0.023499407760559057,0.02249387939769208
8181,1.947204829239348,1.9233040740193177,1.9233040740193177,0.49204163954765157,0.011218027735065101,0.011348429718738152,1.011624323522168,1.0116243235221685,11.451150673289435,10.866360981012166,0.9489317965537446,0.9489317965537446,1.8107409178276774,0.9011828434597516
8182,1.9474428447422496,75.96162047151569,1.027561977670032,0.32005639725281343,0.04216005754259383,0.04152272324897732,0.9848829833077761,0.9848829833077761,8.34706973256769,8.945697617355293,1.0717171299590253,1.0717171299590258,0.11960843681436277,0.0385317109498746
8184,1.9479188757480534,9.647870899735286,2.6945086424604257,0.15952419323287384,0.018293501164200743,0.017572884730420686,0.9606080636335346,0.9606080636335343,23.425835114393557,28.425119485400995,1.213409013876979,1.213409013876979,2.046176874223187,1.209153197823201
8195,1.9505370462799727,41.83151293348714,3.7624415864496283,0.16226134415792326,0.02851644368983222,0.02794018400059408,0.9797920212104284,0.9797920212104285,10.399153871672084,11.487920276177707,1.1046975953948992,1.104697595394899,0.11764170644479363,0.07942578010808436
8198,1.951251092788678,2.1102560123548697,2.5035855741121265,0.32225947226599727,0.011136407122342786,0.011219281596799226,1.0074417604839687,1.007441760483969,28.45996259930415,27.50225102430696,0.9663488111885079,0.966348811188508,8.772630549856313,5.0104802910833675
8199,1.9514891082915795,101.91385403374643,2.297530058019476,0.32302263303685275,0.04105455194911629,0.041208050810818506,1.0037388999371486,1.0037388999371488,4.064968521985581,3.99572392205746,0.9829655261649363,0.9829655261649362,0.014338403926322817,0.007851540505701166
8203,1.9524411703031865,47.97189181632456,1.0152970076882906,0.251371319499878,0.036243613265530564,0.035141402568218634,0.9695888296446374,0.9695888296446373,7.935103321942245,9.145742846630505,1.1525675817403138,1.152567581740314,0.1477425413385927,0.047126187704326035
8214,1.9550593408351062,2.7176691860935107,2.256950294695274,0.4051522273963012,0.012296924221550029,0.012465841858751943,1.013736576249359,1.013736576249359,8.811047386078176,8.278761440358032,0.9395888000147203,0.9395888000147204,0.7641469777582701,0.41466273352528926
8218,1.9560114028467133,99.02273923658572,45.22038648767928,0.4649126770024803,0.029624968612699924,0.0369683400695969,1.2478777801556538,1.2478777801556538,21.17007984818424,6.17529960665197,0.2916994008022897,0.2916994008022896,0.028282566203801134,0.02727009438053853
8219,1.9562494183496149,71.28518165920043,1.514933723706135,0.20449917829218933,0.038782936089000665,0.037207976695444914,0.9593904032964016,0.9593904032964014,7.9053618740725735,9.592370110099653,1.213400507516298,1.2134005075162981,0.09023634063218833,0.038769775827225746
8222,1.95696346485832,94.13969877568509,3.9330030214191947,0.17942627630635755,0.03715506687361529,0.03679998773401642,0.9904433185167804,0.9904433185167807,8.558416869544157,8.96690090068001,1.0477289243282222,1.047728924328222,0.04479446001847148,0.030707594945384574
8228,1.9583915578757307,2.060968296421052,1.7458642796202883,0.2718857926160684,0.011647312555213386,0.01145085807112788,0.9831330632577923,0.9831330632577922,11.682916774311751,12.635267635324427,1.0815165321648694,1.081516532164869,1.9161961994680798,0.9008635067282077
8229,1.9586295733786327,96.88967779869309,1.7890340685726787,0.33334786570924835,0.041881967585454635,0.041724850907977305,0.9962485841393016,0.9962485841393015,4.247665936475888,4.321229811386004,1.0173186582961722,1.0173186582961722,0.019145170156373698,0.009134130594876035
8233,1.9595816353902398,100.69594776489575,11.720157734021756,0.11843739865548353,0.03350235514894165,0.03466127991242514,1.0345923371157415,1.0345923371157417,8.370867773646953,6.972262097905597,0.8329198700110367,0.8329198700110366,0.015889289867016414,0.01386243175214009
8236,1.9602956818989452,96.34389317195108,116.06544433992526,0.4527803090694376,0.02762064358406484,0.03645367400306124,1.3197981391024658,1.3197981391024656,20.155264172926834,3.726375553360096,0.18488348857096487,0.18488348857096484,0.01030851626872671,0.010162171691786914
8238,1.9607717129047484,1.2699070730589919,1.2699070730589919,0.3602063919421003,0.010414528595885715,0.010337657635665177,0.9926188728070797,0.9926188728070798,21.68377569106764,22.424209537618566,1.0341469058295016,1.0341469058295014,11.027518357695877,4.188747960667352
8239,1.9610097284076504,53.175512928845954,24.400573868687236,0.44146350081074404,0.0252846084650922,0.030202515354093133,1.1945019989449537,1.194501998944954,12.667099057775582,4.9609000553006775,0.39163663540275817,0.39163663540275817,0.02788904843906383,0.02608322071340292
8243,1.9619617904192574,50.35126649479569,2.080590733386051,0.10262071221503924,0.03292573312825322,0.03014997518376411,0.9156963966853251,0.9156963966853251,12.156623638288103,18.757146209715568,1.5429568906483768,1.542956890648377,0.21964215142855173,0.11419228964986107
8248,1.963151867933766,24.437117602901946,1.1534639584353392,0.13700016552000505,0.028344725683359218,0.026220139837295625,0.9250447554230201,0.9250447554230202,12.90588517150993,18.719157632837568,1.4504357805817603,1.4504357805817596,0.5734145167182585,0.20257198593126186
8250,1.9636278989395697,43.998462734236476,1.1174889386233384,0.12043453610837061,0.0346614230683857,0.03171495579639602,0.9149928937950296,0.9149928937950295,5.659911744504521,8.681614933105715,1.5338781459861295,1.53387814598613,0.07578277714230586,0.026118044301567136
8253,1.9643419454482751,73.3303214393657,5.665310204066002,0.30612495760815617,0.03266785758433169,0.034449530597463154,1.0545390222952973,1.0545390222952975,7.6420170664301015,5.921196609737211,0.7748211706759828,0.7748211706759829,0.031222710185237763,0.023812745936981145
8254,1.9645799609511767,97.81884949478061,1.634033753326881,0.35272753963222103,0.04259744329990872,0.042452298916808545,0.9965926503598284,0.9965926503598281,3.940943255095633,4.002636101521432,1.015654335125488,1.015654335125488,0.017339158257714735,0.007823975638914776
8261,1.9662460694714894,1.6060705436183562,1.135228935259842,0.27012473874683285,0.011468448202286579,0.011180036522583392,0.9748517258293338,0.9748517258293339,19.677870243278896,22.114079708922247,1.1238045294294718,1.1238045294294723,8.255296531118365,2.8804766193920437
8267,1.9676741624888996,102.06339077991454,3.8644793780496363,0.29839368528288795,0.03825653843077451,0.03927773976611667,1.0266935111547018,1.0266935111547015,6.364455253734973,5.621197043873646,0.8832173092229461,0.8832173092229461,0.023803279536190877,0.01622038566289477
8267,1.9676741624888996,10.040757178155685,1.7892227257946884,0.27730409872725575,0.019672059643459392,0.019380192521939156,0.9851633673946655,0.9851633673946657,18.788162222545086,20.126922251194877,1.071255507206731,1.071255507206731,1.6976120459813302,0.8099790748216226
8268,1.9679121779918016,90.13819438394646,1.6206402546511829,0.15228610313526217,0.04150430317122222,0.03895549256786991,0.9385892447624665,0.9385892447624666,3.6917306960333707,4.991270738823312,1.3520137707190423,1.3520137707190423,0.016150181159416497,0.007249522832633844
8269,1.9681501934947032,123.56029675653636,10.922903511962678,0.33313291819436364,0.036127716841168556,0.04017749751233306,1.11209622487269,1.1120962248726898,11.965101759911233,7.036796653762503,0.5881100549716267,0.5881100549716267,0.03021775196496267,0.0261129296447727
8279,1.9705303485237209,3.5753280886154823,2.340778293424282,0.4462884282185757,0.013403772181207887,0.013646820768033984,1.0181328497336632,1.0181328497336632,19.642713977533766,18.096074078079784,0.9212613948753241,0.9212613948753241,3.083723379499004,1.7044978480742123
8280,1.9707683640266225,44.930414374482,1.1720211008970627,0.3518466667505463,0.03463454809419976,0.034309073107468537,0.990602591786502,0.990602591786502,6.411868092972577,6.692257678967771,1.0437297807642831,1.0437297807642834,0.0934994062214314,0.03343960745437105
8283,1.971482410535328,89.9419201219478,1.6665385448964118,0.35361938723777114,0.04129743643339111,0.04118379754492049,0.9972482822595077,0.9972482822595077,6.269778475498548,6.348919456213443,1.0126226119509911,1.0126226119509911,0.04584716025914475,0.020945541983684438
8295,1.9743385965701492,73.08657450466237,41.628149598675996,0.35987518046629596,0.026936844818126356,0.03314738445384787,1.2305592833033776,1.2305592833033776,18.24219310173445,5.752622024289303,0.3153470633825463,0.3153470633825463,0.02788024342253783,0.026798733523183772
8296,1.9745766120730508,26.93387732271143,23.919079456236638,0.3750053894446335,0.020189558937158403,0.023947105860994102,1.186113373527939,1.1861133735279392,21.5252815986886,8.726341136666772,0.4053996272549769,0.4053996272549768,0.1291904626790261,0.12066590226741461
8296,1.9745766120730508,2.5450779746144296,2.8320404366544163,0.4924363992158421,0.011651661104427061,0.01198550120725457,1.0286517175392842,1.0286517175392844,20.839747949609116,18.305929920306543,0.8784141710624624,0.8784141710624624,3.795638087679672,2.2929807424115607
8299,1.975290658581756,47.90839795676958,1.6352688880085553,0.24074318714839052,0.03357347878362144,0.03266750612744586,0.973015228418404,0.9730152284184038,7.158056773764002,8.124440066698373,1.1350063744222312,1.135006374422231,0.0920212779900605,0.04154275802693843
8303,1.9762427205933635,1.9180156689349879,1.9180156689349879,0.34419296882298483,0.011212323378806819,0.011214868966569815,1.000227034814908,1.000227034814908,14.561155212833576,14.546056010445438,0.9989630491422253,0.9989630491422256,2.9385514058701347,1.4601837503019652
8310,1.9779088291136757,151.64011292587196,14.41086928220628,0.21316124073052808,0.03761959489335803,0.04145945253324473,1.102070680207262,1.1020706802072622,7.489610138826767,4.504848315239284,0.6014796807494389,0.6014796807494388,0.007991210500311074,0.007145801933285414
8311,1.9781468446165773,127.5959242084791,7.275688860962445,0.3842205695409183,0.03816232832593809,0.04145692963166943,1.0863312447184221,1.0863312447184221,9.576807041473481,6.417276434445413,0.6700851762653929,0.6700851762653929,0.027298794476612025,0.02202554902209049
8313,1.9786228756223811,89.37005295441928,4.8082894159753975,0.3859871050626123,0.03559917065297644,0.03756990799014626,1.055359080029721,1.055359080029721,5.836607339833285,4.526185873692586,0.7754823324849313,0.7754823324849314,0.018317887141600916,0.013369422020839098
8320,1.9802889841426934,100.8536249545976,16.135664795704937,0.21878497134023098,0.032484046292849816,0.036176950036440225,1.1136836128817877,1.1136836128817877,14.596888280501478,8.276728699142314,0.5670200757923431,0.5670200757923433,0.035828004384364245,0.0324114997608698
8321,1.980526999645595,83.67123837378941,19.27678725180005,0.33416813007840374,0.03002511513453565,0.03485477359376382,1.160853953018584,1.160853953018584,11.161862443471774,5.123774938357723,0.45904301045695645,0.4590430104569564,0.02005183273792922,0.018430901989470172
8323,1.9810030306513986,55.76316932257571,1.896014846289129,0.35091515956883235,0.0345360729420003,0.03456450370777438,1.0008232194153002,1.0008232194153002,7.615015490821849,7.58645831493742,0.9962498860417489,0.9962498860417489,0.0856458878425677,0.042277383230447274
8326,1.981717077160104,58.60103219451369,1.0599790950620673,0.12115135854511695,0.03846856660433008,0.035207115653508064,0.9152177676811357,0.9152177676811356,5.237809858520876,8.02258594985868,1.5316680380841863,1.5316680380841865,0.05511000927058715,0.01820907826327371
8329,1.9824311236688092,100.0886575742867,2.401941385331418,0.14388151000466734,0.04054928091038284,0.0384162595667427,0.9473968145488378,0.9473968145488381,3.4308218561356316,4.4533118895596955,1.2980306399749255,1.2980306399749253,0.010020212926624734,0.00560965623160415
8334,1.9836212011833179,7.650551944252745,10.791120730152064,0.4769923960409618,0.014310620670366687,0.016104534218546143,1.1253553978894957,1.1253553978894957,9.365089586449479,5.223726089860348,0.5577870923326408,0.5577870923326407,0.11960177479695511,0.10317870349251151
8336,1.9840972321891217,29.88881036240442,11.41037683388687,0.33353673744625,0.022409383032420876,0.02500547895400525,1.1158486120670283,1.1158486120670286,16.94840765870739,9.784395086935614,0.5773046815940138,0.5773046815940138,0.15003679025961084,0.13043359441510852
8337,1.9843352476920233,121.36212234055087,5.179168837221976,0.4579246347052131,0.039063042792455205,0.04164520219404358,1.066102362156158,1.0661023621561578,7.5718492343417685,5.597254977220545,0.739219020874644,0.7392190208746436,0.023631017902990884,0.01760755718957643
8342,1.9855253252065324,21.66555534808089,1.5702570737884842,0.14022233953498742,0.025931154333418596,0.024154638560771144,0.9314910647707657,0.9314910647707659,10.30596670438233,14.470910865979368,1.4041294020313504,1.4041294020313502,0.3319594528475361,0.14601877448805634
8349,1.9871914337268446,165.19129874878297,5.41783008795087,0.292777123774487,0.043054971236534685,0.04513780240198309,1.0483760900455787,1.0483760900455787,7.644819472364759,6.09319377322356,0.7970356651651269,0.7970356651651271,0.01888363041751605,0.014239041909518036
8353,1.9881434957384516,57.29109749558676,5.283842389809412,0.1152528060339705,0.03034184663899272,0.029543074975276945,0.9736742567708697,0.9736742567708696,8.933194925060237,10.233427176758198,1.1455506414676375,1.1455506414676373,0.053349160903317774,0.03996396269165802
8356,1.9888575422471568,138.39050753211856,69.63511906970832,0.3194923289834735,0.0321489083101954,0.040621357875696276,1.2635377065918596,1.2635377065918598,19.76727357459165,5.0083367513848644,0.2533650749804188,0.2533650749804188,0.012908209724196923,0.012605074432072299
8360,1.9898096042587639,60.281182735226615,1.344072416352341,0.19609298071912407,0.037369506468248714,0.0356521845787485,0.954044833560771,0.9540448335607709,4.1700166735553905,5.194504979234403,1.2456796665049124,1.2456796665049126,0.030124098959763507,0.011921570525395338
8374,1.9931418212993888,84.51541754101675,111.45744318428267,0.25695182794898336,0.02650173999804351,0.03392469579742,1.2800931485979596,1.2800931485979594,21.605417166798677,4.641887901037214,0.21484833480422044,0.21484833480422041,0.013455830152909297,0.013257000770061207
8375,1.9933798368022904,63.36246153204561,14.492480829189159,0.2611313272383581,0.028109221600627794,0.03145338011812671,1.1189701573744124,1.1189701573744124,18.566737570781665,10.386587500442436,0.5594190934646338,0.559419093464634,0.08740297601856052,0.07820403575137992
8377,1.9938558678080942,50.04693977225837,2.4276459994217228,0.1228227549152407,0.032135812794662856,0.030062941472023944,0.9354965335439352,0.935496533543935,6.7679677955265864,9.37285512562376,1.3848847111564155,1.384884711156416,0.0614327000471114,0.034571264328701494
8380,1.9945699143167994,95.52822016548062,1.5411900549233761,0.20867108853059194,0.04264441271118119,0.04099249099173897,0.9612628803067302,0.9612628803067301,4.508053009103671,5.419638369074272,1.2022126532517972,1.2022126532517972,0.023891886374571025,0.010382027911423487
8381,1.994807929819701,21.91123123157138,4.406298787718359,0.416562979254514,0.022525622142133696,0.023702509676676482,1.052246616191854,1.052246616191854,12.132973917962726,9.555795888885203,0.7875889253118693,0.7875889253118693,0.21709707868251202,0.15438691098572338
8383,1.9952839608255049,124.64350946289777,31.259131665234957,0.23979348771221037,0.032904891951535925,0.038716053463504194,1.1766047893585931,1.1766047893585931,18.39567417205308,7.467358561372349,0.40593013833202407,0.405930138332024,0.026245991393657422,0.024904053646026107
8386,1.99599800733421,97.7860756747517,41.432163605553484,0.4606276000272664,0.029692465933282376,0.03683280995385872,1.2404766258424065,1.240476625842406,18.775632464406772,5.714113555537247,0.3043366750158521,0.3043366750158521,0.02443655492617539,0.023484286625453005
8386,1.99599800733421,1.5031015218285733,2.7900322803076456,0.4583162144864837,0.009795970052261977,0.010061458890736305,1.0271018426003684,1.0271018426003686,13.223443551258086,11.696360399424213,0.8845169833474591,0.8845169833474591,2.195085105190261,1.3174330715197127
8392,1.9974261003516203,54.01610950121224,6.878745193412388,0.42546765836274275,0.02883890170848062,0.03131346942310764,1.0858065865212658,1.0858065865212656,10.026246663738716,6.750647388482254,0.6732975573897347,0.6732975573897346,0.0557444366256809,0.044458534479673184
8396,1.9983781623632277,17.687613900452895,29.664069178139872,0.380880186686526,0.01723585210417419,0.020774887330042142,1.205329867329905,1.2053298673299049,22.770680432254807,8.328754155756746,0.36576659096928066,0.3657665909692807,0.15550346879855315,0.14714369127599553
8397,1.9986161778661293,35.54558080763742,1.0814605905920864,0.16188205310904338,0.0324561558512257,0.030425649405722826,0.9374384799355037,0.9374384799355037,4.1356264320640745,5.609530796677776,1.3563920457578857,1.3563920457578857,0.04745201792279341,0.01593402624318542
8398,1.998854193369031,30.844860911770265,2.7248324536230557,0.25162005052263464,0.026907329102667837,0.026786856284744136,0.9955226764624603,0.9955226764624604,9.149898464414026,9.344277761850181,1.0212438748027794,1.02124387480278,0.14267064117828238,0.08473374097055861
8399,1.999092208871933,26.32313959606067,3.7799059608165733,0.2516117634715488,0.0244218092241348,0.02475689456740323,1.0137207419889793,1.013720741988979,17.489918983774484,16.393813718462166,0.937329311454834,0.937329311454834,0.4515042076995762,0.3053265285991375
8399,1.999092208871933,31.555269885921504,2.8177233126184342,0.20096941958602996,0.026986636772211317,0.02646464957259111,0.9806575675203177,0.9806575675203176,11.505068155989472,12.623716387395834,1.0972309086951388,1.0972309086951388,0.21676543210178353,0.1306611625074702
8400,1.9993302243748348,46.130115081178076,5.507792272396075,0.368592579027202,0.028086158099805893,0.029856220789051195,1.0630225993514413,1.0630225993514413,10.721356286112101,8.014504706028255,0.7475271310971948,0.7475271310971949,0.08573143633580896,0.06492020523054708
8401,1.9995682398777364,57.338753824162055,2.8540461749921553,0.269358085433013,0.03287304221021554,0.03295737984156141,1.0025655560202356,1.0025655560202356,10.53626224047053,10.410770093196522,0.9880895003930347,0.9880895003930349,0.12093576219248377,0.07330409145718529
8403,2.00004427088354,20.856152072230522,1.9657993360688168,0.37015093671161947,0.024749778544122508,0.024864724625219797,1.0046443276610484,1.0046443276610484,15.84960396800699,15.518100963975513,0.9790844613719921,0.979084461371992,0.6979156870669428,0.35166730573172866
8403,2.00004427088354,56.57294027783842,6.518411677798048,0.42536490378536007,0.029469576736954252,0.03187392043324261,1.081587316904805,1.0815873169048051,10.300301079250689,7.074859329662042,0.6868594689832808,0.6868594689832808,0.05978128592726174,0.04712572644359268
8404,2.0002822863864416,37.496023713235694,1.0975992725233292,0.15327749964496162,0.03295895333488941,0.030761747907447706,0.9333350969881741,0.933335096988174,5.0999029409803125,7.0705229852456615,1.3864034408244155,1.386403440824416,0.06909954241762849,0.02347887675319941
8404,2.0002822863864416,34.41520409497214,3.1074813878077956,0.4072032591573818,0.027408827984558487,0.028223363231843945,1.0297179889539365,1.0297179889539365,7.4816264483008075,6.535309473197529,0.8735145383637536,0.8735145383637537,0.08041064650798968,0.05050896164366213
8408,2.001234348398049,1.3990514705700874,1.2096894188206007,0.15271855504893078,0.01084053706162759,0.01012255360957422,0.9337686455964598,0.9337686455964598,14.482917955738014,20.040198749388892,1.3837127856855067,1.383712785685507,4.737571675136843,1.7356422092003838
8414,2.0026624414154592,26.966415679120146,1.719239413633976,0.28121292771263334,0.027509780171270058,0.02709410057082889,0.9848897520135299,0.9848897520135299,10.822542838461558,11.607328531794584,1.0725139835477504,1.0725139835477506,0.2990380010760972,0.13927544934140468
8415,2.0029004569183613,27.755862153530153,3.2303288787258557,0.42346525150650105,0.025379616670944308,0.02622257289797629,1.0332139069695656,1.0332139069695656,9.956617941284852,8.561294704927795,0.8598597189743129,0.8598597189743128,0.15959174446171845,0.10181179672880514
8417,2.0033764879241645,80.49294831771866,3.231133028039026,0.17422788578247278,0.03619135889637918,0.035350198860822406,0.9767579869558054,0.9767579869558055,6.035805518299905,6.76031663227327,1.12003552993494,1.1200355299349403,0.02883406827313678,0.01839654160414763
8417,2.0033764879241645,20.955961985851943,1.1313030008930434,0.17429555732085458,0.02701455660257979,0.02548258403673114,0.9432908491378922,0.9432908491378922,6.573159797074424,8.646950924048921,1.3154937946126761,1.3154937946126757,0.16650558286315842,0.05794087342253906
8419,2.003852518929968,117.69754885125847,7.646585084203288,0.13444739064931374,0.03694097100673337,0.03740636568533084,1.012598333663526,1.012598333663526,10.134453261901395,9.500939300997755,0.9374890835714622,0.9374890835714623,0.030877474152103207,0.025158221902636325
8424,2.005042596444477,115.19615471033703,10.488071677012021,0.22042705639045332,0.03544288849681901,0.03823001023189165,1.078636980598316,1.078636980598316,7.802372320357893,5.305991230490117,0.6800484535512057,0.6800484535512058,0.013973704863672892,0.012005836276548615
8425,2.005280611947379,27.813418679627517,4.041980339205269,0.13152600239082252,0.024659354263388347,0.02385210365003922,0.967263919211881,0.967263919211881,10.215107611426985,12.051876603802755,1.1798090692966459,1.1798090692966459,0.14074917101315446,0.09737203810977005
8426,2.0055186274502805,1.6958282774467057,3.9531024063690956,0.14078567170260892,0.009733485043300742,0.009454956574698583,0.9713845074643782,0.9713845074643784,11.777567570881079,13.59306350599002,1.1541486324899195,1.1541486324899195,1.2294475438214405,0.8442633435498914
8427,2.005756642953182,116.73070136657537,3.5808540019063524,0.21966013920371763,0.04040846424292096,0.040427388408317444,1.0004683218170014,1.0004683218170014,8.85029665641658,8.830537960765275,0.9977674538585122,0.9977674538585118,0.044693375835092856,0.029646727813462025
8433,2.007184735970593,1.5719552628731333,1.679782159748497,0.3680797149824897,0.010704306371937877,0.010697668531945578,0.9993798906943004,0.9993798906943003,14.780087132981148,14.821832284649552,1.002824418509364,1.002824418509364,3.764364992928672,1.728280305165342
8443,2.00956489099961,116.52757880507275,9.715365160566188,0.4132053331704125,0.035867190313043903,0.03991864315843433,1.1129570733037606,1.1129570733037606,9.747966897416086,5.7585162439025535,0.5907402337844392,0.5907402337844392,0.02320594814545728,0.019709982518147987
8444,2.0098029065025127,32.80168740230065,1.0886243417457608,0.4131376645936331,0.03156427946064775,0.031463527607640616,0.9968080420421843,0.9968080420421841,9.342963576222877,9.478679245935368,1.0145259765389514,1.0145259765389512,0.25462958928006,0.0859551123917049
8445,2.0100409220054143,36.93301115991258,2.064038657396276,0.48557593665402554,0.029728876551900697,0.030149506346626415,1.0141488627729132,1.0141488627729132,7.14529394828912,6.703406512711762,0.9381568569781285,0.9381568569781283,0.09379942253861716,0.04855561685840892
8445,2.0100409220054143,53.10586512151579,4.559601322636432,0.15492104873403562,0.030127716742115798,0.029766096326180755,0.9879970852411284,0.9879970852411285,12.572035082030052,13.345090203854983,1.0614900544566492,1.0614900544566492,0.12562320724082957,0.09026968203004357
8446,2.010278937508316,54.721318288156,2.0554563773245,0.24742611342790632,0.03391235030271106,0.03330647965307718,0.9821342182353713,0.9821342182353713,11.272903277262623,12.257911631174217,1.0873784090650676,1.0873784090650673,0.18014482457477515,0.0930412244648436
8447,2.010516953011218,75.41586695306533,3.747078743815989,0.3966260742248599,0.03472537736436011,0.03610945430141341,1.0398577939853815,1.0398577939853815,8.05733615636946,6.716260880183257,0.8335584801031218,0.8335584801031218,0.04783128647358616,0.032247003777112905
8448,2.0107549685141195,1.0,3.3428772362151014,0.44877844851671184,0.008343976332936104,0.0086503500579268,1.0367179523006735,1.0367179523006735,18.40599527908757,15.57983580238175,0.8464544060859979,0.8464544060859978,4.870105953999615,3.148544733393451
8450,2.0112309995199227,37.89462426484304,1.343585162523645,0.21231390195032107,0.03201407286097933,0.030730702296454228,0.9599122995034678,0.9599122995034676,10.024877142258779,12.12453558369513,1.2094448053218996,1.2094448053218994,0.2372955850200496,0.09388519019759928
8454,2.01218306153153,71.68149945077862,2.756981243827387,0.17516707866197587,0.035582600687453,0.03447969919226457,0.9690044720205813,0.9690044720205813,9.535200955435709,11.086602902165602,1.16270259577964,1.1627025957796404,0.08755480186366925,0.05227225999623143
8460,2.013611154548941,61.21720817153964,1.1757830444528377,0.11215944674907484,0.03837615508623489,0.03491973371923815,0.9099330988414595,0.9099330988414595,5.111701644912519,8.07287239236119,1.57929256305399,1.5792925630539898,0.0482684934485739,0.01730545752034625
8468,2.015515278572155,80.57091269661645,17.656529260605538,0.22691277871693716,0.029888780510410995,0.03360345492161146,1.12428323764854,1.1242832376485405,14.320995953318373,7.701074296107151,0.5377471176732443,0.5377471176732443,0.036789799283722856,0.033562288008178086
8475,2.017181387092467,19.318026279657687,8.761702400887843,0.34170830903009064,0.019923745710560894,0.021822293632066007,1.095290712353288,1.0952907123532878,13.731335342686856,8.778988954972315,0.6393397827581203,0.6393397827581204,0.16748998051105476,0.1398815350037127
8477,2.0176574180982705,17.110582079217973,1.7056703061345113,0.1351201940626841,0.023667727941728396,0.022027158531057526,0.9306832740890859,0.9306832740890858,11.08719959904446,15.655124526045615,1.411999882043689,1.4119998820436892,0.4271591211042128,0.19798093612803602
8481,2.0186094801098777,1.8940027503648968,2.3011569144045785,0.23411274264258522,0.010872064348819668,0.010683593961405152,0.9826647100893053,0.9826647100893054,15.168023266881585,16.460422813511943,1.0852055356120287,1.0852055356120285,2.842292380248652,1.5576463449133036
8482,2.0188474956127793,166.39270924677623,7.088167402070976,0.3504057041321341,0.041817473126711496,0.045148831334121606,1.079664263723342,1.079664263723342,10.75353936287092,7.419277168967963,0.6899381606938393,0.6899381606938393,0.029504881979464666,0.023679195283938057
8483,2.0190855111156814,123.33679572616816,8.705114138577791,0.4534860724607599,0.036987436449107784,0.04092705168727451,1.1065122543322885,1.106512254332288,10.4626387539664,6.389181483319703,0.6106663561233591,0.6106663561233587,0.028419562620253257,0.02370866465846212
8492,2.0212276506417974,75.14845789993372,5.914558069348413,0.3330914902508282,0.03276699052433503,0.03482782665898569,1.0628936652916032,1.0628936652916032,5.040627547966545,3.761546475540401,0.7462456687675443,0.7462456687675442,0.012882162024593614,0.009929297966417516
8498,2.0226557436592074,29.263464350936463,3.978967403490478,0.1370401612512487,0.025131445293228506,0.024367773872276788,0.9696129127457113,0.969612912745711,7.979636592267806,9.296292887459796,1.1650020373694483,1.1650020373694485,0.08407634064303462,0.057861847758226365
8499,2.0228937591621095,187.47795033532088,5.93287190650078,0.177393999693781,0.04442430296759041,0.04517849464510304,1.0169770064386345,1.0169770064386345,7.448392520309992,6.850408432992949,0.9197163568264585,0.9197163568264584,0.015251380403277804,0.011764193148206951
8512,2.0259879606998323,180.2147252939878,4.637169248825824,0.43923745960774485,0.04517849464510304,0.04776820989932166,1.057321857989337,1.0573218579893369,6.844259096509564,5.268083603120968,0.7697083831626985,0.7697083831626985,0.016260315835742518,0.011743082140422413
8513,2.026225976202734,122.85063217911105,67.29065722135941,0.1431120715466137,0.030966859822415673,0.03679040785515644,1.188057428687856,1.1880574286878558,20.314127296851883,6.968095847540909,0.34301723848214577,0.34301723848214577,0.015265608955109611,0.014894865849540757
8518,2.027416053717243,96.22718299231008,19.175878566221176,0.4806094035771451,0.03147253544031341,0.03698642587444994,1.1751968933228605,1.1751968933228605,11.261809154166265,4.892267216761418,0.43441219343976734,0.43441219343976734,0.018688855530958847,0.0171706762328982
8518,2.027416053717243,0.8454405474826157,1.9079002942599297,0.13290474797540888,0.008539795105746747,0.007964971019978603,0.9326887731321184,0.9326887731321185,13.621927592851058,19.060454021833905,1.3992479325640408,1.3992479325640403,4.455600648657974,2.2073262657370947
8519,2.027654069220145,106.83361954955623,2.1955368058882803,0.2470574556296866,0.04197903047764101,0.041331209412783544,0.9845679841223939,0.9845679841223938,3.690230872318436,3.967346877831156,1.0750944900470734,1.0750944900470736,0.01181649403295226,0.006321451397281899
8527,2.0295581932433593,1.8416079352503516,4.669931217827159,0.13832485159685526,0.009795327062703769,0.009603017620404873,0.9803672260182997,0.9803672260182995,15.448476285227871,17.05458719304194,1.1039656518973242,1.1039656518973242,1.7490118113620847,1.265747946737845
8546,2.034080487798492,208.07893939854293,11.661863114025836,0.11530551533962734,0.04269412866997806,0.044055890530644015,1.0318957641972801,1.0318957641972801,7.227201529145292,6.102879854631,0.8444319464483984,0.8444319464483984,0.007334232094846221,0.006394479382734686
8556,2.0364606428275103,199.87161426235343,126.12527153880842,0.29600954118848544,0.03506326318385283,0.045609040403982504,1.3007642832566184,1.3007642832566182,21.910542211071974,4.2401971233611,0.1935231489259274,0.19352314892592745,0.006896641109554059,0.006806460486976555
8557,2.036698658330412,1.4297538132937693,1.669718454805762,0.4519916443523325,0.010380777627965892,0.010444905915954709,1.0061775996256825,1.0061775996256828,19.771437911604394,19.228066786120145,0.9725173693530237,0.9725173693530236,7.202792241452394,3.29455827766984
8575,2.040982937382644,201.45632137000754,7.733445299430959,0.24686718321334553,0.044132948828638725,0.04691896107669279,1.063127715731657,1.0631277157316568,7.5584116643218415,5.581667726033053,0.7384709875462774,0.7384709875462775,0.01188371505293469,0.009703563502749556
8593,2.0452672164348753,2.2772929450603185,1.2425576666609872,0.2433421397873608,0.01269710265109982,0.012298489080189656,0.9686059424843954,0.9686059424843955,10.903309280792815,12.630325794032148,1.1583937930002253,1.1583937930002255,1.9120142564404037,0.7146817338582546
8608,2.0488374489784023,227.50633059226595,73.15566642047483,0.4370380850473522,0.03782175805344688,0.04858656914970748,1.2846195325201057,1.2846195325201055,16.200681293460434,3.76715744761517,0.23253080406784007,0.2325308040678401,0.005929124563526216,0.005796465949773644
8635,2.0552638675567496,1.6605423061011098,1.6605423061011098,0.12639279727551164,0.010920885362837652,0.01010013243314374,0.9248455686123372,0.9248455686123372,9.032801081379576,13.166125296119878,1.4575905278442178,1.4575905278442178,1.3653335976526857,0.622355315586119
8647,2.058120053591571,230.6162240800053,62.88180889205245,0.13653949484608044,0.038372624188593475,0.045223768975099485,1.178542513872235,1.1785425138722352,20.05820073931787,7.251484059088689,0.3615221601045406,0.3615221601045406,0.010455485087852281,0.010184128930925886
8649,2.0585960845973745,1.0859709184487378,1.0859709184487378,0.2826284879747617,0.010139364292353074,0.009911557429031232,0.977532431348418,0.977532431348418,10.62321110245562,11.786276613535808,1.1094834226546941,1.1094834226546937,3.1968475585982516,1.0770565444417595
8652,2.0593101311060797,31.988975234932088,28.63034690756176,0.4885885284815267,0.0210605211275041,0.025484043928381567,1.2100386203217235,1.2100386203217237,18.988501645519797,6.859783350506672,0.36125985496729224,0.36125985496729224,0.07538908205611647,0.07119643462319712
8676,2.065022503175722,202.29470415756109,12.50635620385783,0.35682925252546427,0.041996651841980905,0.047353498888885515,1.1275541456747695,1.1275541456747693,6.273865430823502,3.4290121981005064,0.5465549486053317,0.5465549486053318,0.005279667107403095,0.00464437770611309
8676,2.065022503175722,1.283386185032205,1.0244404065653174,0.3048479087906184,0.010823677748417377,0.010629305368678399,0.9820419284223979,0.9820419284223979,7.875765935929837,8.55361358233898,1.0860675205336856,1.0860675205336856,1.6197191409015002,0.5204861999567164
8677,2.0652605186786235,140.5135488219869,208.34859853723805,0.3998278340252582,0.030378937506935048,0.041141972414375505,1.3542926708672225,1.3542926708672227,24.106557682107404,3.3930166895811804,0.14075077554932602,0.14075077554932602,0.006411882511792617,0.006360917535433945
8678,2.065498534181526,84.73708642745432,5.004867774939946,0.24799602131592083,0.03480043229797552,0.035882820282417655,1.0311027166322042,1.0311027166322042,9.490120756959195,8.187139079630937,0.8627012542097771,0.8627012542097772,0.04853499923522269,0.035826437585281895
8687,2.067640673707641,179.6245270794002,3.18196161696239,0.2992966365729489,0.04739195141991352,0.04811787028741481,1.0153173449447002,1.0153173449447,6.9217306909783325,6.447095515559494,0.9314282516022373,0.9314282516022374,0.02246654440048692,0.014247142513740913
8698,2.070258844239561,165.4188303702538,2.3411668485498183,0.2244935710248994,0.04811787028741481,0.04717221203888371,0.9803470468895953,0.9803470468895953,5.412228047225202,5.940177896054575,1.0975475985532515,1.0975475985532517,0.018163298954720634,0.010040416638970368
8704,2.0716869372569717,1.8137126328782849,1.4017380139488862,0.25359088905028704,0.011546027540715067,0.011237067087450009,0.9732409738175695,0.9732409738175695,22.677511669836022,25.694957494882136,1.133058947073973,1.1330589470739727,8.988423594694495,3.6636914959572047
8815,2.0981066580790673,236.07540509183707,325.40835452923693,0.10989469800058185,0.03539475731909903,0.04457313005434298,1.259314470007435,1.2593144700074346,24.82683302853886,4.386976851298535,0.17670303925819422,0.1767030392581942,0.003086348061482265,0.003070605025100405
8834,2.102628952634201,1.5300533013837145,1.3802568106639643,0.1320628023526428,0.0109362482098029,0.010109037792162264,0.924360676369877,0.9243606763698768,16.784667323666877,24.470027961897937,1.4578798310404684,1.457879831040468,5.56495046000761,2.2439926995862605
8844,2.1050091076632187,1.931871438551682,1.423601059443149,0.4043240938023066,0.011762871573043085,0.01175471112033713,0.9993062533535897,0.9993062533535898,14.382437863875696,14.42765324812288,1.0031437913846826,1.0031437913846823,3.435176701151689,1.4152321837866726
8848,2.105961169674826,1.724410510245577,4.948683451271582,0.31379392781923643,0.009514311112495647,0.009955341814646867,1.0463544545618222,1.0463544545618224,20.794531619600743,16.758053575838748,0.8058875228544582,0.8058875228544582,3.1558353413478804,2.322179003943078
8876,2.112625603756075,236.80087941296617,200.09739911378327,0.2749681973152085,0.0362223664006939,0.047984586689547526,1.3247225804835407,1.3247225804835403,23.6797557554954,3.7305402066756974,0.15754132961485234,0.1575413296148523,0.004548027963967447,0.004510397068608096
8882,2.1140536967734858,172.54619146712375,2.636784216371229,0.2635086708226802,0.047984586689547526,0.04784658908302898,0.9971241263905978,0.9971241263905979,3.0716220388436697,3.1131945560637995,1.0135343856419847,1.0135343856419845,0.005225707711731376,0.0030577845088982218
8891,2.116195836299602,237.98430748580336,647.1227656146023,0.11604945467929717,0.03456735209068243,0.0448735458433423,1.2981481984973298,1.29814819849733,23.29919679817924,2.8552324866551166,0.12254639125063077,0.1225463912506308,0.0013616215798318706,0.0013581219312005558
8911,2.1209561463576367,0.9933445368993348,1.5271564341270516,0.23253006799165332,0.009321085855334189,0.009031304146060008,0.9689111640240555,0.9689111640240556,22.44611005425987,25.982472770908256,1.1575490233318735,1.1575490233318735,12.50203743232878,5.400075042966202
8914,2.1216701928663424,1.1060323539329286,1.1060323539329286,0.2882318754524492,0.010170818350849334,0.009955867230297571,0.9788658972034622,0.9788658972034621,20.00799894760421,22.058819220197705,1.1025000190155978,1.1025000190155976,11.09586256944681,3.7931416093811148
8925,2.124288363398262,2.157965936957959,1.710545804106918,0.10641347122330905,0.011863922079358094,0.010825202430346894,0.9124471956185167,0.9124471956185167,14.474132475843188,22.6483482897856,1.5647465108934775,1.5647465108934782,2.8895438932868025,1.3416087794200398
8984,2.138331278069466,2.392399994478609,3.1379768812262956,0.2926622156797328,0.01125496051678244,0.011402593928542856,1.013117186110096,1.0131171861100958,13.024202320845479,12.25437558580172,0.9408926000933172,0.9408926000933169,1.4307234534259305,0.9022464098537013
8991,2.139997386589778,1.4990066987953043,1.0982324186281849,0.3418726705096023,0.011268646953564151,0.011141211139884057,0.9886911166704191,0.988691116670419,14.536564526560998,15.30622743700078,1.0529466855138616,1.0529466855138618,4.800261932167015,1.6317966866313443
9015,2.1457097586594207,1.0,1.6777827089218147,0.4784368463172277,0.009207829166274823,0.00927356502398783,1.0071391265547993,1.0071391265547989,14.743156896633732,14.276352108024401,0.968337528259235,0.968337528259235,5.067607753467649,2.3248965209544705
9033,2.1499940377116524,1.1209964119877618,5.384008703145925,0.3388048704444546,0.008157519127700765,0.008621871899332894,1.0569232832142939,1.0569232832142939,10.47585497637531,8.04468861313918,0.7679266877291839,0.767926687729184,0.9945196152490325,0.7486873432817307
9056,2.1554683942783934,1.88483280830858,1.4745355165544674,0.4977368813764118,0.011602656581732838,0.011650899114342039,1.004157886796818,1.004157886796818,15.518276620582458,15.23041933375056,0.9814504346152649,0.981450434615265,3.981763076983958,1.6801368556145408
9063,2.1571345027987054,1.3846379113525755,1.714592745495063,0.19233376329676383,0.010229076196819738,0.009798151151681242,0.9578725354228496,0.9578725354228494,31.368829276597754,38.39108521251613,1.2238609504358273,1.2238609504358273,18.216508535767005,8.47017346418723
9077,2.1604667198393304,1.353631034940605,3.4401375704228427,0.1675554926222212,0.009194907521798953,0.008984878407945582,0.977158104814492,0.9771581048144922,22.966967436083657,25.688464940055262,1.1184961624361356,1.1184961624361354,6.060959256823951,3.961323752136526
9081,2.161418781850937,2.0,2.0,0.1727538637439518,0.011299605249474366,0.010785720652353678,0.954521898263252,0.954521898263252,7.312347381540864,9.118413856189372,1.2469886043991434,1.2469886043991434,0.7009758589290238,0.3566297997342705
9137,2.1747476500134364,1.452272036228559,1.483271607468158,0.2279767868368142,0.010627132361954781,0.010275050946774559,0.9668695746708984,0.9668695746708981,22.067186157508925,25.797200784222674,1.1690299161882276,1.1690299161882278,9.54629962469543,4.044167755177027
9140,2.1754616965221416,3.0556474171178585,1.790802196505124,0.15609741787815343,0.013230341899142902,0.01247859219614957,0.9431798733000217,0.9431798733000216,18.06911800195003,23.871938654161173,1.321145761048486,1.3211457610484862,3.4684867659415213,1.6557864041920167
9160,2.180222006580177,238.35206507390146,84.35912077940912,0.43430026054505744,0.038069625292669024,0.049309384828188516,1.2952421897802053,1.2952421897802053,20.559114583241456,4.463057292884343,0.2170841197860902,0.21708411978609024,0.008041621322962739,0.007885219813691467
9161,2.1804600220830785,104.7434555093637,72.82006269303245,0.3608582679950324,0.0292133507830698,0.03725121747328228,1.275143606425002,1.2751436064250017,19.136110400391676,4.606147750628436,0.240704492932595,0.24070449293259502,0.013937311650771202,0.01362406612110135
9171,2.182840177112096,67.86524693949578,1.7711710904009716,0.4737065094581799,0.03725121747328228,0.037572764728467836,1.0086318589564538,1.008631858956454,7.699988927365589,7.406079043305362,0.9618298302981089,0.9618298302981085,0.08028158213720092,0.03807248416580034
9172,2.1830781926149982,136.43405467197513,2.7124589538779933,0.4427755622888243,0.044196947425109226,0.0452996452966955,1.0249496387381678,1.0249496387381678,6.994939846644886,6.247366896063021,0.893126607666192,0.8931266076661921,0.03104715432192874,0.01840168777012954
9178,2.1845062856324087,104.05223818588237,1.8619721012400718,0.4034480740473094,0.0426332420428276,0.04290184126602632,1.006300229828379,1.006300229828379,4.360811774678837,4.238093961735416,0.971858952120799,0.9718589521207988,0.018751341934724896,0.009159645011701476
9182,2.185458347644016,95.40956263320514,1.153949996010581,0.11064035369080641,0.04462961427795936,0.04055741550672042,0.9087556807935483,0.9087556807935482,5.979480173547276,9.506613127089267,1.5898728403090514,1.5898728403090518,0.04963187210646814,0.0175393278238098
9182,2.185458347644016,2.319552414793554,2.319552414793554,0.4689325905841465,0.011618680257732683,0.011834863091634045,1.0186064879234011,1.0186064879234011,15.730788901325244,14.462488755283715,0.9193746636613577,0.9193746636613576,2.65592637744146,1.461359720230481
9190,2.1873624716672295,1.817923218243011,1.02674757908296,0.3359213189677641,0.012151188747951177,0.011999845832444572,0.9875450115502384,0.9875450115502383,15.4340065961314,16.33737620551387,1.0585311146367467,1.0585311146367467,4.926116661449328,1.5859082816412413
9198,2.189266595690444,222.91191164153443,11.313036515574096,0.24044348599678514,0.043821438240221854,0.04784473298886796,1.0918111068511962,1.0918111068511964,7.948263842929329,5.080543192737992,0.6392016285742171,0.639201628574217,0.00871273587703183,0.0075656210540558586
9200,2.1897426266962476,1.1690947311162754,1.1690947311162754,0.31948932129037283,0.010267282022100178,0.010117677220655472,0.9854289771019551,0.9854289771019551,10.350755072400727,11.065542705645631,1.0690565691338612,1.069056569133861,2.7786238523080193,0.9918554846158735
9212,2.1925988127310685,184.2804853550764,3.1589814581767066,0.2221329222178059,0.04784473298886796,0.04756626116259992,0.9941796764477119,0.9941796764477117,2.9108015708152997,2.9925402086700927,1.0280811439276152,1.0280811439276154,0.0039274982690633165,0.002483416086790499
9229,2.196645076280399,242.61589751081564,137.62269999847103,0.40956447819574304,0.037224940617690924,0.04943980828239815,1.3281366595089257,1.3281366595089255,17.362803692242654,2.988017648223514,0.17209303872729376,0.17209303872729378,0.0034902500093673024,0.0034483875705191777
9232,2.197359122789104,2.614699173863834,1.310464906979014,0.4945241668523522,0.013182885994881537,0.013209390641046625,1.0020105344289088,1.0020105344289088,8.600962664861862,8.523469772629515,0.9909902071137996,0.9909902071137997,1.053200230588545,0.4093118427212735
9255,2.202833479355845,0.78806294086872,1.0193000081326633,0.47737546730948094,0.009207438667014758,0.00920543584636552,0.9997824779809382,0.9997824779809381,12.232539095121627,12.244521972178765,1.0009795903339411,1.0009795903339411,5.422369700133373,1.735232843283764
9281,2.2090218824312906,244.37880361216017,396.6329631342098,0.3524032997930443,0.035514786857883375,0.04916688464664841,1.3844060177918431,1.384406017791843,22.429227056800155,2.351549003542359,0.1048430691609326,0.1048430691609326,0.0020206971517309964,0.0020122345621620013
9285,2.2099739444428974,158.6579127560509,1.8376578783095094,0.1480186638558892,0.04916688464664841,0.046209498368126656,0.9398500372806649,0.939850037280665,2.3113191291366406,3.1092735335288224,1.3452376585877373,1.3452376585877366,0.004010353470592109,0.0019439736090669827
9317,2.217590440535754,2.383038452296603,1.5190954174031004,0.18233058452524756,0.012488199106707265,0.011874454926972425,0.9508540683495986,0.9508540683495987,15.982147458659181,20.25183607593458,1.2671536242748196,1.2671536242748194,3.5481526746325374,1.5272250020094231
9342,2.2235408281082982,244.99493698060505,130.5194503132089,0.30707356504447225,0.03745421312613744,0.04891722082474667,1.3060538919881823,1.3060538919881823,16.264045901848185,3.062749261699809,0.18831410586167677,0.18831410586167677,0.0032069570349766907,0.003166420290833114
9343,2.2237788436112,1.6069637002464745,3.7641682435425654,0.37275986882022644,0.009621368974250238,0.009981979187116458,1.0374801355016448,1.0374801355016448,24.04309210219494,20.249124462419157,0.8422013431696074,0.8422013431696072,5.521454818701654,3.7284078781487517
9379,2.2323474017156633,1.0,1.0,0.35831939963004744,0.01,0.009908003309636029,0.9908003309636029,0.990800330963603,9.105366512070445,9.494515776170596,1.0427384513939422,1.0427384513939422,2.5879877613323328,0.8151650643432288
9387,2.2342515257388778,246.8720130515867,108.29006831719838,0.338323640185092,0.03794669095755423,0.049339259893056875,1.3002256230522433,1.3002256230522433,21.91347881739014,4.409973329650938,0.20124478483768915,0.20124478483768915,0.006970405929643573,0.006864432216658755
9392,2.235441603253386,3.2312336865323235,4.402836860940362,0.10815031243240814,0.011902013427534747,0.011388124045431021,0.9568233236138965,0.9568233236138967,13.216767435842243,16.527606693019603,1.2505029518941804,1.2505029518941801,0.9235216487928569,0.6565961215782543
9412,2.240201913311422,2.84570093339181,2.2788144455587633,0.3743411623525643,0.012469744011791965,0.0126063486720818,1.0109548889023428,1.0109548889023428,14.34360317071997,13.645621466157674,0.9513384680087145,0.9513384680087145,1.9507615904347093,1.0637944886405732
9484,2.257339029520349,1.45437436500418,1.45437436500418,0.43337282389080906,0.010664941220880398,0.010684975647409146,1.001878531359322,1.001878531359322,10.369639129907949,10.282090101039005,0.9915571768918712,0.9915571768918708,2.1307525774123746,0.890755878314597
9543,2.2713819441915533,1.5189687691421836,1.260084779943683,0.12846234150752187,0.011068920621763824,0.010194073049886898,0.9209636059583992,0.9209636059583993,31.32198282046613,46.493624503078344,1.4843767959893936,1.4843767959893932,20.50871974996044,7.7457523837299895
9545,2.271857975197357,249.15174208757233,159.62278299584085,0.3440596227998539,0.03726233938652195,0.0494859194150396,1.328041132944514,1.328041132944514,23.57083042600494,3.9027087242718728,0.1655736626048669,0.16557366260486692,0.0054537766980060146,0.0053973043141779245
9547,2.2723340062031605,1.7630129028481614,1.4894237153821155,0.1363605866357259,0.011329361262682436,0.01051600907258556,0.9282084690179347,0.9282084690179347,17.797984311090122,25.425556779552668,1.4285638381931667,1.4285638381931665,5.443394870537721,2.3124316766609967
9552,2.273524083717669,1.9690718675049395,1.4336719171684364,0.2322099421280855,0.011824819612326343,0.011440585257422623,0.9675061127779752,0.9675061127779752,14.94912871250154,17.418754269297217,1.1652019729237062,1.165201972923706,3.649158302006766,1.5106793164276122
9559,2.275190192237982,0.9219371218968784,1.2402833243883664,0.221004525425421,0.009395644911549997,0.009036240012816816,0.9617477137422077,0.9617477137422078,17.0033179021929,20.371505714473642,1.198090033466136,1.1980900334661357,8.505389731186744,3.1748568567261537
9601,2.2851868433598557,2.4942723136202436,1.1271708866354844,0.4765371484878685,0.013296461996281029,0.013298494287520717,1.0001528445115893,1.0001528445115893,23.350481007757363,23.334420407198955,0.9993121940163429,0.9993121940163427,8.700763983860085,3.0190457372180695
9602,2.2854248588627573,250.71262041215374,349.84516700882784,0.3662591160410293,0.03600234633909537,0.049685861038885414,1.380072858888393,1.380072858888393,23.679209886475274,2.6202308998104162,0.11065533488543464,0.11065533488543468,0.0025093744308442387,0.0024974651434647548
9605,2.286138905371463,1.7861965326162932,1.4225946842544699,0.3521074621086176,0.011460719297975538,0.011384440512337758,0.9933443282524812,0.9933443282524813,17.93331487783787,18.485504229499803,1.030791259475644,1.030791259475644,5.629695564750338,2.31820735635188
9608,2.286852951880168,0.9197588385425955,1.5775562442877618,0.25358380237670797,0.009039537473369958,0.008820139564001881,0.9757290779517854,0.9757290779517857,23.203459223201648,25.988770151305893,1.1200386072314232,1.1200386072314228,13.78834125562706,6.083308749039262
9610,2.2873289828859713,1.285554809754217,2.3410909401694835,0.3096838373867998,0.00953111326824867,0.00955092986971474,1.0020791486690317,1.0020791486690321,15.635963352192652,15.486818138173755,0.9904613991054166,0.9904613991054165,3.863948026421415,2.135901670395305
9610,2.2873289828859713,251.42925921141384,105.89021963146968,0.3309910478746142,0.038228410796085174,0.049585440989885765,1.297083503009851,1.2970835030098513,15.137097386347605,3.096766581176002,0.20458126826673034,0.20458126826673037,0.0033594438005609684,0.003307225793112727
9647,2.296135556493337,253.80369246961715,334.76855358529554,0.35437320279860895,0.03621615870550032,0.04981251117258456,1.3754222687625701,1.3754222687625706,17.527727848877095,1.9968098885091237,0.11392291720441382,0.1139229172044138,0.0014249838718598284,0.0014179176514969357
9669,2.3013718975571757,254.5618392242972,129.16995306532561,0.4026047311268337,0.037957202850186986,0.05021609584729001,1.322966184981743,1.3229661849817431,22.244652977329764,3.960274698715937,0.17803265812921332,0.17803265812921332,0.0059084786682361,0.005833021731410832
9671,2.301847928562979,1.0,1.137832709761573,0.4338623245256391,0.009789356876881442,0.009774722522152255,0.9985050749591379,0.998505074959138,11.395323916575673,11.472423387211231,1.00676588670932,1.0067658867093203,3.792075555472202,1.3255154978722437
9689,2.306132207615211,0.983212787090632,3.1789435869735305,0.35082542853373366,0.008353224513053292,0.008557225354624422,1.024421807560942,1.024421807560942,19.831839417220472,17.730117636567844,0.8940228520190794,0.8940228520190795,5.942353596588675,3.7669137667030137
9748,2.320175122286415,1.7064969605692604,1.7064969605692604,0.4030604816739417,0.01097500826964917,0.011014098137132129,1.0035617164490944,1.0035617164490944,9.088549834335915,8.943129787973575,0.9839996425158002,0.9839996425158004,1.3342646485752117,0.6185933854503948
9809,2.334694067963423,1.6782502258085947,1.1215130688352606,0.20829140923024764,0.011660866853716792,0.011154209385979918,0.9565506171974357,0.9565506171974356,19.17056017139988,23.56529622506034,1.229244008227619,1.2292440082276186,7.658024813483227,2.646759504877662
9844,2.3430246105649846,2.2523612622049916,2.9525935061058126,0.13440500568800362,0.011122727084515352,0.010584203421363127,0.9515834867600107,0.9515834867600106,19.010333376773403,24.229492650233045,1.2745432797005205,1.2745432797005207,3.322022965384635,2.0430161960298
9856,2.345880796599806,256.53259041823435,102.06553165682897,0.14907178338810062,0.03856817872492284,0.04710397424161398,1.2213170494145031,1.2213170494145034,20.21273807501077,5.562974451483407,0.2752212209369582,0.2752212209369582,0.006129699265994444,0.006030897187926225
9870,2.349213013640431,259.04600103055316,237.46473815923267,0.3387985000263141,0.03702054206725346,0.05005772732601099,1.3521608418124589,1.352160841812459,23.09851168461763,3.1537098814191835,0.13653303401012565,0.13653303401012565,0.0034373459883054523,0.003413355446802909
9899,2.356115463224582,260.1368829991292,108.19145545855758,0.19957631126252623,0.038616550421178196,0.048436346111767004,1.2542898209054791,1.2542898209054791,20.66221443625636,4.924591700467771,0.23833804046803916,0.23833804046803916,0.005990013520594529,0.005898863090284591
9928,2.363017912808733,4.018620488992909,3.770483445755213,0.47252960486710754,0.013056664289054255,0.013643473124487195,1.0449432429632795,1.0449432429632795,21.339804842693088,17.39854830340429,0.8153096259154257,0.8153096259154256,2.357750511414958,1.593023771359099
9935,2.3646840213290456,262.54129545385194,949.4363445171668,0.4727503326175153,0.0352736291088831,0.05082352260407809,1.4408362249088513,1.4408362249088515,25.610306235804114,1.6630319150671498,0.06493604175424393,0.06493604175424393,0.0010507646219734617,0.0010489226678982628
9959,2.370396393398688,2.004884763252626,2.810178359184085,0.11224307614038384,0.010772476168873668,0.010072660711920672,0.9350367133811756,0.9350367133811756,7.95000424446978,11.080572066797599,1.3937819057776628,1.3937819057776628,0.6513191114004641,0.3921402788736321
9973,2.3737286104393127,2.2901228476421087,1.0209524937711194,0.3708174651479103,0.013135741633316905,0.013035965492684057,0.9924042247923193,0.9924042247923193,11.153944516899875,11.545339878576414,1.0350903091801753,1.0350903091801755,2.2120368223572933,0.7088288759714896
9981,2.3756327344625268,1.0,1.288384140090585,0.19104174732239274,0.009595028552272355,0.009129532836173996,0.9514857393532072,0.9514857393532071,20.815476221639592,26.263518719486708,1.2617303798307231,1.2617303798307233,11.820643605759871,4.537693851377181
9990,2.3777748739886424,2.852239623155926,4.433627258134076,0.28624421311855286,0.011407162679454557,0.01178246746212762,1.0329008004198121,1.0329008004198124,19.39855651698282,16.630908796009336,0.8573271305753861,0.857327130575386,2.149755145088789,1.5316912205630755
10005,2.3813451065321694,1.0005836191850548,1.3425595796230665,0.18962776825391567,0.009534225373837104,0.009072008032959022,0.9515201998322325,0.9515201998322323,24.66306329752063,31.119306753759574,1.2617778407473004,1.2617778407473004,16.20435743052685,6.407717425296088
10020,2.3849153390756954,262.8178187794756,185.76324516505787,0.1316459241268511,0.037640480046445296,0.046931873822280715,1.2468457831667024,1.2468457831667021,14.1285692507819,3.0495414126264175,0.21584219594334722,0.21584219594334722,0.0016262941639811172,0.0016118071072295582
10022,2.385391370081499,1.0,1.3878734295462443,0.2627379919177222,0.009482497443439626,0.009249848536652304,0.97546543954533,0.9754654395453298,25.74774779272152,28.862271554967865,1.120962959064201,1.1209629590642012,17.33263294364528,7.016095156006209
10024,2.3858674010873027,229.4474714000592,6.59613339062759,0.49963746724518054,0.046931873822280715,0.050931381019515554,1.0852194227824776,1.0852194227824778,2.0402329831911095,1.3796280205255718,0.6762110170220405,0.6762110170220405,0.0009127996094197774,0.0007214454921070287
10048,2.391579773156945,0.7130816962922135,2.184112906041465,0.12475513153957932,0.007909907570667327,0.007375933047656989,0.9324929503613292,0.9324929503613292,29.77791072049654,41.82628681095729,1.4046078384595226,1.4046078384595226,21.78233730043034,11.62114327626334
10064,2.3953880212033734,264.23261866922746,290.4050690898708,0.2701655525388355,0.03692980194943415,0.049685793096447356,1.345411848254135,1.3454118482541348,15.835087744681848,2.085442897756781,0.13169759027430517,0.13169759027430517,0.0013046186336230095,0.0012971655161188045
10065,2.395626036706275,193.51012613566633,152.55287598466586,0.335065473798437,0.03433291652421849,0.04542821489309368,1.3231679534434118,1.323167953443412,18.85569627229917,3.2132205602963326,0.17041113273641675,0.17041113273641678,0.004320712928420779,0.004273917683088118
10067,2.3961020677120786,1.5743856001633092,1.5743856001633092,0.15607215320366935,0.010816660381563207,0.010165361346108352,0.9397874193623587,0.9397874193623587,5.843219205268521,7.8472730821017045,1.3429708532971405,1.3429708532971405,0.6118158229059109,0.26957724060951765
10088,2.401100393273016,1.2991677257565808,1.2991677257565808,0.17433531793799678,0.010455799630564911,0.009877575344967318,0.9446982243321401,0.9446982243321405,17.356413013398917,22.679182202906475,1.3066744946319526,1.3066744946319522,6.870207154645868,2.6533473883880982
10109,2.406098718833953,1.6904982409546434,1.9364850420011162,0.40860677594910483,0.010734908719313839,0.010821740988063218,1.008088775696169,1.008088775696169,16.328527042695214,15.741109353546268,0.9640250656037137,0.964025065603714,3.994420311719397,1.9957111529974236
10138,2.413001168418104,1.5010124944218972,1.0168826635530084,0.13046801176120165,0.011417858394552447,0.01051348082541713,0.9207927145455925,0.9207927145455926,19.924223560306952,29.57613303475803,1.4844308961519392,1.484430896151939,9.373245482951981,2.993691253292255
10157,2.4175234629732376,3.5363015611230018,3.5363015611230018,0.44579255102813303,0.012617628142487953,0.013121614338993375,1.0399430218432517,1.0399430218432515,15.629056113268234,13.034755707233392,0.8340078641196752,0.8340078641196751,1.4483095853602859,0.9563283495936132
10175,2.4218077420254693,1.484916744542523,1.821607738548187,0.2827036609297502,0.010375062718874265,0.010239874738348287,0.9869699119717084,0.9869699119717085,14.158991026641162,15.040008325002843,1.0622231694831914,1.0622231694831916,3.40798171346712,1.6434669080926736
10186,2.4244259125573886,1.0,1.1918107394502657,0.32123771715572513,0.009715932418426188,0.00957906036070235,0.9859126173557712,0.9859126173557713,12.271205329650254,13.089278355384781,1.066666069367926,1.0666660693679257,4.289125419571162,1.5537309578455116
10200,2.4277581295980135,266.4109737674108,351.35751557114025,0.3168305657475272,0.03673205427130651,0.05031601619291174,1.369812203294506,1.3698122032945061,25.61342086208445,2.9287406837861996,0.11434398784746534,0.1143439878474653,0.0028074642987070235,0.002794197434559324
10203,2.4284721761067187,182.52183605214458,70.50747603324723,0.45842892318057105,0.035227669503942176,0.04519938064099319,1.2830647407980005,1.2830647407980005,20.38344452551609,4.803745320689811,0.23566896726784622,0.23566896726784625,0.011273475704920974,0.0110119449581576
10205,2.4289482071125224,2.514052115957076,1.5824562094442827,0.15445790822509142,0.012632973463446131,0.011863721412724387,0.9391076017892702,0.9391076017892702,14.659990874683436,19.760316388189253,1.3479078232111077,1.3479078232111077,2.81006004520467,1.2422628318698248
10209,2.429900269124129,84.86001807365173,1.0025121517755136,0.39067276332485923,0.04392577881202568,0.04368819572264242,0.9945912606262494,0.9945912606262493,7.574133659345718,7.761948635583693,1.0247968922500106,1.0247968922500106,0.09261600411905178,0.029233233031666417
10217,2.4318043931473436,100.2505056797244,1.5138568244544393,0.37404936764100705,0.04345612913166126,0.043346701813030075,0.9974818898779584,0.9974818898779584,6.5439912951893735,6.619269625522636,1.0115034276388175,1.0115034276388175,0.04928156857648314,0.02116370157879315
10232,2.43537462569087,103.28546899868344,1.6587005667204866,0.3087891671374213,0.043277400651040854,0.04283154187712396,0.98969765357416,0.9896976535741601,4.556546986090778,4.7776477361107235,1.0485237507030813,1.0485237507030813,0.022146587201369857,0.010087984793605047
10245,2.438468827228593,2.0,1.0208663965878058,0.2157655263052469,0.012555993619329707,0.0120385276247625,0.9587873321494383,0.9587873321494383,15.052054221769334,18.29484072425359,1.2154381358654895,1.2154381358654893,4.409249072362721,1.4128090747791102
10249,2.4394208892402003,165.5543745931966,1.588759902647133,0.3123889269258253,0.050983386772162534,0.05043612974338045,0.9892659734193867,0.9892659734193866,3.4008462244117386,3.5727704229915855,1.0505533585569826,1.0505533585569828,0.009250938480995508,0.004100120511317165
10264,2.4429911217837263,1.8983415892940263,1.8983415892940263,0.13721148103738898,0.011191009329782176,0.010463550323735844,0.9349961219216952,0.934996121921695,8.512494795430845,11.76107629275685,1.3816250788276205,1.3816250788276203,1.0180722314443342,0.5029057272544571
10303,2.4522737263968954,1.3907152155571072,1.0748718701999704,0.3620166376036883,0.011029387524096025,0.010934887033391785,0.9914319366784616,0.9914319366784616,5.785435401402304,6.01525680148851,1.0397241320904733,1.0397241320904735,0.808325030551207,0.2701023637953582
10314,2.4548918969288147,2.5828880658937106,1.070312706197046,0.3259753211700531,0.01356681591337745,0.01337711444120198,0.9860172443271368,0.9860172443271367,18.824410491557725,20.068296905039848,1.066078372761791,1.066078372761791,5.6763231918845065,1.8902750594478535
10339,2.460842284501359,3.104878562430254,1.212020325459816,0.18964908084522136,0.014135772448613845,0.013432135408232581,0.9502229508193404,0.9502229508193404,16.840020349212466,21.37944931451732,1.2695619643664589,1.2695619643664589,3.760656919475703,1.3797435248557337
10366,2.4672687030797067,269.7578947836017,265.2128248249204,0.15667069942423018,0.03733525898546918,0.04799952751874701,1.2856353169380275,1.2856353169380277,25.048467595784008,4.215576383140507,0.1682967777178531,0.16829677771785306,0.0035243680685637163,0.003502330855442064
10377,2.469886873611626,4.591947965221175,3.625670277240568,0.2631488947568941,0.013720359062424858,0.013917307882744447,1.0143544946180716,1.0143544946180718,26.525986290753806,24.797070493234123,0.9348218091282685,0.9348218091282686,3.437434677517548,2.2904659685606723
10383,2.471314966629037,1.0377645670590714,2.2886351742678426,0.43066525420133994,0.008903457784502552,0.009048301492912244,1.0162682535162697,1.01626825351627,17.38721158672431,16.152835264517236,0.9290066543418867,0.9290066543418867,5.598980720340446,3.059922474117058
10407,2.477027338698679,1.6575744762719242,1.6567386923470926,0.22181290448691152,0.010918196512407267,0.010563348570109446,0.9674993995670825,0.9674993995670826,20.87563031958133,24.343462344111956,1.1661186738528226,1.1661186738528226,7.31159853478259,3.3280330279026535
10412,2.478217416213188,1.0,2.3231550095783384,0.1584654384256686,0.008775234572512664,0.00836749131385944,0.9535347738816659,0.9535347738816659,14.378181636827813,18.05881311310582,1.2559872707999846,1.2559872707999846,3.883780545758139,2.138621836664746
10439,2.4846438347915356,3.3674926008957935,1.6280013061365637,0.448034770912364,0.01386513704059903,0.01393880425760907,1.0053131257768555,1.0053131257768553,14.359162009472705,14.019068996864364,0.9763152604320515,0.9763152604320516,2.1801792291169932,0.9814634963581866
10441,2.4851198657973392,3.4690517092608877,2.228542013230125,0.46864803694776436,0.01336376215343392,0.013589352108169698,1.0168807220710532,1.0168807220710532,19.492123085274734,18.06128185357148,0.926593874590081,0.9265938745900812,3.2060381251307852,1.7284599540356413
10450,2.4872620053234553,1.5416467604751873,1.0169044807839984,0.4471701595555978,0.011519933171574714,0.011505673718394754,0.9987621930641799,0.9987621930641799,23.280350473976043,23.410577000516522,1.005593838747662,1.005593838747662,12.570941282075797,4.015064392528171
10455,2.4884520828379637,270.7750322276966,198.0367347756891,0.24930480143616737,0.03789696037672284,0.04984094941109282,1.3151701064053212,1.3151701064053214,25.999265442911167,4.249164825044409,0.16343403371817053,0.16343403371817053,0.005065790093545585,0.0050234419518756035
10461,2.4898801758553746,1.7127033406333134,3.08821523714372,0.3399661086385953,0.010090221881825984,0.01030352938222779,1.0211400207943897,1.0211400207943893,11.045781840751614,10.023411481740167,0.907442463217988,0.9074424632179884,1.3015726794810778,0.8155015149354764
10470,2.49202231538149,272.14232922203655,101.91014473420837,0.2613965213437168,0.03933862714249655,0.050169520478014026,1.2753246394767328,1.2753246394767328,17.140776188945786,3.826708915773313,0.2232517870597474,0.2232517870597474,0.004244267337462753,0.004175752793844607
10475,2.493212392895999,2.565201023883875,1.9774391402047073,0.2485792568061842,0.012297623984682347,0.012064743160442893,0.981062941546308,0.981062941546308,19.83848333136991,21.679192631326696,1.0927847794214256,1.0927847794214256,4.403761474818126,2.2263366857797853
10476,2.493450408398901,202.977648499615,2.825605615788111,0.3326798914757004,0.050169520478014026,0.05093174607923825,1.0151930015268584,1.0151930015268587,3.7988645900402767,3.5426562027705915,0.9325565886340348,0.9325565886340346,0.006818768866756468,0.004115205722486835
10481,2.4946404859134095,183.38806997117297,2.0058925279920086,0.32599688193768867,0.05093174607923825,0.050874411376917755,0.9988742835906059,0.9988742835906057,2.823543230350113,2.8381617776371217,1.0051773768256405,1.0051773768256402,0.005129779893725084,0.002614101325154443
10504,2.50011484248015,274.8127437321112,162.57559287744928,0.15903945200785705,0.038463529943329286,0.04839485205488435,1.2582010056328032,1.2582010056328032,14.530019564194534,3.0969566249721283,0.21314194459887548,0.21314194459887545,0.0019062798904993714,0.0018868964706018328
10632,2.530580826851576,1.0,1.2997550772564164,0.21982573059903254,0.00958158938047841,0.009217051908328448,0.9619543838005964,0.9619543838005963,15.91713705563506,19.053688317569275,1.1970549886560033,1.197054988656003,6.8777387548601165,2.6571265318637334
10652,2.535341136909612,1.0,1.105964405457905,0.11546882407984752,0.009834923657781238,0.008966835885610076,0.9117341626252132,0.9117341626252129,20.7635139511624,32.4437808037858,1.562538059795486,1.562538059795486,12.780505502911724,4.368827564978561
10671,2.5398634314647452,1.0609815398318527,4.825398754803378,0.10570242679192374,0.008117467934032278,0.007798983675783362,0.9607655662040032,0.9607655662040032,27.768077311391433,34.05675380287545,1.2264714413231694,1.2264714413231694,7.943735212564882,5.803687343439597
10701,2.5470038965517983,276.5031127405715,688.1783492557109,0.22853092720871376,0.036263437410562684,0.04981443106268911,1.3736819954133566,1.3736819954133566,23.28065480301729,2.1104852310803213,0.09065403223996912,0.09065403223996911,0.0011567941690597257,0.0011539980022522006
10757,2.560332764714297,1.4964925949130754,1.2773471470309854,0.2761136637909399,0.010990092867460974,0.010742467617369793,0.9774683205067046,0.9774683205067047,11.220636438976916,12.455569402013545,1.1100590835246087,1.110059083524609,2.6380724191898697,1.0063588925657885
10758,2.560570780217199,276.90490264436556,164.40219957222524,0.4539329392449037,0.03853869439597171,0.051788538906767816,1.343806263249568,1.3438062632495684,22.06208468451935,3.4351067619003146,0.1557018210663782,0.15570182106637823,0.004324428631203018,0.0042809416259912015
10771,2.563664981754922,2.33021561140364,5.306537440180907,0.4111588767199746,0.010429227284197092,0.011106339526158662,1.0649244880287119,1.0649244880287119,20.758540445311716,15.410174297577873,0.7423534587210459,0.7423534587210459,2.426997129028685,1.8201325647514384
10791,2.5684252918129573,2.464009342389554,1.7849689402402489,0.28703748025128617,0.012320569934324677,0.012164255076222763,0.9873126925998427,0.9873126925998423,24.74336366170421,26.23922838114423,1.0604551887080413,1.0604551887080418,7.523147390125207,3.5844023180937024
10824,2.5762798034087155,1.3280674907855363,2.248008033660484,0.4788600366789891,0.009691396976654013,0.009860905634859186,1.0174906320124446,1.0174906320124446,9.143423450686585,8.449075321161274,0.9240603770272532,0.9240603770272531,1.3299985212335506,0.720254142939226
10846,2.5815161444725545,1.561982207471885,1.9143730241835777,0.45218764510720577,0.010473528051872641,0.010583075906342556,1.0104594988362425,1.0104594988362423,23.854266440579103,22.754062829562066,0.9538781201359664,0.9538781201359664,9.054551747136879,4.494375292240579
10849,2.5822301909812597,1.6498425272834838,1.7965581425018171,0.4174259804390753,0.010768149822275846,0.010835943059302262,1.0062957182195007,1.0062957182195007,12.292080928889764,11.946946033372953,0.9719221751375189,0.9719221751375189,2.4158093414695334,1.15546917147807
10958,2.608173880797552,1.1217041428787677,1.0431937507457831,0.39695254301110733,0.010317537701209967,0.010268569390686499,0.9952538762695555,0.9952538762695554,22.348032260612268,22.833221355356827,1.0217105957735568,1.021710595773557,14.135597220631968,4.610413417521731
10964,2.609601973814963,278.5892165000492,319.44994278500315,0.4454274955098908,0.037432654058878814,0.05182262989363173,1.384423071153826,1.3844230711538261,16.878204738812375,1.8940863835883652,0.11222084415369175,0.11222084415369174,0.001301108313967475,0.0012943482647756659
10978,2.6129341908555874,2.740935036661232,1.6305315685502815,0.38899780482475943,0.012942502128919413,0.012954816534534026,1.0009514702406033,1.0009514702406035,25.387193959000527,25.27789050043965,0.9956945435270476,0.9956945435270474,7.809994702958398,3.5193319195653685
10987,2.6150763303817035,279.46130686284994,103.4346064091265,0.4273691237325218,0.03965361636025579,0.051935293505129945,1.3097240118856823,1.3097240118856828,20.644538719141806,4.064009648244067,0.19685640369750088,0.19685640369750088,0.005960492680931722,0.005865673413346438
10993,2.616504423399114,161.57531647421172,1.3398976305688186,0.17170721103278624,0.051935293505129945,0.04902637341643106,0.943989532120165,0.9439895321201648,3.6888563836818427,4.8388759873746165,1.3117550492830357,1.3117550492830357,0.01223866302335757,0.004832723109546739
11000,2.6181705319194264,233.7136802385272,4.823867232978686,0.3843751579024759,0.04902637341643106,0.051742670831934484,1.0554048204306514,1.0554048204306514,4.434640386589876,3.4380238979772164,0.775265545403326,0.7752655454033262,0.005556226531483194,0.004059006480383239
11020,2.6229308419774613,1.843124784322113,1.282758999041025,0.3476583438797219,0.011772480568020917,0.0116666437019613,0.9910098075381739,0.9910098075381739,14.744495225546515,15.36131858459593,1.0418341455311877,1.0418341455311873,3.9551286296395975,1.5134530626765896
11052,2.630547338070318,282.1631231752499,131.8728552377475,0.3629156604737479,0.03923763470493268,0.05174099496226173,1.3186573388369205,1.3186573388369205,23.80971167189512,4.2795120553120825,0.17973808815012238,0.17973808815012238,0.006191594694831647,0.00611412653887208
11058,2.631975431087729,181.12485108496247,1.7554611412872236,0.35386899207919986,0.05174099496226173,0.051677767994669464,0.9987780102095374,0.9987780102095373,3.50826212067015,3.5278637796806347,1.0055872846259106,1.0055872846259102,0.008711008424949625,0.004108941736328408
11061,2.632689477596434,100.60593946100242,58.48754891916041,0.3765166038888841,0.02924559758706744,0.03686629601060483,1.2605759174812452,1.2605759174812452,19.49838203298379,5.173681609178675,0.2653390214853103,0.2653390214853103,0.01844531226622193,0.017931429900704576
11062,2.6329274930993356,183.69684409140808,2.8793239420614927,0.2835729458771446,0.04840204188954542,0.048714239517220814,1.0064500920929706,1.0064500920929706,3.021762895110696,2.9324540478434376,0.970444786580786,0.970444786580786,0.004547376797153379,0.0027668465751063452
11063,2.6331655086022376,177.31243382055266,177.31243382055266,0.21528922573934645,0.03308987034890629,0.042824757597924326,1.294195388086185,1.2941953880861847,23.66390410376497,4.299405509709442,0.18168622940900941,0.18168622940900941,0.006211965786370976,0.006154011835432287
11074,2.635783679134157,108.57175874166886,2.818035539093939,0.42228852969319874,0.040740257792803006,0.04178454026952212,1.025632691919382,1.0256326919193821,5.999767453576386,5.340815142341866,0.8901703580458395,0.8901703580458394,0.025863163016822434,0.015590467416860425
11076,2.6362597101399605,139.9236880036274,2.252535190551805,0.26362238204177385,0.04575979044274769,0.04530661581932356,0.990096663052006,0.990096663052006,6.575802156974329,6.886857497500587,1.047303026018864,1.047303026018864,0.030794890237360116,0.016694034034133925
11076,2.6362597101399605,0.7662524037923771,1.3513166613941556,0.4126181108696168,0.008713868072061311,0.008705731347218457,0.9990662327251726,0.9990662327251729,8.510755570254178,8.546752805084347,1.0042296168105196,1.0042296168105196,2.2967191826129354,0.9123985396763906
11077,2.636497725642862,148.77920807823344,1.7507368724419288,0.49169831978848,0.048476698653244756,0.048891515767267135,1.0085570413321578,1.0085570413321578,3.770560847052951,3.627915884082198,0.9621687677889501,0.9621687677889501,0.011492081920287866,0.005411924912843387
11085,2.6384018496660766,118.82065947548753,2.2308379071992532,0.19565902527733345,0.04339348223355774,0.042009476568273876,0.9681056786861516,0.9681056786861514,4.733143705882675,5.515672724678532,1.165329655599359,1.165329655599359,0.0179110174031695,0.009661435647874505
11095,2.6407820046950943,253.35322857487714,7.524669763262256,0.2519964007646737,0.047783660063279595,0.05077187053267325,1.0625362407449823,1.0625362407449823,2.766440470293105,2.0503994421938856,0.7411688283958068,0.7411688283958064,0.0013998391952192652,0.0011370021455931593
11106,2.6434001752270135,4.3168112881493865,3.5860694456007214,0.34260286265598294,0.013460103476485576,0.01386718735073467,1.030243740321927,1.0302437403219267,30.816358738002574,26.812705870054586,0.870080274506582,0.8700802745065822,4.876152990372456,3.2362403701308446
11118,2.646256361261835,287.0229093111435,521.7259471732035,0.1586540633672957,0.03707884570274611,0.049022560289198554,1.3221166775849194,1.3221166775849194,23.413208512630835,2.8002395949939762,0.1196008481060303,0.11960084810603033,0.001504645242329729,0.0014998508704412784
11153,2.6545869038633967,3.0004693738284134,1.5535454093623122,0.1626511479798977,0.013438330766095892,0.012667640444107751,0.9426498472613469,0.942649847261347,18.307760608651346,24.214295311915542,1.3226246415125757,1.3226246415125755,3.9391097646270854,1.7206743864625458
11192,2.6638695084765653,2.566352472963819,2.565978506279369,0.26037255812352234,0.011845799593985629,0.011786654722901038,0.9950071018325669,0.9950071018325668,17.72934259025098,18.148314846037493,1.0236315731197443,1.0236315731197443,2.9357992646903623,1.69635540070971
11217,2.6698198960491095,287.5730504549112,109.01673158237094,0.38057624757088615,0.039911520726338995,0.05220824797588483,1.30809969216309,1.3080996921630903,19.932603789587628,3.8961629031374287,0.1954668313415582,0.1954668313415582,0.0051748912041132645,0.00509673345266592
11249,2.677436392141966,290.2109304049042,70.27461981831816,0.11409102054222081,0.04112541200486547,0.04807488773462365,1.1689825193468215,1.1689825193468213,19.894709615207926,7.360065226965369,0.3699508748466066,0.36995087484660666,0.00790912560786811,0.007725047022864039
11267,2.6817206711941974,260.75898017618846,7.764931676896846,0.2763763571645941,0.04807488773462365,0.05152483112725552,1.071761860613711,1.0717618606137111,4.843867941834359,3.4435449836449847,0.7109081058764215,0.7109081058764214,0.004094559830498047,0.0033459727080973867
11338,2.698619771900223,294.34059956789923,225.8985265460401,0.40260034260321775,0.03872095957128314,0.05264834710579741,1.3596860121422023,1.3596860121422023,25.736655386151877,3.476222579582845,0.13506893290622746,0.13506893290622746,0.004118791196966841,0.00408858138294596
11356,2.702904050952455,295.6435766349405,335.4609977085732,0.2423981987383433,0.038102626183175635,0.051184129148756696,1.3433228697332482,1.3433228697332484,20.824313657010443,2.6452808737200786,0.1270284782149136,0.12702847821491356,0.0018131137428302121,0.001804141346317008
11438,2.7224213221904,1.3462915611671733,1.3462915611671733,0.44218631125386854,0.010520982605589254,0.010530972297293342,1.0009495017793093,1.0009495017793093,17.45450414304286,17.3799237997996,0.9957271577220377,0.9957271577220378,6.648714031472672,2.6343060470384594
11445,2.7240874307107124,1.4610065397667353,1.0194756504954772,0.4242839202748414,0.011310717475913282,0.011281766714008941,0.9974404133101199,0.9974404133101197,15.32084139177308,15.49886723169213,1.0116198474592033,1.0116198474592035,5.6358036715027815,1.8037911403473168
11453,2.725991554733926,0.4288302435063418,1.0549699612533494,0.1554675747871011,0.0074743321305317835,0.006983033366760321,0.9342685399589665,0.9342685399589665,20.334404355559588,28.049036537284813,1.3793881564874058,1.3793881564874053,22.0901083107469,7.270911724249789
11465,2.7288477407687473,1.4103210853426222,1.8510518104774272,0.1662115678266693,0.010173863383146835,0.009655106493627058,0.9490108260762469,0.9490108260762469,16.338031161688804,20.94331100866058,1.2818748355536704,1.28187483555367,4.647788404332674,2.262570515558326
11475,2.731227895797765,3.629215888318846,1.2504561076239706,0.28322544659224635,0.01481587996367894,0.014502309395401782,0.9788355083163556,0.9788355083163556,36.48732248833534,40.23909917535883,1.1028241161905727,1.1028241161905725,15.638757948868264,5.8730734611192625
11479,2.7321799578093726,296.5248819987664,63.337900665213276,0.42000179647618274,0.041706323060503155,0.05305127650430138,1.2720199866897919,1.2720199866897919,13.163997827880912,3.299239553214323,0.250625956973849,0.2506259569738489,0.003781510469364318,0.0036840592394465975
11544,2.747650965497987,1.8111749350790973,1.0903098791315078,0.26718814484497355,0.012016377569082654,0.011702718261932738,0.9738973492346862,0.973897349234686,25.2983967085431,28.559622552944152,1.1289103764943238,1.1289103764943242,12.864682568382193,4.348083390942084
11549,2.748841043012496,301.2065162001605,324.6579583368846,0.49138201495196454,0.038393047161734584,0.053256873358681144,1.3871489057466888,1.387148905746689,33.29807394879369,3.685233066565436,0.11067406097519772,0.11067406097519773,0.004730397530821083,0.004706212882129027
11611,2.7635980041924055,302.13428189468755,181.33336571753333,0.12229981252332234,0.03947841559999388,0.048866440348814655,1.2378014569769673,1.2378014569769675,21.661532768363482,4.882878358382174,0.22541702891466592,0.22541702891466586,0.003568148322751098,0.00353559237589662
11634,2.769072360759146,303.8004632987504,186.3006826237913,0.37940367268897984,0.0394975982282086,0.0530984499032765,1.3443462966149262,1.3443462966149264,23.163673728425067,3.4787237010827554,0.15018013730757548,0.15018013730757546,0.003957436122374039,0.0039222841859907825
11651,2.7731186243084758,2.4355059661182743,4.335802887405014,0.4212878389434368,0.010852680042936222,0.011411808126890792,1.051519816463998,1.0515198164639983,21.078073623738543,16.658854643521142,0.7903404713777833,0.7903404713777835,2.871661693083095,2.0319648722865535
11661,2.7754987793374934,305.43116297746406,331.5147512606999,0.31826712115373035,0.0385376982840596,0.052678348358747226,1.3669303228868925,1.366930322886892,25.068333201456532,2.9468834730351845,0.1175540252059504,0.11755402520595039,0.002601527694998842,0.0025885011105605815
11666,2.7766888568520023,2.681886772768004,2.3129824870341498,0.353989956259236,0.012199601233723302,0.012308727216948177,1.0089450450989512,1.0089450450989512,16.885173809048297,16.209046287945917,0.9599573253584123,0.9599573253584124,2.7833147560368015,1.529270564592882
11717,2.7888276474999927,306.352482954376,123.45108192662731,0.3625417975787372,0.040475579896231614,0.05318570925208356,1.3140196975172997,1.3140196975172995,20.755290065409284,3.8545411121479383,0.18571367106894388,0.1857136710689439,0.004755271871300343,0.004691759314935952
11733,2.7926358955464208,308.8340528051486,118.32973787284077,0.10164753946309017,0.04068111799611889,0.04851952238367238,1.1926791782935096,1.1926791782935096,22.125121741759184,6.674398264682652,0.3016660582746229,0.3016660582746229,0.005605356185753963,0.0055272856257836235
11742,2.794778035072537,279.7864813308535,8.837916444235384,0.2087204241892902,0.04851952238367238,0.05145188521789387,1.0604367621559334,1.0604367621559332,6.134769838373066,4.56165711129961,0.743574287460042,0.743574287460042,0.005583068421565394,0.004669648808125627
11777,2.8031085776740987,1.0,1.001250511363934,0.24732240565911062,0.009997917550237101,0.009682641742959087,0.9684658524443885,0.9684658524443884,23.632036017215942,27.38639288536448,1.1588672624488845,1.158867262448884,17.42200660425599,5.493304406159307
11799,2.8083449187379372,2.4949756736438493,1.955727527004951,0.4680224580401,0.012204283373106264,0.012348088579482698,1.0117831749706276,1.0117831749706279,29.164970655813782,27.65485119831261,0.948221464875702,0.9482214648757021,9.766639655477348,4.907026669250966
11867,2.8245299729352578,1.0,1.6347792893957036,0.24732049818859653,0.009244406412173584,0.009012302506325632,0.9748925030446192,0.974892503044619,12.646900009818452,14.224411472171678,1.1247350308082233,1.1247350308082236,3.789843523202518,1.7105906313285877
11943,2.8426191511557914,2.1653033218526234,2.1653033218526234,0.2113809324529747,0.011468589404533932,0.011155797806571433,0.9727262362502191,0.9727262362502194,12.110143486959574,13.788809927256096,1.1386165607454728,1.1386165607454728,1.7282295755830483,0.9178543716422006
11947,2.8435712131673987,311.4439973411284,207.01998447402335,0.45596131970337234,0.03962113931974836,0.053840034903880146,1.3588714466129617,1.3588714466129617,22.389663461467954,3.1093510106258564,0.13887439692771492,0.1388743969277149,0.0032744179483418265,0.003248225207061259
11951,2.844523275179006,170.2560413229947,1.1931684921224337,0.39590476522638274,0.053840034903880146,0.05362283127315558,0.9959657598455807,0.9959657598455807,2.5228765349254787,2.56937100078476,1.018429148321622,1.018429148321622,0.005898147913244157,0.0021384476529918866
11980,2.851425724763157,1.1888505677670111,1.6452841347498195,0.14785993449884957,0.009783538617439348,0.009164177011926762,0.9366934981573476,0.9366934981573478,9.772875742130221,13.350261030132435,1.3660524683211046,1.3660524683211048,2.008560559234682,0.9102609281699626
12005,2.857376112335701,2.5445653666634387,1.0591128562459344,0.49398136285120947,0.013522823898812734,0.013523844954809454,1.0000755061224165,1.0000755061224165,16.232736568328857,16.22722179797604,0.99966026859799,0.9996602685979903,4.286389249876458,1.4153431799280458
12030,2.8633264999082457,312.9484124734762,429.87124794251787,0.10843775816845132,0.03844439321766109,0.04889783791017761,1.2719107733950208,1.2719107733950212,26.526125822250286,4.105153593626342,0.15475888266287696,0.15475888266287696,0.0022118159439090844,0.0022032669694228547
12169,2.8964106548115907,313.6764174609494,443.73290570607907,0.387799226568312,0.0384268111014347,0.05366108920321856,1.3964491891239728,1.3964491891239728,26.956137039896685,2.6204073152623026,0.09721004576375109,0.09721004576375111,0.002209490564201445,0.0022012165564440802
12322,2.932827026755561,2.4962185541829176,6.1991064130224505,0.11270127171868312,0.010474843156239559,0.010294424300197669,0.9827759849621787,0.9827759849621787,12.440058039431795,13.605328157967985,1.0936707943678865,1.0936707943678867,0.7293038377935064,0.5684068846398679
12457,2.9649591196472995,1.0,1.4435142969936088,0.38775628958925346,0.009424147941292805,0.009405220295232906,0.9979915801218522,0.997991580121852,17.323125896714515,17.48156584737867,1.0091461524674483,1.009146152467448,7.667168169866762,3.1889325324092757
12550,2.987094561417164,314.3833211262564,303.34816375040793,0.293321843740596,0.03905815441843768,0.05293030376118131,1.3551665343459032,1.3551665343459034,23.454018445917857,2.9480457910841005,0.1256946990931187,0.12569469909311873,0.0024405527042960255,0.0024272024307474436
12554,2.9880466234287706,2.5721836164093226,1.9745834377082168,0.4242792788441957,0.01231140202838674,0.012434353595223428,1.0099868046346951,1.0099868046346954,23.706753046373876,22.65957832687249,0.9558279989902895,0.9558279989902896,6.283197352804417,3.1739220638620442
